CPNC AS ON -042018,,,,,
,,,,,
,,Total,73496146.39,0.00,0.00
,,,,,
15-03-2008,,72647,4197.20,,
09-04-2008,,3363593,796.00,,
16-04-2008,,86529,3757.00,,
08-05-2008,,377269,9191.00,,
31-05-2008,,107176,886.00,,
31-05-2008,,216429,963.50,,
31-05-2008,,137053,2826.00,,
31-05-2008,,704493,2838.00,,
03-02-2009,,764959,448.40,,
06-02-2009,,939235,5419.00,,
09-02-2009,,45177,110.00,,
09-02-2009,,175782,409.00,,
09-02-2009,,13356,499.00,,
09-02-2009,,13795,499.00,,
09-02-2009,,512314,557.00,,
09-02-2009,,37463000,776.00,,
09-02-2009,,135973,2255.00,,
09-02-2009,,428644,2591.00,,
09-02-2009,,22553000,4700.00,,
09-02-2009,,802467,5416.00,,
09-02-2009,,16547620,5705.00,,
11-02-2009,,679031,7595.00,,
12-02-2009,,5758736,853.00,,
12-02-2009,,5758735,859.00,,
12-02-2009,,621123,1207.50,,
12-02-2009,,125673,1319.00,,
12-02-2009,,99283,1366.00,,
12-02-2009,,323134,3107.00,,
12-02-2009,,3889710,5544.00,,
12-02-2009,,20231,7404.00,,
12-02-2009,,0,9782.72,,
13-02-2009,,721245,3920.00,,
13-02-2009,,3714297,9709.00,,
14-02-2009,,343141,822.00,,
14-02-2009,,310367,1163.00,,
14-02-2009,,660283,3136.00,,
14-02-2009,,3820436,3178.00,,
14-02-2009,,930338,5416.00,,
14-02-2009,,81469,6285.00,,
16-02-2009,,84771,250.00,,
16-02-2009,,3341815,2038.00,,
16-02-2009,,9113803,5000.00,,
17-03-2009,,287230,1619.00,,
17-03-2009,,664563,1767.00,,
17-03-2009,,664213,3418.00,,
03-07-2009,,13729,854.00,,
03-07-2009,,979093,2236.00,,
03-07-2009,,64707,4157.00,,
03-07-2009,,66560,8126.00,,
24-12-2009,,109735,2579.00,,
24-12-2009,,386531,4642.00,,
24-12-2009,,726243,5441.00,,
26-12-2009,,713355,2041.00,,
26-12-2009,,740424,2516.00,,
26-12-2009,,699018,4698.00,,
26-12-2009,,301662,5861.00,,
26-12-2009,,827301,9352.00,,
29-12-2009,,622514,1441.00,,
29-12-2009,,263295,2855.00,,
29-12-2009,,295306,3258.00,,
30-12-2009,,184749,1215.00,,
30-12-2009,,694692,1459.00,,
30-12-2009,,80822,1516.00,,
30-12-2009,,920786,2668.00,,
30-12-2009,,491625,3257.00,,
30-12-2009,,188337,3576.00,,
30-12-2009,,90223,4662.00,,
30-12-2009,,74679,8196.00,,
06-01-2010,,121709,716.00,,
06-01-2010,,597660,1648.00,,
07-01-2010,,110283,496.00,,
07-01-2010,,927121,1006.00,,
07-01-2010,,43099,1223.00,,
07-01-2010,,212886,1561.00,,
12-01-2010,,308708,811.00,,
06-02-2010,,308706,811.00,,
07-03-2010,,181828,1798.00,,
12-03-2010,,295311,3258.00,,
12-03-2010,,35552,5300.00,,
27-03-2010,,548931,1247.00,,
27-03-2010,,17759,1409.00,,
27-03-2010,,564990,2320.00,,
27-03-2010,,425863,2637.00,,
27-03-2010,,5443,3567.00,,
27-03-2010,,548932,5423.00,,
27-03-2010,,763120,7299.00,,
29-03-2010,,237187,1024.00,,
29-03-2010,,174920,4713.00,,
30-03-2010,,303320,836.00,,
30-03-2010,,303319,1644.00,,
30-03-2010,,303321,4202.00,,
30-03-2010,,303322,6215.00,,
31-03-2010,,679568,1395.00,,
31-03-2010,,74249,1655.50,,
06-04-2010,,719028,1567.00,,
12-04-2010,,2927,245.00,,
12-04-2010,,300012,653.50,,
21-04-2010,,242254,1800.00,,
29-04-2010,,686600,671.00,,
30-04-2010,,231153,876.00,,
30-04-2010,,855090,3258.00,,
05-05-2010,,909655,1349.00,,
10-05-2010,,264559,2878.00,,
10-05-2010,,691593,3554.00,,
10-05-2010,,488098,4421.00,,
10-05-2010,,540313,6965.00,,
10-05-2010,,883399,14596.00,,
10-05-2010,,890802,16344.00,,
14-05-2010,,992950,429.00,,
14-05-2010,,992949,1421.00,,
17-05-2010,,565581,501.30,,
17-05-2010,,546322,533.00,,
17-05-2010,,566529,825.00,,
20-05-2010,,567683,841.00,,
20-05-2010,,501625,1184.00,,
26-05-2010,,787522,689.00,,
04-06-2010,,567133,709.50,,
04-06-2010,,574615,827.00,,
04-06-2010,,75116,964.00,,
04-06-2010,,567134,1004.80,,
04-06-2010,,565152,1868.70,,
04-06-2010,,549307,3400.00,,
04-06-2010,,565153,7724.00,,
19-06-2010,,31624,782.00,,
22-06-2010,,231259,494.00,,
28-06-2010,,159430,160.00,,
28-06-2010,,126704,199.00,,
28-06-2010,,147475,243.00,,
28-06-2010,,2785,596.00,,
28-06-2010,,131058,731.00,,
30-06-2010,,146017,243.00,,
30-06-2010,,49453,361.00,,
30-06-2010,,212896,722.00,,
30-06-2010,,93378,731.00,,
30-06-2010,,789966,1874.00,,
30-06-2010,,788058,1995.00,,
04-07-2010,,567256,4072.00,,
12-07-2010,,750038,3409.00,,
04-08-2010,,76604,3659.00,,
12-08-2010,,116830,4728.00,,
26-08-2010,,22418,456.00,,
27-08-2010,,34796,919.00,,
31-08-2010,,67947,855.00,,
04-09-2010,,278985,3362.00,,
07-09-2010,,681939,171.00,,
04-10-2010,,680855,3421.00,,
05-10-2010,,986403,515.00,,
10-11-2010,,989950,1738.30,,
10-11-2010,,286641,4098.00,,
04-12-2010,,184651,1837.00,,
22-12-2010,,223506,2257.00,,
23-12-2010,,52078,5227.00,,
24-12-2010,,225719,3337.00,,
27-12-2010,,113482,2069.00,,
27-12-2010,,3439438,6315.00,,
28-12-2010,,728979,1634.00,,
29-12-2010,,14429,3226.00,,
30-12-2010,,5445333,822.00,,
30-12-2010,,83,1404.00,,
30-12-2010,,893188,3337.00,,
31-12-2010,,560269,5175.00,,
03-01-2011,,541808,1006.00,,
03-01-2011,,1423,1006.00,,
09-01-2011,,258373,5000.00,,
24-01-2011,,821267,2082.00,,
25-02-2011,,760134,1153.00,,
25-02-2011,,760357,1153.00,,
28-02-2011,,335807,5099.00,,
02-03-2011,,8561,250.00,,
03-05-2011,,44329,1795.00,,
03-05-2011,,735266,3039.00,,
20-06-2011,,94647,822.00,,
28-06-2011,,12705,3062.00,,
30-06-2011,,78061,3062.00,,
30-06-2011,,567507,4838.00,,
14-07-2011,,45675,311.61,,
20-07-2011,,113756,5301.00,,
21-07-2011,,233059,3000.00,,
23-07-2011,,753341,9222.00,,
25-07-2011,,113755,1377.00,,
25-07-2011,,113754,7338.00,,
25-07-2011,,120970,9141.00,,
01-08-2011,,90228,3136.00,,
03-08-2011,,819414,3221.00,,
11-09-2011,,235609,37745.00,,
16-09-2011,,742824,38450.00,,
01-10-2011,,39999,722.00,,
01-10-2011,,910734,722.00,,
01-10-2011,,910798,722.00,,
01-10-2011,,724819,1778.00,,
01-10-2011,,43428,1795.00,,
11-10-2011,,3873024,12010.00,,
31-10-2011,,758920,19223.00,,
31-10-2011,,505104,40000.00,,
26-11-2011,,746757,410.00,,
26-11-2011,,746586,3600.00,,
28-11-2011,,1875,1227.00,,
28-11-2011,,1875,1413.00,,
28-11-2011,,1875,1663.00,,
28-11-2011,,1875,1965.00,,
29-11-2011,,918768,5557.00,,
12-12-2011,,218898,2880.00,,
24-12-2011,,11045,4502.00,,
02-04-2018,1,359837,2058.00,,
02-04-2018,2,23021,3930.00,,
02-04-2018,2,208547,30519.00,,
02-04-2018,2,372458,9608.00,,
02-04-2018,2,375104,12010.00,,
02-04-2018,2,383568,12010.00,,
02-04-2018,2,649250,3780.00,,
02-04-2018,2,649251,6125.00,,
02-04-2018,2,736778,801.00,,
02-04-2018,2,855322,42730.00,,
02-04-2018,2,855323,25042.00,,
02-04-2018,2,941705,6375.00,,
02-04-2018,3,62,7279.00,,
02-04-2018,3,16630,1695.00,,
02-04-2018,3,843553,7817.00,,
02-04-2018,3,915849,10939.00,,
02-04-2018,4,282,48477.00,,
02-04-2018,6,0,253647.00,,
03-04-2018,13,18939,11068.00,,
03-04-2018,14,23024,1357.00,,
03-04-2018,14,26729,810.00,,
03-04-2018,14,60272,3609.00,,
03-04-2018,14,223525,7938.00,,
03-04-2018,14,567921,23418.00,,
03-04-2018,14,567922,32448.00,,
03-04-2018,14,662808,7843.00,,
03-04-2018,14,664807,5340.00,,
03-04-2018,14,739956,13966.00,,
03-04-2018,14,831836,44520.00,,
03-04-2018,14,831849,12302.00,,
03-04-2018,14,900814,7928.00,,
03-04-2018,15,66998,4446.00,,
03-04-2018,15,80274,9545.00,,
03-04-2018,15,136921,3485.00,,
03-04-2018,15,214695,43209.00,,
03-04-2018,15,224383,1290.00,,
03-04-2018,15,366662,2553.00,,
03-04-2018,15,422024,1020.00,,
03-04-2018,15,575144,7669.00,,
03-04-2018,15,690372,10134.00,,
03-04-2018,15,753079,4618.00,,
03-04-2018,15,754496,10001.00,,
03-04-2018,15,838088,14011.00,,
03-04-2018,15,890534,31292.00,,
03-04-2018,16,12,6124.00,,
03-04-2018,16,77815,7465.00,,
03-04-2018,16,124412,12782.00,,
03-04-2018,16,334681,27363.00,,
03-04-2018,16,372978,1531.00,,
03-04-2018,16,754497,14946.00,,
03-04-2018,17,0,730784.00,,
04-04-2018,30,27,6800.00,,
04-04-2018,30,46,26114.00,,
04-04-2018,30,41164,17593.00,,
04-04-2018,30,80142,12429.00,,
04-04-2018,30,80143,12010.00,,
04-04-2018,30,134236,10179.00,,
04-04-2018,30,214476,2450.00,,
04-04-2018,30,373078,20094.00,,
04-04-2018,30,515972,4200.00,,
04-04-2018,30,670629,8424.00,,
04-04-2018,30,860053,5701.00,,
04-04-2018,30,961572,15598.00,,
04-04-2018,30,961573,12253.00,,
04-04-2018,31,6911,6181.00,,
04-04-2018,31,8464,14523.00,,
04-04-2018,31,102298,6081.00,,
04-04-2018,31,328668,12010.00,,
04-04-2018,31,372111,2332.00,,
04-04-2018,31,423114,5337.00,,
04-04-2018,31,628019,12963.00,,
04-04-2018,32,170377,38878.00,,
04-04-2018,32,259677,29459.00,,
04-04-2018,33,1262,3382.00,,
04-04-2018,33,156902,6387.00,,
04-04-2018,33,162994,14919.00,,
04-04-2018,33,162995,6984.00,,
04-04-2018,33,225379,31078.00,,
04-04-2018,33,265520,9007.00,,
04-04-2018,33,269652,27603.00,,
04-04-2018,33,275444,4920.00,,
04-04-2018,33,365861,20102.00,,
04-04-2018,33,378323,20828.00,,
04-04-2018,33,421329,6272.00,,
04-04-2018,33,540662,14000.00,,
04-04-2018,33,795823,6005.00,,
04-04-2018,34,363313,4324.00,,
04-04-2018,34,571701,33127.00,,
04-04-2018,34,883123,16630.00,,
04-04-2018,34,883125,13944.00,,
04-04-2018,35,0,1066332.00,,
05-04-2018,41,75,13608.00,,
05-04-2018,41,10024,1850.00,,
05-04-2018,41,11384,3253.00,,
05-04-2018,41,31419,1565.00,,
05-04-2018,41,120905,26195.00,,
05-04-2018,41,154043,14094.00,,
05-04-2018,41,367528,7236.00,,
05-04-2018,41,383210,5147.00,,
05-04-2018,41,524443,23025.00,,
05-04-2018,41,606957,23563.00,,
05-04-2018,41,756838,23502.00,,
05-04-2018,41,903804,70978.00,,
05-04-2018,41,999719,173841.00,,
05-04-2018,42,331360,22369.00,,
05-04-2018,42,485518,11889.00,,
05-04-2018,42,511400,1629.00,,
05-04-2018,42,511401,2820.00,,
05-04-2018,42,667446,9490.00,,
05-04-2018,42,813218,6523.00,,
05-04-2018,43,9,2720.00,,
05-04-2018,43,166,21924.00,,
05-04-2018,43,2850,20888.00,,
05-04-2018,43,17785,7110.00,,
05-04-2018,43,78033,6698.00,,
05-04-2018,43,102315,672.00,,
05-04-2018,43,160273,49711.00,,
05-04-2018,43,278160,5384.00,,
05-04-2018,43,591920,15502.00,,
05-04-2018,43,652968,6964.00,,
05-04-2018,43,652969,8260.00,,
05-04-2018,43,827331,9885.00,,
05-04-2018,43,853976,6184.00,,
05-04-2018,44,1,6076.00,,
05-04-2018,44,2,2512.00,,
05-04-2018,44,3,1392.00,,
05-04-2018,44,23512,7363.00,,
05-04-2018,44,42522,7432.00,,
05-04-2018,44,56107,4312.00,,
05-04-2018,44,194838,1904.00,,
05-04-2018,44,261578,27492.00,,
05-04-2018,44,506313,3019.00,,
05-04-2018,44,645996,1646.00,,
05-04-2018,44,752949,20015.00,,
05-04-2018,44,768066,13133.00,,
05-04-2018,45,0,853213.00,,
06-04-2018,48,0,1025751.00,,
06-04-2018,50,2051,23223.00,,
06-04-2018,50,11873,2006.00,,
06-04-2018,50,15674,3032.00,,
06-04-2018,50,25424,12629.00,,
06-04-2018,50,27953,46855.00,,
06-04-2018,50,54805,3834.00,,
06-04-2018,50,261702,12967.00,,
06-04-2018,50,336134,8095.00,,
06-04-2018,50,367529,6210.00,,
06-04-2018,50,436465,7804.00,,
06-04-2018,50,795023,2453.00,,
06-04-2018,50,933055,1991.00,,
06-04-2018,51,294,7187.00,,
06-04-2018,51,193116,10103.00,,
06-04-2018,51,282179,41744.00,,
06-04-2018,51,428093,11198.00,,
06-04-2018,51,517398,1850.00,,
06-04-2018,51,949889,3062.00,,
06-04-2018,52,19,1337.00,,
06-04-2018,52,10415,660.00,,
06-04-2018,52,16281,8575.00,,
06-04-2018,52,105730,1880.00,,
06-04-2018,52,219892,17933.00,,
06-04-2018,52,323568,12060.00,,
06-04-2018,52,380970,3397.00,,
06-04-2018,52,466254,7206.00,,
06-04-2018,52,533636,4201.00,,
06-04-2018,52,561281,8498.00,,
06-04-2018,52,687650,6005.00,,
06-04-2018,52,757211,14180.00,,
06-04-2018,52,938597,3232.00,,
06-04-2018,53,10,6005.00,,
06-04-2018,53,30244,14251.00,,
06-04-2018,53,126201,33680.00,,
06-04-2018,53,159691,8000.00,,
06-04-2018,53,338171,12720.00,,
06-04-2018,53,470303,37796.00,,
06-04-2018,53,757704,11480.00,,
06-04-2018,53,969449,28703.00,,
07-04-2018,61,226041,35537.00,,
07-04-2018,62,5,40551.00,,
07-04-2018,62,7178,35505.00,,
07-04-2018,62,14707,11137.00,,
07-04-2018,62,15245,14325.00,,
07-04-2018,62,443399,10018.00,,
07-04-2018,62,516966,40522.00,,
07-04-2018,62,533566,11494.00,,
07-04-2018,62,792371,5970.00,,
07-04-2018,63,30,21289.00,,
07-04-2018,63,1982,8675.00,,
07-04-2018,63,9548,5582.00,,
07-04-2018,63,34217,41704.00,,
07-04-2018,63,53726,104486.00,,
07-04-2018,63,67530,18578.00,,
07-04-2018,63,80855,15250.00,,
07-04-2018,63,126202,24216.00,,
07-04-2018,63,181502,76978.00,,
07-04-2018,63,306569,29329.00,,
07-04-2018,63,357678,24312.00,,
07-04-2018,64,0,574940.00,,
09-04-2018,75,0,1805342.00,,
09-04-2018,76,18,952.00,,
09-04-2018,76,256264,4716.00,,
09-04-2018,76,308390,7854.00,,
09-04-2018,76,461393,23028.00,,
09-04-2018,76,507110,7183.00,,
09-04-2018,76,522584,47880.00,,
09-04-2018,76,547089,7964.00,,
09-04-2018,76,611472,45956.00,,
09-04-2018,76,677650,22572.00,,
09-04-2018,76,678622,6866.00,,
09-04-2018,76,877639,10510.00,,
09-04-2018,76,879373,29961.00,,
09-04-2018,76,982033,20846.00,,
09-04-2018,77,83857,27331.00,,
09-04-2018,77,205206,7270.00,,
09-04-2018,77,252011,1191.00,,
09-04-2018,77,252013,1349.00,,
09-04-2018,77,297897,6684.00,,
09-04-2018,77,537424,6067.00,,
09-04-2018,77,865960,12235.00,,
09-04-2018,78,23,1642.00,,
09-04-2018,78,806,5873.00,,
09-04-2018,78,13622,1601.00,,
09-04-2018,78,13623,1962.00,,
09-04-2018,78,13624,3639.00,,
09-04-2018,78,22052,929.00,,
09-04-2018,78,33802,9232.00,,
09-04-2018,78,62430,19648.00,,
09-04-2018,78,226365,6606.00,,
09-04-2018,78,226366,790.00,,
09-04-2018,78,538619,7582.00,,
09-04-2018,78,634986,3526.00,,
09-04-2018,78,778923,3763.00,,
09-04-2018,79,15894,23658.00,,
09-04-2018,79,137772,7365.00,,
09-04-2018,79,186320,7415.00,,
09-04-2018,79,191084,9161.00,,
09-04-2018,79,307055,12659.00,,
09-04-2018,79,496822,30278.00,,
09-04-2018,79,661060,8262.00,,
09-04-2018,79,716216,42375.00,,
09-04-2018,79,763846,3506.00,,
09-04-2018,79,862205,1555.00,,
09-04-2018,79,994619,7520.00,,
09-04-2018,79,994620,6436.00,,
09-04-2018,79,5291321,10372.00,,
09-04-2018,80,10772,3311.00,,
09-04-2018,80,405361,19906.00,,
10-04-2018,91,13510,924.00,,
10-04-2018,91,449578,1006.00,,
10-04-2018,92,10993,7183.00,,
10-04-2018,92,13640,15438.00,,
10-04-2018,92,30568,24294.00,,
10-04-2018,92,30569,15967.00,,
10-04-2018,92,72173,10301.00,,
10-04-2018,92,156222,23635.00,,
10-04-2018,92,450226,9409.00,,
10-04-2018,92,450802,10130.00,,
10-04-2018,92,497110,9297.00,,
10-04-2018,92,530312,9050.00,,
10-04-2018,92,801097,3062.00,,
10-04-2018,92,895778,47844.00,,
10-04-2018,92,967238,6260.00,,
10-04-2018,93,16,1398.00,,
10-04-2018,93,28,199787.00,,
10-04-2018,93,4718,994.00,,
10-04-2018,93,43304,243.00,,
10-04-2018,93,80935,6790.00,,
10-04-2018,93,141512,12462.00,,
10-04-2018,93,244494,17246.00,,
10-04-2018,93,277788,2515.00,,
10-04-2018,93,500791,9339.00,,
10-04-2018,93,728386,1947.00,,
10-04-2018,93,790148,6846.00,,
10-04-2018,93,896947,8000.00,,
10-04-2018,94,405829,7104.00,,
10-04-2018,94,655685,41193.00,,
10-04-2018,95,4751,243.00,,
10-04-2018,95,16915,13944.00,,
10-04-2018,95,16916,6742.00,,
10-04-2018,95,18206,3236.00,,
10-04-2018,95,21088,39057.00,,
10-04-2018,95,48447,23253.00,,
10-04-2018,95,195399,1900.00,,
10-04-2018,95,356053,9558.00,,
10-04-2018,95,420844,6112.00,,
10-04-2018,95,509405,3398.00,,
10-04-2018,95,694673,35289.00,,
10-04-2018,95,859677,9231.00,,
10-04-2018,95,912145,8623.00,,
10-04-2018,96,1911,991.00,,
10-04-2018,96,3390,979.00,,
10-04-2018,96,3660,4246.00,,
10-04-2018,96,46201,358.00,,
10-04-2018,96,55027,1057.00,,
10-04-2018,96,291202,3003.00,,
10-04-2018,97,331064,27300.00,,
10-04-2018,97,420845,91970.00,,
10-04-2018,97,573897,15890.00,,
10-04-2018,98,0,966606.00,,
11-04-2018,99,16,23462.00,,
11-04-2018,99,193242,9009.00,,
11-04-2018,99,271420,657.00,,
11-04-2018,99,456408,10470.00,,
11-04-2018,100,27,5547.00,,
11-04-2018,100,659,3088.00,,
11-04-2018,100,14144,1425.00,,
11-04-2018,100,27107,11218.00,,
11-04-2018,100,29414,60875.00,,
11-04-2018,100,33659,17324.00,,
11-04-2018,100,56281,20003.00,,
11-04-2018,100,260259,7939.00,,
11-04-2018,100,267423,2635.00,,
11-04-2018,100,271418,18971.00,,
11-04-2018,100,479397,3468.00,,
11-04-2018,100,505337,3293.00,,
11-04-2018,100,720482,31119.00,,
11-04-2018,101,83247,12905.00,,
11-04-2018,101,112530,197231.00,,
11-04-2018,101,645223,6216.00,,
11-04-2018,101,657149,48261.00,,
11-04-2018,102,4200,3087.00,,
11-04-2018,102,4350,12010.00,,
11-04-2018,102,14328,12010.00,,
11-04-2018,102,16030,11467.00,,
11-04-2018,102,51928,35531.00,,
11-04-2018,102,254313,9623.00,,
11-04-2018,102,421917,18195.00,,
11-04-2018,102,429125,6096.00,,
11-04-2018,102,570350,8146.00,,
11-04-2018,102,596831,78854.00,,
11-04-2018,103,0,1497655.00,,
12-04-2018,112,0,1375711.00,,
12-04-2018,113,234273,33016.00,,
12-04-2018,114,3,34097.00,,
12-04-2018,114,19979,2292.00,,
12-04-2018,114,69212,18512.00,,
12-04-2018,114,94896,12516.00,,
12-04-2018,114,209390,7500.00,,
12-04-2018,114,383008,5592.00,,
12-04-2018,114,475203,20201.00,,
12-04-2018,114,613471,4711.00,,
12-04-2018,114,656423,7085.00,,
12-04-2018,114,711412,6429.00,,
12-04-2018,114,795097,11470.00,,
12-04-2018,114,795098,13434.00,,
12-04-2018,114,983986,8891.00,,
12-04-2018,115,2164,6290.00,,
12-04-2018,115,12128,28364.00,,
12-04-2018,115,32484,6175.00,,
12-04-2018,115,52699,6912.00,,
12-04-2018,115,95600,33280.00,,
12-04-2018,115,113597,8035.00,,
12-04-2018,115,151504,13042.00,,
12-04-2018,115,153788,79777.00,,
12-04-2018,115,202611,21958.00,,
12-04-2018,115,302999,433.00,,
12-04-2018,115,473400,1584.00,,
12-04-2018,115,863522,9207.00,,
12-04-2018,116,4838,48629.00,,
12-04-2018,116,130344,4841.00,,
12-04-2018,116,137546,25950.00,,
12-04-2018,116,325771,10431.00,,
12-04-2018,116,365387,25464.00,,
12-04-2018,116,529133,10372.00,,
12-04-2018,116,581455,10002.00,,
12-04-2018,116,594005,5039.00,,
12-04-2018,116,630414,12010.00,,
12-04-2018,116,796462,10736.00,,
12-04-2018,116,805076,5395.00,,
12-04-2018,116,879684,22607.00,,
12-04-2018,116,972582,6005.00,,
12-04-2018,117,22,18055.00,,
12-04-2018,117,333,32116.00,,
12-04-2018,117,139056,17414.00,,
12-04-2018,117,295683,6725.00,,
12-04-2018,117,593253,5313.00,,
12-04-2018,117,799935,3705.00,,
12-04-2018,117,916659,6820.00,,
13/04/2018,121,305980,9041.00,,
13/04/2018,121,495654,980.00,,
13/04/2018,121,714723,6117.00,,
13/04/2018,121,714724,5650.00,,
13/04/2018,121,751596,37562.00,,
13/04/2018,121,870294,10355.00,,
13/04/2018,121,870295,3214.00,,
13/04/2018,121,995203,2289.00,,
13/04/2018,122,2,14449.00,,
13/04/2018,122,8471,15094.00,,
13/04/2018,122,35958,46734.00,,
13/04/2018,122,186998,32553.00,,
13/04/2018,122,189874,6200.00,,
13/04/2018,122,428561,32225.00,,
13/04/2018,122,428562,30940.00,,
13/04/2018,122,693016,9201.00,,
13/04/2018,122,706404,15436.00,,
13/04/2018,122,706405,19421.00,,
13/04/2018,122,805527,1516.00,,
13/04/2018,122,862123,3272.00,,
13/04/2018,122,870273,2542.00,,
13/04/2018,123,706406,19536.00,,
13/04/2018,124,835,3756.00,,
13/04/2018,125,230001,4552.00,,
13/04/2018,126,5683,6125.00,,
13/04/2018,126,5919,2740.00,,
13/04/2018,126,33875,1369.00,,
13/04/2018,126,199651,6055.00,,
13/04/2018,126,391913,1636.00,,
13/04/2018,126,635651,1634.00,,
13/04/2018,126,674163,1753.00,,
13/04/2018,126,687176,9628.00,,
13/04/2018,126,691526,6418.00,,
13/04/2018,126,797326,25858.00,,
13/04/2018,126,925954,1633.00,,
13/04/2018,126,925955,1637.00,,
13/04/2018,126,934143,7178.00,,
13/04/2018,127,3,11285.00,,
13/04/2018,127,23584,9608.00,,
13/04/2018,127,431338,7386.00,,
13/04/2018,127,483505,11606.00,,
13/04/2018,127,483506,35569.00,,
13/04/2018,127,678251,9244.00,,
13/04/2018,127,814122,10491.00,,
13/04/2018,127,861024,14148.00,,
13/04/2018,127,868632,13498.00,,
13/04/2018,127,902608,795.00,,
13/04/2018,127,925953,614.00,,
13/04/2018,130,0,1516681.00,,
16/04/2018,136,8,3109.00,,
16/04/2018,136,26684,9755.00,,
16/04/2018,136,36235,24610.00,,
16/04/2018,136,58479,2569.00,,
16/04/2018,136,83378,44454.00,,
16/04/2018,136,388612,17525.00,,
16/04/2018,136,482285,35218.00,,
16/04/2018,136,522367,8958.00,,
16/04/2018,136,557913,11952.00,,
16/04/2018,136,669976,23714.00,,
16/04/2018,136,687468,2328.00,,
16/04/2018,136,745008,9776.00,,
16/04/2018,136,783494,25911.00,,
16/04/2018,137,32003,7406.00,,
16/04/2018,137,52937,25173.00,,
16/04/2018,137,70007,8421.00,,
16/04/2018,137,75410,13000.00,,
16/04/2018,137,166762,12631.00,,
16/04/2018,137,222482,7972.00,,
16/04/2018,137,397937,4883.00,,
16/04/2018,137,428467,17271.00,,
16/04/2018,137,483392,37672.00,,
16/04/2018,137,571068,32520.00,,
16/04/2018,137,706407,29968.00,,
16/04/2018,138,7,8897.00,,
16/04/2018,138,42,3073.00,,
16/04/2018,138,90,4518.00,,
16/04/2018,138,4216,32097.00,,
16/04/2018,138,27281,8020.00,,
16/04/2018,138,234034,21340.00,,
16/04/2018,138,317507,3406.00,,
16/04/2018,138,329557,2017.00,,
16/04/2018,138,330513,4587.00,,
16/04/2018,138,566760,3143.00,,
16/04/2018,138,736100,11175.00,,
16/04/2018,138,880496,3843.00,,
16/04/2018,138,977189,13712.00,,
16/04/2018,139,13,5246.00,,
16/04/2018,139,24,12021.00,,
16/04/2018,139,56099,3212.00,,
16/04/2018,139,378369,44609.00,,
16/04/2018,139,609221,450000.00,,
16/04/2018,140,52756,28060.00,,
16/04/2018,141,8,23894.00,,
16/04/2018,141,165619,9639.00,,
16/04/2018,141,239878,5238.00,,
16/04/2018,141,270826,4176.00,,
16/04/2018,141,288623,3486.00,,
16/04/2018,141,309693,12010.00,,
16/04/2018,141,516479,5311.00,,
16/04/2018,141,550509,8905.00,,
16/04/2018,141,617521,12437.00,,
16/04/2018,141,644295,18195.00,,
16/04/2018,141,669439,2240.00,,
16/04/2018,141,686183,2690.00,,
16/04/2018,141,937157,5225.00,,
16/04/2018,142,30069,5317.00,,
16/04/2018,142,30070,5352.00,,
16/04/2018,142,34866,2531.00,,
16/04/2018,142,35712,10308.00,,
16/04/2018,142,337189,1227.00,,
16/04/2018,142,452752,2980.00,,
16/04/2018,142,534624,6741.00,,
16/04/2018,142,606603,32830.00,,
16/04/2018,142,749812,17741.00,,
16/04/2018,142,753128,7458.00,,
16/04/2018,142,811936,65448.00,,
16/04/2018,142,813916,24260.00,,
16/04/2018,142,876546,6437.00,,
16/04/2018,143,11566,10119.00,,
16/04/2018,143,26791,13200.00,,
16/04/2018,143,56325,1530.00,,
16/04/2018,143,169176,12288.00,,
16/04/2018,143,221138,23578.00,,
16/04/2018,143,223619,13084.00,,
16/04/2018,143,299169,2435.00,,
16/04/2018,143,445023,919.00,,
16/04/2018,143,447534,2661.00,,
16/04/2018,143,634992,19871.00,,
16/04/2018,143,656435,12487.00,,
16/04/2018,143,837256,12458.00,,
16/04/2018,143,928015,3858.00,,
16/04/2018,144,17,15373.00,,
16/04/2018,144,226872,42095.00,,
16/04/2018,144,367396,3305.00,,
16/04/2018,144,377413,20102.00,,
16/04/2018,144,877607,19762.00,,
16/04/2018,156,0,2205930.00,,
17/04/2018,163,1361,75487.00,,
17/04/2018,164,10,27163.00,,
17/04/2018,164,15,466.00,,
17/04/2018,164,7202,48520.00,,
17/04/2018,164,25007,11571.00,,
17/04/2018,164,273590,44530.00,,
17/04/2018,164,291673,10301.00,,
17/04/2018,164,291674,19773.00,,
17/04/2018,164,399163,5213.00,,
17/04/2018,164,399257,5188.00,,
17/04/2018,164,690742,11941.00,,
17/04/2018,164,804958,12010.00,,
17/04/2018,164,948089,1567.00,,
17/04/2018,164,970719,11854.00,,
17/04/2018,165,12,6005.00,,
17/04/2018,165,1912,22702.00,,
17/04/2018,165,3831,2706.00,,
17/04/2018,165,36925,26826.00,,
17/04/2018,165,37136,3062.00,,
17/04/2018,165,70631,5354.00,,
17/04/2018,165,237334,15312.00,,
17/04/2018,165,694232,3062.00,,
17/04/2018,165,783690,9296.00,,
17/04/2018,165,838258,27028.00,,
17/04/2018,165,840146,6124.00,,
17/04/2018,165,866061,3117.00,,
17/04/2018,165,915917,1702.00,,
17/04/2018,166,46949,12243.00,,
17/04/2018,166,497818,391277.00,,
17/04/2018,167,6,4457.00,,
17/04/2018,167,30,14913.00,,
17/04/2018,167,6756,1260.00,,
17/04/2018,167,71170,7687.00,,
17/04/2018,167,167744,1730.00,,
17/04/2018,167,286802,1072.00,,
17/04/2018,167,343592,23282.00,,
17/04/2018,167,419237,13882.00,,
17/04/2018,167,437484,3474.00,,
17/04/2018,167,562340,7023.00,,
17/04/2018,167,641354,6151.00,,
17/04/2018,167,712062,15048.00,,
17/04/2018,167,910360,6005.00,,
17/04/2018,168,20,2270.00,,
17/04/2018,168,33497,1698.00,,
17/04/2018,168,215193,8550.00,,
17/04/2018,168,361329,6544.00,,
17/04/2018,168,533847,59367.00,,
17/04/2018,168,583816,2512.00,,
17/04/2018,168,778953,4666.00,,
17/04/2018,168,789600,9196.00,,
17/04/2018,172,0,1855895.00,,
18/04/2018,191,37276,834.00,,
18/04/2018,191,173157,16654.00,,
18/04/2018,191,455956,7019.00,,
18/04/2018,191,898221,12205.00,,
18/04/2018,192,1,13914.00,,
18/04/2018,192,77202,19010.00,,
18/04/2018,192,77203,18379.00,,
18/04/2018,192,178909,51852.00,,
18/04/2018,192,431253,6674.00,,
18/04/2018,192,431254,9221.00,,
18/04/2018,192,480258,27016.00,,
18/04/2018,192,480259,6514.00,,
18/04/2018,192,668452,8624.00,,
18/04/2018,192,728099,6500.00,,
18/04/2018,192,728100,17032.00,,
18/04/2018,192,975101,12327.00,,
18/04/2018,192,979427,15248.00,,
18/04/2018,193,68,5539.00,,
18/04/2018,193,1340,34093.00,,
18/04/2018,193,188958,47081.00,,
18/04/2018,193,210333,10500.00,,
18/04/2018,193,217930,15766.00,,
18/04/2018,193,278450,5519.00,,
18/04/2018,193,278451,5684.00,,
18/04/2018,193,298841,26706.00,,
18/04/2018,193,446251,9765.00,,
18/04/2018,193,634299,1635.00,,
18/04/2018,193,899758,4069.00,,
18/04/2018,193,916217,13489.00,,
18/04/2018,193,940409,5278.00,,
18/04/2018,195,8,3382.00,,
18/04/2018,195,22880,9191.00,,
18/04/2018,195,38163,12253.00,,
18/04/2018,195,44350,7431.00,,
18/04/2018,195,88201,37521.00,,
18/04/2018,195,204280,28657.00,,
18/04/2018,195,366291,12622.00,,
18/04/2018,195,488769,5553.00,,
18/04/2018,195,519049,30614.00,,
18/04/2018,195,695692,8918.00,,
18/04/2018,195,768126,3271.00,,
18/04/2018,195,827837,1606.00,,
18/04/2018,195,980155,6064.00,,
18/04/2018,196,36,8715.00,,
18/04/2018,196,2165,98157.00,,
18/04/2018,196,18854,13400.00,,
18/04/2018,196,27032,3076.00,,
18/04/2018,196,29869,12551.00,,
18/04/2018,196,92193,78099.00,,
18/04/2018,196,691582,3861.00,,
18/04/2018,196,749526,25000.00,,
18/04/2018,203,0,2240427.00,,
19/04/2018,207,10674,1262.00,,
19/04/2018,207,26813,2581.00,,
19/04/2018,207,36922,3265.00,,
19/04/2018,207,45959,10612.00,,
19/04/2018,207,487096,24020.00,,
19/04/2018,207,487097,7842.00,,
19/04/2018,207,487098,11160.00,,
19/04/2018,208,5914,1038.00,,
19/04/2018,208,211968,11562.00,,
19/04/2018,209,5,10392.00,,
19/04/2018,209,8191,1531.00,,
19/04/2018,209,16681,35757.00,,
19/04/2018,209,23577,24100.00,,
19/04/2018,209,27423,6728.00,,
19/04/2018,209,35153,38050.00,,
19/04/2018,209,47135,9200.00,,
19/04/2018,209,77286,9768.00,,
19/04/2018,209,379016,14016.00,,
19/04/2018,209,407213,9116.00,,
19/04/2018,209,850031,4228.00,,
19/04/2018,209,888601,3242.00,,
19/04/2018,209,940161,10799.00,,
19/04/2018,210,49,2579.00,,
19/04/2018,210,172019,1381.00,,
19/04/2018,210,356574,10473.00,,
19/04/2018,210,645767,4765.00,,
19/04/2018,210,892272,11104.00,,
19/04/2018,210,932571,42900.00,,
19/04/2018,211,59,37047.00,,
19/04/2018,211,24758,24758.00,,
19/04/2018,211,42410,7896.00,,
19/04/2018,211,153615,2279.00,,
19/04/2018,211,168361,6342.00,,
19/04/2018,211,168362,8407.00,,
19/04/2018,211,217880,2632.00,,
19/04/2018,211,310935,28508.00,,
19/04/2018,211,716922,9679.00,,
19/04/2018,211,767318,3162.00,,
19/04/2018,211,865518,9647.00,,
19/04/2018,211,884925,9833.00,,
19/04/2018,211,897768,6347.00,,
19/04/2018,212,1934,991.00,,
19/04/2018,212,5442,4246.00,,
19/04/2018,212,153506,2279.00,,
19/04/2018,212,153554,2279.00,,
19/04/2018,212,295418,60761.00,,
19/04/2018,213,295480,10975.00,,
19/04/2018,215,0,1241413.00,,
20/04/2018,239,210701,7328.00,,
20/04/2018,239,280833,23352.00,,
20/04/2018,239,882291,13813.00,,
20/04/2018,239,882292,16272.00,,
20/04/2018,240,13251,24020.00,,
20/04/2018,240,22994,26845.00,,
20/04/2018,240,66949,6065.00,,
20/04/2018,240,79441,13467.00,,
20/04/2018,240,79912,2524.00,,
20/04/2018,240,97910,2451.00,,
20/04/2018,240,162044,654.00,,
20/04/2018,240,664437,4884.00,,
20/04/2018,240,664438,4257.00,,
20/04/2018,240,784043,6005.00,,
20/04/2018,240,838532,3603.00,,
20/04/2018,240,880421,20121.00,,
20/04/2018,240,936823,5362.00,,
20/04/2018,241,1,44060.00,,
20/04/2018,241,2,9466.00,,
20/04/2018,241,304008,24260.00,,
20/04/2018,241,357390,35360.00,,
20/04/2018,241,605608,49127.00,,
20/04/2018,241,605609,26279.00,,
20/04/2018,241,705841,1656.00,,
20/04/2018,242,7917,15850.00,,
20/04/2018,242,726667,1580.00,,
20/04/2018,243,538761,6192.00,,
20/04/2018,243,863335,26312.00,,
20/04/2018,244,165047,18021.00,,
20/04/2018,244,202538,25464.00,,
20/04/2018,245,71580,47084.00,,
20/04/2018,245,148769,38285.00,,
20/04/2018,245,177394,5214.00,,
20/04/2018,245,187064,9852.00,,
20/04/2018,245,230014,3452.00,,
20/04/2018,245,285651,28794.00,,
20/04/2018,245,427306,12479.00,,
20/04/2018,245,501798,2366.00,,
20/04/2018,245,539514,30772.00,,
20/04/2018,245,541263,8033.00,,
20/04/2018,245,573248,18162.00,,
20/04/2018,245,580295,10985.00,,
20/04/2018,245,833613,4375.00,,
20/04/2018,246,103472,19117.00,,
20/04/2018,246,445983,17764.00,,
20/04/2018,246,892271,2775.00,,
20/04/2018,247,0,1725059.00,,
21/04/2018,251,248100,12010.00,,
21/04/2018,251,281296,1082.00,,
21/04/2018,251,427878,24020.00,,
21/04/2018,252,13420,6676.00,,
21/04/2018,252,13421,17027.00,,
21/04/2018,252,19229,12713.00,,
21/04/2018,252,22904,766.00,,
21/04/2018,252,277329,3641.00,,
21/04/2018,252,788651,5362.00,,
21/04/2018,252,834670,42493.00,,
21/04/2018,252,899788,3062.00,,
21/04/2018,253,2535,9187.00,,
21/04/2018,253,10604,5206.00,,
21/04/2018,253,17884,6980.00,,
21/04/2018,253,19461,3137.00,,
21/04/2018,253,28958,7149.00,,
21/04/2018,253,61674,38678.00,,
21/04/2018,253,249306,81750.00,,
21/04/2018,253,432324,3243.00,,
21/04/2018,253,634993,4752.00,,
21/04/2018,253,645676,38457.00,,
21/04/2018,253,745793,3244.00,,
21/04/2018,254,20281,46435.00,,
21/04/2018,254,32973,2720.00,,
21/04/2018,254,47894,12345.00,,
21/04/2018,254,197493,2477.00,,
21/04/2018,254,330514,2081.00,,
21/04/2018,254,958915,17371.00,,
21/04/2018,254,958916,2765.00,,
21/04/2018,254,970788,6015.00,,
21/04/2018,254,970789,3141.00,,
21/04/2018,254,981592,6140.00,,
21/04/2018,262,0,795908.00,,
23/04/2018,278,8693,14067.00,,
23/04/2018,278,41848,1440.00,,
23/04/2018,278,406258,7277.00,,
23/04/2018,278,452837,9388.00,,
23/04/2018,279,23582,3062.00,,
23/04/2018,279,42836,1401.00,,
23/04/2018,279,44747,4016.00,,
23/04/2018,279,58816,4028.00,,
23/04/2018,279,157695,3100.00,,
23/04/2018,279,200139,13919.00,,
23/04/2018,279,221363,25162.00,,
23/04/2018,279,225663,2408.00,,
23/04/2018,279,237327,11489.00,,
23/04/2018,279,447535,5055.00,,
23/04/2018,279,747107,6120.00,,
23/04/2018,279,788965,56893.00,,
23/04/2018,279,881320,12450.00,,
23/04/2018,280,8836,69104.00,,
23/04/2018,280,84173,15171.86,,
23/04/2018,280,501927,4924.00,,
23/04/2018,281,6,19454.00,,
23/04/2018,281,53145,3536.00,,
23/04/2018,281,75836,39574.00,,
23/04/2018,281,100081,11770.00,,
23/04/2018,281,135728,2196.00,,
23/04/2018,281,373707,4560.00,,
23/04/2018,281,450151,3788.00,,
23/04/2018,281,465805,47868.00,,
23/04/2018,281,523867,22892.00,,
23/04/2018,281,747697,29811.00,,
23/04/2018,281,873214,26887.00,,
23/04/2018,282,7,32490.00,,
23/04/2018,282,10,19656.00,,
23/04/2018,282,10866,31339.00,,
23/04/2018,282,29531,26760.00,,
23/04/2018,282,44186,5551.00,,
23/04/2018,282,573736,156388.00,,
23/04/2018,282,587908,9995.00,,
23/04/2018,282,693018,62905.00,,
23/04/2018,282,712964,64878.00,,
23/04/2018,282,716385,16754.00,,
23/04/2018,282,745794,2979.00,,
23/04/2018,282,846103,4002.00,,
23/04/2018,282,858381,24020.00,,
23/04/2018,283,42713,2531.00,,
23/04/2018,283,427112,4000.00,,
23/04/2018,284,295481,3417.00,,
23/04/2018,288,0,1600919.00,,
24/04/2018,315,0,2915675.00,,
24/04/2018,316,23399,17657.00,,
24/04/2018,316,291621,11518.00,,
24/04/2018,317,185490,15673.00,,
24/04/2018,318,24105,2426.00,,
24/04/2018,318,43252,11003.00,,
24/04/2018,318,93751,25592.00,,
24/04/2018,318,257406,17192.00,,
24/04/2018,318,306208,20743.00,,
24/04/2018,318,376472,3592.00,,
24/04/2018,318,387980,38285.00,,
24/04/2018,318,485427,6648.00,,
24/04/2018,318,535649,18473.00,,
24/04/2018,318,704411,3812.00,,
24/04/2018,318,750882,10614.00,,
24/04/2018,318,760083,1531.00,,
24/04/2018,318,920901,6920.00,,
24/04/2018,319,10,32870.00,,
24/04/2018,319,55,4804.00,,
24/04/2018,319,6969,7804.00,,
24/04/2018,319,16261,4615.00,,
24/04/2018,319,16266,16342.00,,
24/04/2018,319,126628,9102.00,,
24/04/2018,319,164008,45736.00,,
24/04/2018,319,261890,7294.00,,
24/04/2018,319,798255,6931.00,,
24/04/2018,319,850347,9219.00,,
24/04/2018,319,861347,19987.00,,
24/04/2018,319,886206,30970.00,,
24/04/2018,319,983387,47272.00,,
24/04/2018,320,72,26001.00,,
24/04/2018,320,98695,15520.00,,
24/04/2018,320,223198,25464.00,,
24/04/2018,320,240796,6266.00,,
24/04/2018,320,306597,125583.00,,
24/04/2018,320,399384,2582.00,,
24/04/2018,320,671334,32407.00,,
24/04/2018,320,962676,30834.00,,
24/04/2018,321,521624,27587.00,,
24/04/2018,322,6745,35525.00,,
24/04/2018,322,37827,27614.00,,
24/04/2018,322,52201,1353.00,,
24/04/2018,322,59310,846.00,,
24/04/2018,322,158135,33353.00,,
24/04/2018,322,158762,11483.00,,
24/04/2018,322,373020,10315.00,,
24/04/2018,322,685018,12557.00,,
24/04/2018,322,685019,5068.00,,
24/04/2018,322,748197,6561.00,,
24/04/2018,322,796567,5011.00,,
24/04/2018,322,856796,7206.00,,
24/04/2018,322,957082,25918.00,,
24/04/2018,323,6889,34495.00,,
24/04/2018,323,72851,7170.00,,
24/04/2018,323,144905,6523.00,,
24/04/2018,323,307414,18983.00,,
24/04/2018,323,353745,19454.00,,
24/04/2018,323,383992,37030.00,,
24/04/2018,323,509713,12000.00,,
24/04/2018,323,569537,1925.00,,
24/04/2018,323,737824,37208.00,,
24/04/2018,323,862495,11354.00,,
24/04/2018,323,892611,9054.00,,
24/04/2018,324,6,5067.00,,
24/04/2018,324,4190,3062.00,,
24/04/2018,324,25527,6140.00,,
24/04/2018,324,25830,6124.00,,
24/04/2018,324,43046,4970.00,,
24/04/2018,324,78717,5872.00,,
24/04/2018,324,112955,5393.00,,
24/04/2018,324,528989,5738.00,,
24/04/2018,324,651470,25804.00,,
24/04/2018,324,713390,6391.00,,
24/04/2018,324,779034,2060.00,,
24/04/2018,324,862204,879.00,,
24/04/2018,324,933502,830.00,,
24/04/2018,325,54878,14366.00,,
24/04/2018,325,393244,25986.00,,
24/04/2018,325,570353,5551.00,,
24/04/2018,325,586155,6620.00,,
24/04/2018,325,712963,12010.00,,
24/04/2018,325,866062,1149.00,,
24/04/2018,325,8571941,4918.00,,
25/04/2018,329,62,10304.00,,
25/04/2018,329,350,7991.00,,
25/04/2018,329,150079,21752.00,,
25/04/2018,329,286321,4804.00,,
25/04/2018,329,448755,7226.00,,
25/04/2018,329,656857,10185.00,,
25/04/2018,329,929153,41870.00,,
25/04/2018,330,11,37282.00,,
25/04/2018,330,44,2614.00,,
25/04/2018,330,16064,8907.00,,
25/04/2018,330,55063,20927.00,,
25/04/2018,330,257662,14803.00,,
25/04/2018,330,290409,21538.00,,
25/04/2018,330,290410,21538.00,,
25/04/2018,330,309015,9413.00,,
25/04/2018,330,580492,3707.00,,
25/04/2018,330,719701,662.00,,
25/04/2018,330,818846,3492.00,,
25/04/2018,331,58,23903.00,,
25/04/2018,331,6653,27501.00,,
25/04/2018,331,12533,2915.00,,
25/04/2018,331,16910,3223.00,,
25/04/2018,331,45091,3880.00,,
25/04/2018,331,45092,6125.00,,
25/04/2018,331,45093,3992.00,,
25/04/2018,331,45094,9472.00,,
25/04/2018,331,70176,3692.00,,
25/04/2018,331,291512,2676.00,,
25/04/2018,331,594681,9017.00,,
25/04/2018,331,645475,4030.00,,
25/04/2018,331,674039,4235.00,,
25/04/2018,333,133,32864.00,,
25/04/2018,333,23466,23073.00,,
25/04/2018,333,29004,1131.00,,
25/04/2018,333,49101,28910.00,,
25/04/2018,333,54630,13171.00,,
25/04/2018,333,102178,12010.00,,
25/04/2018,333,166608,12055.00,,
25/04/2018,333,184629,3062.00,,
25/04/2018,333,209484,4516.00,,
25/04/2018,333,228662,37656.00,,
25/04/2018,333,352828,5186.00,,
25/04/2018,333,494111,14837.00,,
25/04/2018,333,968605,8285.00,,
25/04/2018,334,24441,300000.00,,
25/04/2018,334,29434,21758.00,,
25/04/2018,334,29435,27278.00,,
25/04/2018,334,59312,1509.00,,
25/04/2018,334,159692,7150.00,,
25/04/2018,335,101,18760.00,,
25/04/2018,335,9875,24175.00,,
25/04/2018,335,99734,589.00,,
25/04/2018,335,176373,2152.00,,
25/04/2018,335,208222,4897.00,,
25/04/2018,335,332019,19681.00,,
25/04/2018,335,437981,17509.00,,
25/04/2018,335,464554,12778.00,,
25/04/2018,335,464555,26517.00,,
25/04/2018,335,570010,23230.00,,
25/04/2018,335,625031,2838.00,,
25/04/2018,335,625037,2853.00,,
25/04/2018,335,891186,14884.00,,
25/04/2018,336,3389,18235.00,,
25/04/2018,336,13777,4224.00,,
25/04/2018,336,18377,25188.00,,
25/04/2018,336,18378,24636.00,,
25/04/2018,336,127420,12010.00,,
25/04/2018,336,439286,26560.00,,
25/04/2018,336,678631,3305.00,,
25/04/2018,337,146442,9707.00,,
25/04/2018,338,0,2187581.00,,
26/04/2018,363,101,25521.00,,
26/04/2018,363,276192,3119.00,,
26/04/2018,363,643370,44285.00,,
26/04/2018,364,7,11612.00,,
26/04/2018,364,9247,16672.00,,
26/04/2018,364,86142,112460.00,,
26/04/2018,364,86143,99654.00,,
26/04/2018,364,171432,29912.00,,
26/04/2018,364,209706,1926.00,,
26/04/2018,364,310093,25645.00,,
26/04/2018,364,399045,48458.00,,
26/04/2018,364,410779,8846.00,,
26/04/2018,364,585147,13043.00,,
26/04/2018,364,876531,15377.00,,
26/04/2018,364,892739,29495.00,,
26/04/2018,364,965449,21139.00,,
26/04/2018,365,36978,8516.00,,
26/04/2018,365,52374,7228.00,,
26/04/2018,365,552293,1700.00,,
26/04/2018,365,586156,19379.00,,
26/04/2018,365,699997,6488.00,,
26/04/2018,365,874790,9608.00,,
26/04/2018,365,991131,6055.00,,
26/04/2018,366,6135,30996.00,,
26/04/2018,366,106469,31628.00,,
26/04/2018,366,174321,7187.00,,
26/04/2018,366,176780,5342.00,,
26/04/2018,366,189434,1155.00,,
26/04/2018,366,365762,5242.00,,
26/04/2018,366,455049,4425.00,,
26/04/2018,366,653930,22597.00,,
26/04/2018,366,658767,4788.00,,
26/04/2018,366,944775,3869.00,,
26/04/2018,366,953341,15860.00,,
26/04/2018,367,17,12148.00,,
26/04/2018,367,8564,6651.00,,
26/04/2018,367,16737,46947.00,,
26/04/2018,367,17096,7324.00,,
26/04/2018,367,42598,34347.00,,
26/04/2018,367,89833,42609.00,,
26/04/2018,367,244907,10435.00,,
26/04/2018,367,440352,9947.00,,
26/04/2018,367,521729,16347.00,,
26/04/2018,367,532946,8089.00,,
26/04/2018,367,622777,8391.00,,
26/04/2018,367,883032,158762.00,,
26/04/2018,367,883033,27550.00,,
26/04/2018,368,8,34535.00,,
26/04/2018,368,6663,3262.00,,
26/04/2018,368,9764,2725.00,,
26/04/2018,368,53067,6065.00,,
26/04/2018,368,104767,11354.00,,
26/04/2018,368,104768,13065.00,,
26/04/2018,368,301001,10114.00,,
26/04/2018,368,578541,4573.00,,
26/04/2018,368,849944,24610.00,,
26/04/2018,368,939522,5153.00,,
26/04/2018,368,993552,14068.00,,
26/04/2018,369,0,2428226.00,,
27/04/2018,391,215789,6523.00,,
27/04/2018,392,5,8030.00,,
27/04/2018,392,7,6499.00,,
27/04/2018,392,64791,55546.00,,
27/04/2018,392,68815,17861.00,,
27/04/2018,392,133802,14656.00,,
27/04/2018,392,257858,39650.00,,
27/04/2018,392,460779,10867.00,,
27/04/2018,392,590424,17198.00,,
27/04/2018,392,698757,17047.00,,
27/04/2018,392,742112,25426.00,,
27/04/2018,392,848340,11773.00,,
27/04/2018,392,911881,3250.00,,
27/04/2018,392,994959,47802.00,,
27/04/2018,393,10,10382.00,,
27/04/2018,393,11,16772.00,,
27/04/2018,393,21,7840.00,,
27/04/2018,393,44,3032.00,,
27/04/2018,393,9405,30000.00,,
27/04/2018,393,36370,5550.00,,
27/04/2018,393,148141,11011.00,,
27/04/2018,393,202964,61613.00,,
27/04/2018,393,374977,26690.00,,
27/04/2018,393,393221,6329.00,,
27/04/2018,393,538722,5956.00,,
27/04/2018,393,643964,24620.00,,
27/04/2018,393,912264,12800.00,,
27/04/2018,394,10703,12826.00,,
27/04/2018,394,10705,20865.00,,
27/04/2018,394,10710,12430.00,,
27/04/2018,394,60126,36030.00,,
27/04/2018,394,126683,31715.00,,
27/04/2018,394,191178,8841.00,,
27/04/2018,394,191179,8841.00,,
27/04/2018,394,202963,65198.00,,
27/04/2018,394,265293,15312.00,,
27/04/2018,394,473903,3063.00,,
27/04/2018,394,484525,21217.00,,
27/04/2018,394,502871,29272.00,,
27/04/2018,394,870606,17792.00,,
27/04/2018,395,10701,3417.00,,
27/04/2018,395,10702,8213.00,,
27/04/2018,395,10704,48972.00,,
27/04/2018,395,10706,18127.00,,
27/04/2018,395,10707,4999.00,,
27/04/2018,395,10708,6316.00,,
27/04/2018,395,10709,32650.00,,
27/04/2018,395,19248,234300.00,,
27/04/2018,395,43564,5196.00,,
27/04/2018,395,332020,79425.00,,
27/04/2018,395,332021,69957.00,,
27/04/2018,395,332022,34044.00,,
27/04/2018,395,355861,9000.00,,
27/04/2018,396,332023,35242.00,,
27/04/2018,396,332025,17807.00,,
27/04/2018,397,134839,32499.00,,
27/04/2018,397,768227,16651.00,,
27/04/2018,398,15761,35000.00,,
27/04/2018,398,33397,3609.00,,
27/04/2018,398,75588,11198.00,,
27/04/2018,398,145098,7978.00,,
27/04/2018,398,348855,4763.00,,
27/04/2018,398,794462,24020.00,,
27/04/2018,399,10,8800.00,,
27/04/2018,399,12589,1684.00,,
27/04/2018,399,26757,2785.00,,
27/04/2018,399,29859,5330.00,,
27/04/2018,399,36690,33984.00,,
27/04/2018,399,176871,2426.00,,
27/04/2018,399,214696,32788.00,,
27/04/2018,399,438115,6125.00,,
27/04/2018,399,452754,6389.00,,
27/04/2018,399,453358,2497.00,,
27/04/2018,399,580157,5799.00,,
27/04/2018,399,806603,7741.00,,
27/04/2018,399,942279,2492.00,,
27/04/2018,400,2,22737.00,,
27/04/2018,400,16,15646.00,,
27/04/2018,400,17058,37636.00,,
27/04/2018,400,38399,5590.00,,
27/04/2018,400,49479,6644.00,,
27/04/2018,400,128766,7969.00,,
27/04/2018,400,141513,22097.00,,
27/04/2018,400,199733,3085.00,,
27/04/2018,400,202398,66218.00,,
27/04/2018,400,321999,9166.00,,
27/04/2018,400,469243,14077.00,,
27/04/2018,400,535650,54142.00,,
27/04/2018,400,927325,7586.00,,
27/04/2018,401,574,20120.00,,
27/04/2018,401,6763,14691.00,,
27/04/2018,401,217816,27002.00,,
27/04/2018,401,229882,12918.00,,
27/04/2018,401,271132,8636.00,,
27/04/2018,401,289142,3289.00,,
27/04/2018,401,367706,10000.00,,
27/04/2018,401,465504,14502.00,,
27/04/2018,401,476944,46127.00,,
27/04/2018,401,661532,9357.00,,
27/04/2018,401,771058,12526.00,,
27/04/2018,401,780368,48607.00,,
27/04/2018,401,874908,6145.00,,
27/04/2018,402,2114,119866.00,,
27/04/2018,402,14199,44709.00,,
27/04/2018,402,22475,3062.00,,
27/04/2018,402,22476,3087.00,,
27/04/2018,402,27165,34609.00,,
27/04/2018,402,44953,5182.00,,
27/04/2018,402,45522,14570.00,,
27/04/2018,402,309462,27356.00,,
27/04/2018,402,360755,31025.00,,
27/04/2018,402,512294,4627.00,,
27/04/2018,402,517065,120100.00,,
27/04/2018,402,722068,6065.00,,
27/04/2018,402,801111,1413.00,,
27/04/2018,403,439285,20893.00,,
27/04/2018,403,710578,9079.00,,
27/04/2018,409,0,3351779.00,,
30/04/2018,410,81,3062.00,,
30/04/2018,410,6428,3062.00,,
30/04/2018,410,21768,8075.00,,
30/04/2018,410,25451,1335.00,,
30/04/2018,410,27996,18013.00,,
30/04/2018,410,171402,12010.00,,
30/04/2018,410,401081,8019.00,,
30/04/2018,410,401084,27431.00,,
30/04/2018,410,536600,1516.00,,
30/04/2018,410,536601,1729.00,,
30/04/2018,410,807508,3223.00,,
30/04/2018,410,827246,7909.00,,
30/04/2018,410,982302,48040.00,,
30/04/2018,411,2416,10840.00,,
30/04/2018,411,19674,5815.00,,
30/04/2018,411,24584,17119.00,,
30/04/2018,411,257163,43797.00,,
30/04/2018,411,447147,55105.00,,
30/04/2018,411,464298,3344.00,,
30/04/2018,411,698821,8435.00,,
30/04/2018,412,36746,29823.00,,
30/04/2018,412,300234,16570.00,,
30/04/2018,412,799305,10000.00,,
30/04/2018,413,300,49271.00,,
30/04/2018,413,390,9462.00,,
30/04/2018,413,391,9425.00,,
30/04/2018,413,392,9069.00,,
30/04/2018,413,393,11950.00,,
30/04/2018,413,394,10756.00,,
30/04/2018,413,396,7869.00,,
30/04/2018,413,397,7869.00,,
30/04/2018,413,133746,14605.00,,
30/04/2018,413,271772,10577.00,,
30/04/2018,413,303826,11377.00,,
30/04/2018,413,440426,5290.00,,
30/04/2018,413,664849,18314.00,,
30/04/2018,414,3,11121.00,,
30/04/2018,414,11465,24557.00,,
30/04/2018,414,11466,24020.00,,
30/04/2018,414,19896,27637.00,,
30/04/2018,414,38707,11640.00,,
30/04/2018,414,77983,64050.00,,
30/04/2018,414,178117,12250.00,,
30/04/2018,414,196897,4900.00,,
30/04/2018,414,422092,1036.00,,
30/04/2018,414,422521,27176.00,,
30/04/2018,414,715729,14089.00,,
30/04/2018,414,747334,18102.00,,
30/04/2018,414,849320,3641.00,,
30/04/2018,415,16,9706.00,,
30/04/2018,415,1694,5179.00,,
30/04/2018,415,19136,12429.00,,
30/04/2018,415,43098,4157.00,,
30/04/2018,415,160980,16324.00,,
30/04/2018,415,160982,19396.00,,
30/04/2018,415,160983,19345.00,,
30/04/2018,415,162426,21146.00,,
30/04/2018,415,408144,17896.00,,
30/04/2018,415,536563,23700.00,,
30/04/2018,415,563818,17327.00,,
30/04/2018,415,577914,33378.00,,
30/04/2018,415,609972,7198.00,,
30/04/2018,417,7,12096.00,,
30/04/2018,418,33543,6231.00,,
30/04/2018,418,533583,6870.00,,
30/04/2018,418,533585,9130.00,,
30/04/2018,418,799303,24050.00,,
30/04/2018,419,73,11658.00,,
30/04/2018,419,241,12010.00,,
30/04/2018,419,5773,4326.00,,
30/04/2018,419,7327,1531.00,,
30/04/2018,419,15257,1337.00,,
30/04/2018,419,37684,4301.00,,
30/04/2018,419,57186,19516.00,,
30/04/2018,419,70558,16157.00,,
30/04/2018,419,323604,6320.00,,
30/04/2018,419,323605,6355.00,,
30/04/2018,419,791914,3204.00,,
30/04/2018,419,943794,32300.00,,
30/04/2018,419,977378,9885.00,,
30/04/2018,420,66,10226.00,,
30/04/2018,420,67,10226.00,,
30/04/2018,420,25038,1654.00,,
30/04/2018,420,76927,13148.00,,
30/04/2018,420,179948,2815.00,,
30/04/2018,420,446151,24020.00,,
30/04/2018,420,452839,6296.00,,
30/04/2018,420,479432,6195.00,,
30/04/2018,420,503209,21998.00,,
30/04/2018,420,516754,24154.00,,
30/04/2018,420,770904,8808.00,,
30/04/2018,420,799484,9105.00,,
30/04/2018,420,909710,3062.00,,
30/04/2018,421,313,5871.00,,
30/04/2018,421,195990,3232.00,,
30/04/2018,421,280463,6125.00,,
30/04/2018,421,280464,12327.00,,
30/04/2018,421,311720,48223.00,,
30/04/2018,421,411866,12209.00,,
30/04/2018,421,455042,1358.00,,
30/04/2018,421,647120,12387.00,,
30/04/2018,421,694558,3603.00,,
30/04/2018,421,713700,13173.00,,
30/04/2018,421,763581,6005.00,,
30/04/2018,421,910362,12141.00,,
30/04/2018,421,993553,12130.00,,
30/04/2018,422,46603,3209.00,,
30/04/2018,422,227249,9755.00,,
30/04/2018,422,396435,63432.00,,
30/04/2018,422,423907,69834.00,,
30/04/2018,422,489145,9660.00,,
30/04/2018,422,670157,19906.00,,
30/04/2018,422,802242,8625.00,,
30/04/2018,422,849919,3003.00,,
30/04/2018,422,849920,3003.00,,
30/04/2018,422,860785,19573.00,,
30/04/2018,422,906325,11707.00,,
30/04/2018,422,956452,20000.00,,
30/04/2018,423,4,7840.00,,
30/04/2018,423,13,11617.00,,
30/04/2018,423,24,1296.00,,
30/04/2018,423,2947,3384.00,,
30/04/2018,423,3510,19251.00,,
30/04/2018,423,331195,8105.00,,
30/04/2018,423,331196,909.00,,
30/04/2018,423,384622,15312.00,,
30/04/2018,423,464968,12575.00,,
30/04/2018,423,464970,24459.00,,
30/04/2018,423,697781,44558.00,,
30/04/2018,423,796382,16108.00,,
30/04/2018,423,920076,12030.00,,
30/04/2018,424,3169,12421.00,,
30/04/2018,424,5348,2205.00,,
30/04/2018,424,13080,18487.00,,
30/04/2018,424,46265,1346.00,,
30/04/2018,424,166507,20045.00,,
30/04/2018,424,228908,8600.00,,
30/04/2018,424,283956,25911.00,,
30/04/2018,424,398734,2042.00,,
30/04/2018,424,475832,2693.00,,
30/04/2018,424,605557,14409.00,,
30/04/2018,424,652573,10382.00,,
30/04/2018,424,653668,7840.00,,
30/04/2018,424,694523,9187.00,,
30/04/2018,425,3,32187.00,,
30/04/2018,425,7764,2171.00,,
30/04/2018,425,215848,1225.00,,
30/04/2018,425,231827,3210.00,,
30/04/2018,425,231828,1950.00,,
30/04/2018,425,263616,2450.00,,
30/04/2018,425,273363,1991.00,,
30/04/2018,425,311553,9310.00,,
30/04/2018,425,596101,2144.00,,
30/04/2018,425,692691,9195.00,,
30/04/2018,425,734836,4880.00,,
30/04/2018,425,751099,1408.00,,
30/04/2018,425,792200,9187.00,,
30/04/2018,426,22588,17727.00,,
30/04/2018,426,298081,73478.00,,
30/04/2018,426,388381,16444.00,,
30/04/2018,426,447021,1532.00,,
30/04/2018,426,679858,8595.00,,
30/04/2018,426,754874,2910.00,,
30/04/2018,426,791146,1225.00,,
30/04/2018,426,799306,10000.00,,
30/04/2018,426,905431,12992.00,,
30/04/2018,427,560985,1532.00,,
21/03/2018,5676,2742,11514.00,,
23/03/2018,5704,47258,1531.00,,
24/03/2018,5747,378904,11278.00,,
26/03/2018,5768,213778,2645.00,,
26/03/2018,5781,264137,16570.00,,
27/03/2018,5805,39770,35500.00,,
27/03/2018,5810,4193,11610.00,,
27/03/2018,5810,4194,10058.00,,
27/03/2018,5816,799300,9143.00,,
27/03/2018,5816,799301,55034.00,,
27/03/2018,5816,799302,1389.00,,
28/03/2018,5841,2970,23615.00,,
28/03/2018,5841,179755,6151.00,,
28/03/2018,5841,403611,15029.00,,
28/03/2018,5841,620028,23311.00,,
28/03/2018,5841,773033,9878.00,,
28/03/2018,5841,794461,1957.00,,
28/03/2018,5843,4,16138.00,,
28/03/2018,5843,11,6668.00,,
28/03/2018,5843,665,11078.00,,
28/03/2018,5843,1911,63514.00,,
28/03/2018,5843,26272,25092.00,,
28/03/2018,5843,26415,5278.00,,
28/03/2018,5843,29756,25897.00,,
28/03/2018,5843,29757,18668.00,,
28/03/2018,5843,154262,4943.00,,
28/03/2018,5843,445212,1018.00,,
28/03/2018,5843,456349,12824.00,,
28/03/2018,5843,827785,2043.00,,
28/03/2018,5843,898664,10565.00,,
28/03/2018,5844,2,7365.00,,
28/03/2018,5844,7152,9554.00,,
28/03/2018,5844,19135,18063.00,,
28/03/2018,5844,21958,4910.00,,
28/03/2018,5844,24104,6660.00,,
28/03/2018,5844,27754,16381.00,,
28/03/2018,5844,31994,4841.00,,
28/03/2018,5844,216169,16001.00,,
28/03/2018,5844,303477,13700.00,,
28/03/2018,5844,695369,52385.00,,
28/03/2018,5844,696183,10330.00,,
28/03/2018,5844,771995,103587.00,,
28/03/2018,5844,5255223,27098.00,,
28/03/2018,5845,10979,24798.00,,
28/03/2018,5845,71733,11860.00,,
28/03/2018,5845,82765,7042.00,,
28/03/2018,5845,98686,6124.00,,
28/03/2018,5845,98687,10148.00,,
28/03/2018,5845,331932,7775.00,,
28/03/2018,5845,331933,8192.00,,
28/03/2018,5845,501926,9487.00,,
28/03/2018,5846,990818,8555.00,,
28/03/2018,5847,6,1814.00,,
28/03/2018,5847,7,3404.00,,
28/03/2018,5847,26,7647.00,,
28/03/2018,5847,844,72996.00,,
28/03/2018,5847,1889,21729.00,,
28/03/2018,5847,14988,16992.00,,
28/03/2018,5847,14989,19500.00,,
28/03/2018,5847,14991,17174.00,,
28/03/2018,5847,210890,25804.00,,
28/03/2018,5847,354063,25852.00,,
28/03/2018,5847,354064,25373.00,,
28/03/2018,5847,643583,2500.00,,
28/03/2018,5847,668581,6481.00,,
28/03/2018,5848,4,28147.00,,
28/03/2018,5848,10248,12086.00,,
28/03/2018,5848,14990,33329.00,,
28/03/2018,5848,16153,6124.00,,
28/03/2018,5848,30085,21429.00,,
28/03/2018,5848,53289,10777.00,,
28/03/2018,5848,158579,3275.00,,
28/03/2018,5848,285491,4580.00,,
28/03/2018,5848,302372,516.00,,
28/03/2018,5848,422563,1516.00,,
28/03/2018,5848,527705,6296.00,,
28/03/2018,5848,729378,10633.00,,
28/03/2018,5848,751098,1408.00,,
28/03/2018,5849,12,10370.00,,
28/03/2018,5849,13,5124.00,,
28/03/2018,5849,44,4118.00,,
28/03/2018,5849,43256,5894.00,,
28/03/2018,5849,113211,2025.00,,
28/03/2018,5849,371852,8630.00,,
28/03/2018,5849,475547,1996.00,,
28/03/2018,5849,629221,3603.00,,
28/03/2018,5849,651286,838.00,,
28/03/2018,5849,833610,20250.00,,
28/03/2018,5849,943535,1498.00,,
28/03/2018,5849,961252,153500.00,,
28/03/2018,5849,961253,193364.00,,
28/03/2018,5850,4,71563.00,,
28/03/2018,5850,5,10977.00,,
28/03/2018,5850,12551,43940.00,,
28/03/2018,5850,12552,36717.00,,
28/03/2018,5850,12553,5815.00,,
28/03/2018,5850,17844,4791.00,,
28/03/2018,5850,46086,5331.00,,
28/03/2018,5850,49738,28830.00,,
28/03/2018,5850,139685,69602.00,,
28/03/2018,5850,152908,17865.00,,
28/03/2018,5850,213456,9400.00,,
28/03/2018,5850,213457,10274.00,,
28/03/2018,5850,393245,4632.00,,
28/03/2018,5851,2,12337.00,,
28/03/2018,5851,5,3857.00,,
28/03/2018,5851,30,24527.00,,
28/03/2018,5851,347,13575.00,,
28/03/2018,5851,139040,2885.00,,
28/03/2018,5851,139063,4337.00,,
28/03/2018,5851,236936,10862.00,,
28/03/2018,5851,647222,7830.00,,
28/03/2018,5851,938936,12142.00,,
28/03/2018,5852,24,12449.00,,
28/03/2018,5852,55,11787.00,,
28/03/2018,5852,56,10803.00,,
28/03/2018,5852,68,59741.00,,
28/03/2018,5852,114156,7018.00,,
28/03/2018,5852,129890,66228.00,,
28/03/2018,5852,309863,7001.00,,
28/03/2018,5852,319465,29330.00,,
28/03/2018,5852,452833,11800.00,,
28/03/2018,5852,558905,39554.00,,
28/03/2018,5852,754437,26603.00,,
28/03/2018,5852,806104,1627.00,,
28/03/2018,5852,861023,103958.00,,
28/03/2018,5853,1,3007.00,,
28/03/2018,5853,18401,6005.00,,
28/03/2018,5853,29759,8011.00,,
28/03/2018,5853,256166,8010.00,,
28/03/2018,5853,596346,5602.00,,
28/03/2018,5853,710901,5275.00,,
28/03/2018,5853,710902,4548.00,,
28/03/2018,5853,856902,1672.00,,
28/03/2018,5853,877452,6576.00,,
28/03/2018,5854,14987,32913.00,,
28/03/2018,5855,15255,5461.00,,
28/03/2018,5855,29903,5775.00,,
28/03/2018,5855,47048,10780.00,,
28/03/2018,5855,63106,1929.00,,
28/03/2018,5855,69379,1990.00,,
28/03/2018,5855,201874,6984.00,,
28/03/2018,5855,233581,1147.00,,
28/03/2018,5855,400818,19531.00,,
28/03/2018,5855,490680,10164.00,,
28/03/2018,5855,545004,6834.00,,
28/03/2018,5855,673065,1710.00,,
28/03/2018,5855,809320,1787.00,,
28/03/2018,5855,965120,6716.00,,
28/03/2018,5856,185,3804.00,,
28/03/2018,5856,406,5302.00,,
28/03/2018,5856,4173,11447.00,,
28/03/2018,5856,6309,44860.00,,
28/03/2018,5856,14225,3263.00,,
28/03/2018,5856,49813,10793.00,,
28/03/2018,5856,563721,35193.00,,
28/03/2018,5856,826436,1613.00,,
28/03/2018,5856,905432,7292.00,,
28/03/2018,5856,975532,5342.00,,
28/03/2018,5857,19,5145.00,,
28/03/2018,5857,6054,2492.00,,
28/03/2018,5857,60755,1840.00,,
28/03/2018,5857,96998,2195.00,,
28/03/2018,5857,98920,3236.00,,
28/03/2018,5857,132716,3740.00,,
28/03/2018,5857,184194,28974.00,,
28/03/2018,5857,199594,12731.00,,
28/03/2018,5857,246552,14557.00,,
28/03/2018,5857,314619,6429.00,,
28/03/2018,5857,531803,7882.00,,
28/03/2018,5857,532864,11076.00,,
28/03/2018,5857,648242,3032.00,,
28/03/2018,5858,289667,14886.00,,
29/03/2018,5875,4023,23618.00,,
29/03/2018,5875,10068,12250.00,,
29/03/2018,5875,15188,919.00,,
29/03/2018,5875,17304,41840.00,,
29/03/2018,5875,156010,9181.00,,
29/03/2018,5875,572707,1531.00,,
29/03/2018,5875,572708,6570.00,,
29/03/2018,5876,5,2123.00,,
29/03/2018,5876,22,6978.00,,
29/03/2018,5876,24,4728.00,,
29/03/2018,5876,200807,10032.00,,
29/03/2018,5876,375887,9769.00,,
29/03/2018,5876,375888,640.00,,
29/03/2018,5876,480386,8948.00,,
29/03/2018,5876,602218,1670.00,,
29/03/2018,5876,602219,3206.00,,
29/03/2018,5876,623692,13537.00,,
29/03/2018,5876,645472,28958.00,,
29/03/2018,5876,920618,34767.00,,
29/03/2018,5876,920619,34047.00,,
29/03/2018,5877,8,16017.00,,
29/03/2018,5877,38,24781.00,,
29/03/2018,5877,39702,3002.00,,
29/03/2018,5877,39732,12010.00,,
29/03/2018,5877,164979,31673.00,,
29/03/2018,5877,166311,3595.00,,
29/03/2018,5877,318997,5000.00,,
29/03/2018,5877,413988,8104.00,,
29/03/2018,5877,477969,54648.00,,
29/03/2018,5877,519702,25986.00,,
29/03/2018,5877,519703,24020.00,,
29/03/2018,5877,734505,12270.00,,
29/03/2018,5877,740731,30417.00,,
29/03/2018,5878,166312,74055.00,,
29/03/2018,5878,375889,13734.00,,
29/03/2018,5879,89515,118090.00,,
29/03/2018,5879,358898,27042.00,,
29/03/2018,5879,358899,22960.00,,
29/03/2018,5879,412617,2387.00,,
29/03/2018,5879,496159,4046.00,,
29/03/2018,5879,547243,11400.00,,
29/03/2018,5879,672351,15272.00,,
29/03/2018,5879,713930,9798.00,,
29/03/2018,5879,722861,17214.00,,
29/03/2018,5879,736774,12022.00,,
29/03/2018,5880,80,33621.00,,
29/03/2018,5880,3627,50822.00,,
29/03/2018,5880,31568,2373.00,,
29/03/2018,5880,31937,26055.00,,
29/03/2018,5880,237846,8900.00,,
29/03/2018,5880,241592,3395.00,,
29/03/2018,5880,362528,46040.00,,
29/03/2018,5880,388142,3724.00,,
29/03/2018,5880,388143,3724.00,,
29/03/2018,5880,400239,13744.00,,
29/03/2018,5880,410778,7557.00,,
29/03/2018,5880,472039,6114.00,,
29/03/2018,5880,650348,1873.00,,
29/03/2018,5881,3319,12090.00,,
29/03/2018,5881,59309,1560.00,,
29/03/2018,5881,106667,31000.00,,
29/03/2018,5881,306120,12616.00,,
29/03/2018,5881,693132,3227.00,,
29/03/2018,5881,920266,16576.00,,
29/03/2018,5881,940106,3682.00,,
29/03/2018,5881,940107,11481.00,,
29/03/2018,5881,944513,3690.00,,
29/03/2018,5881,961254,10698.00,,
29/03/2018,5881,961255,153500.00,,
29/03/2018,5881,961256,11178.00,,
29/03/2018,5881,961257,154691.00,,
29/03/2018,5882,75126,750000.00,,
29/03/2018,5883,290647,33333.00,,
29/03/2018,5884,161,5000.00,,
29/03/2018,5884,112953,15185.00,,
29/03/2018,5884,219266,1814.00,,
29/03/2018,5884,268983,18819.00,,
29/03/2018,5884,326937,28891.00,,
29/03/2018,5884,429201,4511.00,,
29/03/2018,5884,513431,653.00,,
29/03/2018,5884,652570,10702.00,,
29/03/2018,5884,652572,2616.00,,
29/03/2018,5884,665497,6516.00,,
29/03/2018,5884,747142,11884.00,,
29/03/2018,5884,914635,65820.00,,
29/03/2018,5884,914796,14813.00,,
29/03/2018,5885,22,9854.00,,
29/03/2018,5885,3637,10172.00,,
29/03/2018,5885,23262,3098.00,,
29/03/2018,5885,205618,60050.00,,
29/03/2018,5885,472235,918.00,,
29/03/2018,5885,536736,49197.00,,
29/03/2018,5885,664186,15301.00,,
29/03/2018,5885,832973,6065.00,,
30/03/2018,5901,23,7973.00,,
30/03/2018,5901,28,29603.00,,
30/03/2018,5901,32782,12120.00,,
30/03/2018,5901,384614,40473.00,,
30/03/2018,5901,447146,13073.00,,
30/03/2018,5901,473091,18708.00,,
30/03/2018,5901,577311,101936.00,,
31/03/2018,5917,4515,4643.00,,
31/03/2018,5917,7800,37938.00,,
31/03/2018,5917,25852,23241.00,,
31/03/2018,5917,101637,1595.00,,
31/03/2018,5917,101638,1750.00,,
31/03/2018,5918,12054,20852.00,,
31/03/2018,5918,38162,12253.00,,
31/03/2018,5918,137545,36318.00,,
31/03/2018,5918,219284,24896.00,,
31/03/2018,5918,274644,3244.00,,
31/03/2018,5918,306172,25319.00,,
31/03/2018,5918,407378,7007.00,,
31/03/2018,5918,413490,22840.00,,
31/03/2018,5918,452834,16381.00,,
31/03/2018,5918,566659,4937.00,,
31/03/2018,5918,600428,32040.00,,
31/03/2018,5918,632444,27541.00,,
31/03/2018,5918,833646,22120.00,,
31/03/2018,5919,3,15337.00,,
31/03/2018,5919,11,16346.00,,
31/03/2018,5919,37,1847.00,,
31/03/2018,5919,37,4843.00,,
31/03/2018,5919,8015,10626.00,,
31/03/2018,5919,8016,10715.00,,
31/03/2018,5919,37532,10211.00,,
31/03/2018,5919,47088,4134.00,,
31/03/2018,5919,49739,65562.00,,
31/03/2018,5919,298756,509.00,,
31/03/2018,5919,438733,3456.00,,
31/03/2018,5919,507109,7183.00,,
31/03/2018,5919,588865,12135.00,,
31/03/2018,5919,924590,18986.00,,
31/03/2018,5920,10,79294.00,,
31/03/2018,5920,283,19320.00,,
31/03/2018,5920,330,50778.00,,
31/03/2018,5920,5333,44299.00,,
31/03/2018,5920,8013,6839.00,,
31/03/2018,5920,21820,63068.00,,
31/03/2018,5920,178099,4708.00,,
31/03/2018,5920,321577,71641.00,,
31/03/2018,5920,341836,10733.00,,
31/03/2018,5920,469058,18307.00,,
31/03/2018,5920,645415,12000.00,,
31/03/2018,5920,757255,47713.00,,
31/03/2018,5920,947909,11947.00,,
31/03/2018,5921,13,61098.00,,
31/03/2018,5921,12071,6113.00,,
31/03/2018,5922,393216,3600.00,,
31/03/2018,5922,750111,28809.00,,
31/03/2018,5924,122,8145.00,,
31/03/2018,5924,7960,30621.00,,
31/03/2018,5924,7962,1313.00,,
31/03/2018,5924,124191,53625.00,,
31/03/2018,5924,169453,8179.00,,
31/03/2018,5924,175133,40703.00,,
31/03/2018,5924,203106,2145.00,,
31/03/2018,5924,268736,3263.00,,
31/03/2018,5924,339158,20483.00,,
31/03/2018,5924,475437,1464.00,,
31/03/2018,5924,491079,26572.00,,
31/03/2018,5924,517063,12010.00,,
31/03/2018,5924,877529,11396.00,,
31/03/2018,5925,4392,3504.00,,
31/03/2018,5925,7961,27205.00,,
31/03/2018,5925,23917,3752.00,,
31/03/2018,5925,205619,4707.00,,
31/03/2018,5925,264635,11200.00,,
31/03/2018,5925,273435,50045.00,,
31/03/2018,5925,285691,10635.00,,
31/03/2018,5925,285692,5037.00,,
31/03/2018,5925,304719,13018.00,,
31/03/2018,5925,304720,8439.00,,
31/03/2018,5925,320390,11337.00,,
31/03/2018,5925,496663,15690.00,,
31/03/2018,5925,896124,34832.00,,
31/03/2018,5926,4,27221.00,,
31/03/2018,5926,34,4802.00,,
31/03/2018,5926,6532,12522.00,,
31/03/2018,5926,9420,18015.00,,
31/03/2018,5926,38011,14000.00,,
31/03/2018,5926,58858,5804.00,,
31/03/2018,5926,272593,4000.00,,
31/03/2018,5926,278934,16818.00,,
31/03/2018,5926,302210,8130.00,,
31/03/2018,5926,439585,6005.00,,
31/03/2018,5926,758809,6215.00,,
31/03/2018,5926,835169,12414.00,,
31/03/2018,5926,835171,8815.00,,
31/03/2018,5928,2,3002.00,,
31/03/2018,5928,19,743.00,,
31/03/2018,5928,63,5754.00,,
31/03/2018,5928,5347,4240.00,,
31/03/2018,5928,12174,2254.00,,
31/03/2018,5928,15883,13154.00,,
31/03/2018,5928,26727,3819.00,,
31/03/2018,5928,100733,2144.00,,
31/03/2018,5928,142647,3784.00,,
31/03/2018,5928,142648,11493.00,,
31/03/2018,5928,282709,2310.00,,
31/03/2018,5928,453356,11173.00,,
31/03/2018,5928,540612,13941.00,,
31/03/2018,5929,30,17098.00,,
31/03/2018,5929,8507,41000.00,,
31/03/2018,5929,8508,6140.00,,
31/03/2018,5929,24813,9023.00,,
31/03/2018,5929,159609,12909.00,,
31/03/2018,5929,228507,15733.00,,
31/03/2018,5929,248854,19771.00,,
31/03/2018,5929,381504,22096.00,,
31/03/2018,5929,476812,98648.00,,
31/03/2018,5929,601146,28393.00,,
31/03/2018,5929,606685,5157.00,,
31/03/2018,5929,711225,9134.00,,
31/03/2018,5929,911466,10242.00,,
31/03/2018,5930,8,13381.00,,
31/03/2018,5930,2941,125613.00,,
31/03/2018,5930,2942,38330.00,,
31/03/2018,5930,14427,16090.00,,
31/03/2018,5930,180295,8029.00,,
31/03/2018,5930,282150,16075.00,,
31/03/2018,5930,348209,35200.00,,
31/03/2018,5930,443136,2787.00,,
31/03/2018,5931,36,38171.00,,
31/03/2018,5931,39,3862.00,,
31/03/2018,5931,40,12525.00,,
31/03/2018,5931,15810,5629.00,,
31/03/2018,5931,69227,20139.00,,
31/03/2018,5931,118418,9405.00,,
31/03/2018,5931,352093,14021.00,,
31/03/2018,5931,603602,34556.00,,
31/03/2018,5931,693015,62210.00,,
31/03/2018,5931,745392,68535.00,,
31/03/2018,5931,917924,7885.00,,
31/03/2018,5931,919098,3051.00,,
31/03/2018,5931,924821,25494.00,,
31/03/2018,5932,4,24986.00,,
31/03/2018,5932,16,12412.00,,
31/03/2018,5932,38,3862.00,,
31/03/2018,5932,38012,4075.00,,
31/03/2018,5932,42197,4233.00,,
31/03/2018,5932,61155,11652.00,,
31/03/2018,5932,223132,37760.00,,
31/03/2018,5932,223133,128728.00,,
31/03/2018,5932,234417,23520.00,,
31/03/2018,5932,378537,81768.00,,
31/03/2018,5932,579324,1853.00,,
31/03/2018,5933,4666,30095.00,,
31/03/2018,5933,7010,30571.00,,
31/03/2018,5933,49600,29843.00,,
31/03/2018,5933,261098,22553.00,,
31/03/2018,5933,282637,13471.00,,
31/03/2018,5933,283145,29653.00,,
31/03/2018,5933,318868,13266.00,,
31/03/2018,5933,352285,12696.00,,
31/03/2018,5933,362954,30257.00,,
31/03/2018,5933,452689,2287.00,,
31/03/2018,5933,786564,41139.00,,
31/03/2018,5933,892505,17482.00,,
31/03/2018,5933,914082,40123.00,,
31/03/2018,5934,14706,21253.00,,
31/03/2018,5934,42048,3119.00,,
31/03/2018,5934,60152,12800.00,,
31/03/2018,5934,60153,1977.00,,
31/03/2018,5934,60154,3076.00,,
31/03/2018,5934,178554,47104.00,,
31/03/2018,5934,269909,56251.00,,
31/03/2018,5934,363072,2750.00,,
31/03/2018,5934,452546,827.00,,
31/03/2018,5934,616374,23423.00,,
31/03/2018,5934,789644,6816.00,,
31/03/2018,5934,886398,15734.00,,
31/03/2018,5934,979508,24195.00,,
31/03/2018,5935,3248,9777.00,,
31/03/2018,5935,53012,5147.00,,
31/03/2018,5936,295469,1692.00,,
31/03/2018,5951,6067,19376.00,,
31/03/2018,5955,48724,15958.00,,
31/03/2018,5955,48725,4327.00,,
31/03/2018,5955,76578,5000.00,,
31/03/2018,5955,190374,13557.00,,
31/03/2018,5955,839634,15341.00,,
31-03-2018,5996,4174,5157.00,,
31-03-2018,5996,8017,117235.00,,
31-03-2018,5996,12854,13770.00,,
31-03-2018,5996,18224,3166.00,,
31-03-2018,5996,75619,18000.00,,
31-03-2018,5996,75620,18000.00,,
31-03-2018,5996,75621,18000.00,,
31-03-2018,5996,75622,18000.00,,
31-03-2018,5996,101639,4700.00,,
31-03-2018,5996,101640,3064.00,,
31-03-2018,5996,456105,28620.00,,
31-03-2018,5996,728354,5785.00,,
31-03-2018,5996,856863,52212.00,,
31-03-2018,5997,76577,10000.00,,
31/03/2018,6000,0,1572152.00,,
31-03-2018,6031,2,7061.00,,
31-03-2018,6031,13,23540.00,,
31-03-2018,6031,14,23540.00,,
31-03-2018,6031,12855,42189.00,,
31-03-2018,6031,14996,31671.00,,
31-03-2018,6031,36165,1890.00,,
31-03-2018,6031,223613,14000.00,,
31-03-2018,6031,253680,23297.00,,
31-03-2018,6031,285258,12219.00,,
31-03-2018,6031,790890,31671.00,,
31-03-2018,6031,921307,20000.00,,
31-03-2018,6031,959077,50000.00,,
31-03-2018,6032,1005,57287.00,,
31-03-2018,6032,1941,28394.00,,
31-03-2018,6032,43259,1750.00,,
31-03-2018,6032,275689,1502.00,,
31-03-2018,6032,747588,49283.00,,
31-03-2018,6060,104,9300.00,,
31-03-2018,6060,578,20000.00,,
31-03-2018,6060,2965,6043.00,,
31-03-2018,6060,3248,6776.00,,
31-03-2018,6060,42634,12800.00,,
31-03-2018,6060,43135,3119.00,,
31-03-2018,6060,56101,20000.00,,
31-03-2018,6060,66475,30422.00,,
31-03-2018,6060,89518,58589.00,,
31-03-2018,6060,89519,59500.00,,
31-03-2018,6060,303572,19552.00,,
31-03-2018,6060,620967,49743.00,,
31-03-2018,6061,15502,5000.00,,
31-03-2018,6061,63954,5000.00,,
31-03-2018,6061,441608,7800.00,,
31-03-2018,6061,692146,10850.00,,
31-03-2018,6124,27107,105000.00,,
31-03-2018,6124,48727,10000.00,,
31-03-2018,6124,61015,5000.00,,
31-03-2018,6124,63956,5000.00,,
31-03-2018,6124,231933,2066.00,,
31-03-2018,6124,982433,15183.00,,
30/04/2018,,0,4669385.00,,
31-03-2018,,0,1148500.00,,
