CPNC AS ON -02-2017,,,,,
TRAN DATE,Pay in slip,CHQ NO,amount,,
,,Total,26446204.24,0.00,47663096.00
,,,,,
15-03-2008,,72647,4197.20,,
09-04-2008,,3363593,796.00,,
16-04-2008,,86529,3757.00,,
08-05-2008,,377269,9191.00,,
31-05-2008,,107176,886.00,,
31-05-2008,,216429,963.50,,
31-05-2008,,137053,2826.00,,
31-05-2008,,704493,2838.00,,
03-02-2009,,764959,448.40,,
06-02-2009,,939235,5419.00,,
09-02-2009,,45177,110.00,,
09-02-2009,,175782,409.00,,
09-02-2009,,13356,499.00,,
09-02-2009,,13795,499.00,,
09-02-2009,,512314,557.00,,
09-02-2009,,37463000,776.00,,
09-02-2009,,135973,2255.00,,
09-02-2009,,428644,2591.00,,
09-02-2009,,22553000,4700.00,,
09-02-2009,,802467,5416.00,,
09-02-2009,,16547620,5705.00,,
11-02-2009,,679031,7595.00,,
12-02-2009,,5758736,853.00,,
12-02-2009,,5758735,859.00,,
12-02-2009,,621123,1207.50,,
12-02-2009,,125673,1319.00,,
12-02-2009,,99283,1366.00,,
12-02-2009,,323134,3107.00,,
12-02-2009,,3889710,5544.00,,
12-02-2009,,20231,7404.00,,
12-02-2009,,,9782.72,,
13-02-2009,,721245,3920.00,,
13-02-2009,,3714297,9709.00,,
14-02-2009,,343141,822.00,,
14-02-2009,,310367,1163.00,,
14-02-2009,,660283,3136.00,,
14-02-2009,,3820436,3178.00,,
14-02-2009,,930338,5416.00,,
14-02-2009,,81469,6285.00,,
16-02-2009,,84771,250.00,,
16-02-2009,,3341815,2038.00,,
16-02-2009,,9113803,5000.00,,
17-03-2009,,287230,1619.00,,
17-03-2009,,664563,1767.00,,
17-03-2009,,664213,3418.00,,
03-07-2009,,13729,854.00,,
03-07-2009,,979093,2236.00,,
03-07-2009,,64707,4157.00,,
03-07-2009,,66560,8126.00,,
24-12-2009,,109735,2579.00,,
24-12-2009,,386531,4642.00,,
24-12-2009,,726243,5441.00,,
26-12-2009,,713355,2041.00,,
26-12-2009,,740424,2516.00,,
26-12-2009,,699018,4698.00,,
26-12-2009,,301662,5861.00,,
26-12-2009,,827301,9352.00,,
29-12-2009,,622514,1441.00,,
29-12-2009,,263295,2855.00,,
29-12-2009,,295306,3258.00,,
30-12-2009,,184749,1215.00,,
30-12-2009,,694692,1459.00,,
30-12-2009,,80822,1516.00,,
30-12-2009,,920786,2668.00,,
30-12-2009,,491625,3257.00,,
30-12-2009,,188337,3576.00,,
30-12-2009,,90223,4662.00,,
30-12-2009,,74679,8196.00,,
06-01-2010,,121709,716.00,,
06-01-2010,,597660,1648.00,,
07-01-2010,,110283,496.00,,
07-01-2010,,927121,1006.00,,
07-01-2010,,43099,1223.00,,
07-01-2010,,212886,1561.00,,
12-01-2010,,308708,811.00,,
06-02-2010,,308706,811.00,,
07-03-2010,,181828,1798.00,,
12-03-2010,,295311,3258.00,,
12-03-2010,,35552,5300.00,,
27-03-2010,,548931,1247.00,,
27-03-2010,,17759,1409.00,,
27-03-2010,,564990,2320.00,,
27-03-2010,,425863,2637.00,,
27-03-2010,,5443,3567.00,,
27-03-2010,,548932,5423.00,,
27-03-2010,,763120,7299.00,,
29-03-2010,,237187,1024.00,,
29-03-2010,,174920,4713.00,,
30-03-2010,,303320,836.00,,
30-03-2010,,303319,1644.00,,
30-03-2010,,303321,4202.00,,
30-03-2010,,303322,6215.00,,
31-03-2010,,679568,1395.00,,
31-03-2010,,74249,1655.50,,
06-04-2010,,719028,1567.00,,
12-04-2010,,2927,245.00,,
12-04-2010,,300012,653.50,,
21-04-2010,,242254,1800.00,,
29-04-2010,,686600,671.00,,
30-04-2010,,231153,876.00,,
30-04-2010,,855090,3258.00,,
05-05-2010,,909655,1349.00,,
10-05-2010,,264559,2878.00,,
10-05-2010,,691593,3554.00,,
10-05-2010,,488098,4421.00,,
10-05-2010,,540313,6965.00,,
10-05-2010,,883399,14596.00,,
10-05-2010,,890802,16344.00,,
14-05-2010,,992950,429.00,,
14-05-2010,,992949,1421.00,,
17-05-2010,,565581,501.30,,
17-05-2010,,546322,533.00,,
17-05-2010,,566529,825.00,,
20-05-2010,,567683,841.00,,
20-05-2010,,501625,1184.00,,
26-05-2010,,787522,689.00,,
04-06-2010,,567133,709.50,,
04-06-2010,,574615,827.00,,
04-06-2010,,75116,964.00,,
04-06-2010,,567134,1004.80,,
04-06-2010,,565152,1868.70,,
04-06-2010,,549307,3400.00,,
04-06-2010,,565153,7724.00,,
19-06-2010,,31624,782.00,,
22-06-2010,,231259,494.00,,
28-06-2010,,159430,160.00,,
28-06-2010,,126704,199.00,,
28-06-2010,,147475,243.00,,
28-06-2010,,2785,596.00,,
28-06-2010,,131058,731.00,,
30-06-2010,,146017,243.00,,
30-06-2010,,49453,361.00,,
30-06-2010,,212896,722.00,,
30-06-2010,,93378,731.00,,
30-06-2010,,789966,1874.00,,
30-06-2010,,788058,1995.00,,
04-07-2010,,567256,4072.00,,
12-07-2010,,750038,3409.00,,
04-08-2010,,76604,3659.00,,
12-08-2010,,116830,4728.00,,
26-08-2010,,22418,456.00,,
27-08-2010,,34796,919.00,,
31-08-2010,,67947,855.00,,
04-09-2010,,278985,3362.00,,
07-09-2010,,681939,171.00,,
04-10-2010,,680855,3421.00,,
05-10-2010,,986403,515.00,,
10-11-2010,,989950,1738.30,,
10-11-2010,,286641,4098.00,,
04-12-2010,,184651,1837.00,,
22-12-2010,,223506,2257.00,,
23-12-2010,,52078,5227.00,,
24-12-2010,,225719,3337.00,,
27-12-2010,,113482,2069.00,,
27-12-2010,,3439438,6315.00,,
28-12-2010,,728979,1634.00,,
29-12-2010,,14429,3226.00,,
30-12-2010,,5445333,822.00,,
30-12-2010,,83,1404.00,,
30-12-2010,,893188,3337.00,,
31-12-2010,,560269,5175.00,,
03-01-2011,,541808,1006.00,,
03-01-2011,,1423,1006.00,,
09-01-2011,,258373,5000.00,,
24-01-2011,,821267,2082.00,,
25-02-2011,,760134,1153.00,,
25-02-2011,,760357,1153.00,,
28-02-2011,,335807,5099.00,,
02-03-2011,,8561,250.00,,
03-05-2011,,44329,1795.00,,
03-05-2011,,735266,3039.00,,
20-06-2011,,94647,822.00,,
28-06-2011,,12705,3062.00,,
30-06-2011,,78061,3062.00,,
30-06-2011,,567507,4838.00,,
14-07-2011,,45675,311.61,,
20-07-2011,,113756,5301.00,,
21-07-2011,,233059,3000.00,,
23-07-2011,,753341,9222.00,,
25-07-2011,,113755,1377.00,,
25-07-2011,,113754,7338.00,,
25-07-2011,,120970,9141.00,,
01-08-2011,,90228,3136.00,,
03-08-2011,,819414,3221.00,,
11-09-2011,,235609,37745.00,,
16-09-2011,,742824,38450.00,,
01-10-2011,,39999,722.00,,
01-10-2011,,910734,722.00,,
01-10-2011,,910798,722.00,,
01-10-2011,,724819,1778.00,,
01-10-2011,,43428,1795.00,,
11-10-2011,,3873024,12010.00,,
31-10-2011,,758920,19223.00,,
31-10-2011,,505104,40000.00,,
26-11-2011,,746757,410.00,,
26-11-2011,,746586,3600.00,,
28-11-2011,,1875,1227.00,,
28-11-2011,,1875,1413.00,,
28-11-2011,,1875,1663.00,,
28-11-2011,,1875,1965.00,,
29-11-2011,,918768,5557.00,,
12-12-2011,,218898,2880.00,,
24-12-2011,,11045,4502.00,,
17-02-2016,4798,42859,3235.00,CDA,
27/02/2018,5229,375822,,03/01/2018,1261.00
27/02/2018,5229,375821,,03/01/2018,1300.00
27/02/2018,5229,7752,,03/01/2018,2205.00
27/02/2018,5229,254,,03/01/2018,7596.00
27/02/2018,5229,239,,03/01/2018,7800.00
27/02/2018,5229,5737,,03/01/2018,10171.00
27/02/2018,5229,269526,,03/01/2018,11381.00
27/02/2018,5229,918439,,03/01/2018,15445.00
27/02/2018,5229,754417,,03/01/2018,31859.00
27/02/2018,5230,7753,,03/01/2018,2170.00
27/02/2018,5230,7754,,03/01/2018,2187.00
27/02/2018,5230,44181,,03/01/2018,33787.00
27/02/2018,5230,139184,,03/01/2018,14993.00
27/02/2018,5230,165920,,03/01/2018,19163.00
27/02/2018,5230,199007,,03/01/2018,59491.00
27/02/2018,5230,457323,,03/01/2018,4290.00
27/02/2018,5230,659407,,03/01/2018,76800.00
27/02/2018,5230,671728,,03/01/2018,2143.00
27/02/2018,5230,980346,,03/01/2018,2731.00
27/02/2018,5231,6213,,03/01/2018,7632.00
27/02/2018,5231,160778,,03/01/2018,17039.00
27/02/2018,5231,170176,,03/01/2018,7374.00
27/02/2018,5231,400494,,03/01/2018,8495.00
27/02/2018,5231,827326,,03/01/2018,13193.00
27/02/2018,5231,883776,,03/01/2018,3002.00
27/02/2018,5231,890187,,03/01/2018,14555.00
27/02/2018,5231,948189,,03/01/2018,24457.00
27/02/2018,5231,988470,,03/01/2018,8896.00
27/02/2018,5232,373,,03/01/2018,1232.00
27/02/2018,5232,6755,,03/01/2018,4627.00
27/02/2018,5232,608060,,03/01/2018,5185.00
27/02/2018,5232,374,,03/01/2018,14681.00
27/02/2018,5232,33,,03/01/2018,15994.00
27/02/2018,5232,218131,,03/01/2018,22918.00
27/02/2018,5232,417,,03/01/2018,26559.00
27/02/2018,5232,375,,03/01/2018,28500.00
27/02/2018,5232,370224,,03/01/2018,32819.00
27/02/2018,5232,418,,03/01/2018,36551.00
27/02/2018,5232,416,,03/01/2018,42315.00
27/02/2018,5233,6,,03/01/2018,5306.00
27/02/2018,5233,16126,,03/01/2018,11527.00
27/02/2018,5233,19915,,03/01/2018,3909.00
27/02/2018,5233,56322,,03/01/2018,46620.00
27/02/2018,5233,196917,,03/01/2018,8064.00
27/02/2018,5233,450480,,03/01/2018,4147.00
27/02/2018,5233,490199,,03/01/2018,7092.00
27/02/2018,5233,507976,,03/01/2018,5345.00
27/02/2018,5233,662925,,03/01/2018,15922.00
27/02/2018,5233,756771,,03/01/2018,2406.00
27/02/2018,5233,910066,,03/01/2018,7297.00
27/02/2018,5233,3376532,,03/01/2018,55673.00
27/02/2018,5234,14403,,03/01/2018,48296.00
27/02/2018,5234,26732,,03/01/2018,18401.00
27/02/2018,5234,40964,,03/01/2018,15582.00
27/02/2018,5234,70304,,03/01/2018,15138.00
27/02/2018,5223,1852,,03/01/2018,9542.00
27/02/2018,5223,3690,,03/01/2018,23295.00
27/02/2018,5223,11296,,03/01/2018,15012.00
27/02/2018,5223,22782,,03/01/2018,6102.00
27/02/2018,5223,80808,,03/01/2018,20055.00
27/02/2018,5223,163468,,03/01/2018,67865.00
27/02/2018,5223,185757,,03/01/2018,18086.00
27/02/2018,5223,363284,,03/01/2018,9374.00
27/02/2018,5223,648304,,03/01/2018,12284.00
27/02/2018,5223,888431,,03/01/2018,10192.00
27/02/2018,5223,967716,,03/01/2018,32120.00
27/02/2018,5225,1,,03/01/2018,4751.00
27/02/2018,5225,12,,03/01/2018,13845.00
27/02/2018,5225,22751,,03/01/2018,6878.00
27/02/2018,5225,47951,,03/01/2018,11501.00
27/02/2018,5225,104656,,03/01/2018,36259.00
27/02/2018,5225,185758,,03/01/2018,16679.00
27/02/2018,5225,429200,,03/01/2018,6780.00
27/02/2018,5225,584911,,03/01/2018,130978.00
27/02/2018,5225,631809,,03/01/2018,7508.00
27/02/2018,5225,697564,,03/01/2018,106321.00
27/02/2018,5225,753842,,03/01/2018,3622.00
27/02/2018,5225,830791,,03/01/2018,13861.00
27/02/2018,5225,987779,,03/01/2018,24020.00
27/02/2018,5226,13,,03/01/2018,31034.00
27/02/2018,5226,27699,,03/01/2018,24003.00
27/02/2018,5226,96046,,03/01/2018,12010.00
27/02/2018,5226,145259,,03/01/2018,20739.00
27/02/2018,5226,183420,,03/01/2018,6726.00
27/02/2018,5226,247813,,03/01/2018,30325.00
27/02/2018,5226,260704,,03/01/2018,40596.00
27/02/2018,5226,294643,,03/01/2018,6125.00
27/02/2018,5226,300657,,03/01/2018,14416.00
27/02/2018,5226,536042,,03/01/2018,4530.00
27/02/2018,5226,553832,,03/01/2018,12387.00
27/02/2018,5226,662106,,03/01/2018,33856.00
27/02/2018,5226,913404,,03/01/2018,11790.00
27/02/2018,5227,2,,03/01/2018,14909.00
27/02/2018,5227,2524,,03/01/2018,43849.00
27/02/2018,5227,913403,,03/01/2018,3592.00
27/02/2018,5227,932582,,03/01/2018,48952.00
27/02/2018,5227,932583,,03/01/2018,42742.00
27/02/2018,5228,11,,03/01/2018,14318.00
27/02/2018,5228,15,,03/01/2018,20477.00
27/02/2018,5228,58284,,03/01/2018,23859.00
27/02/2018,5228,113595,,03/01/2018,21671.00
27/02/2018,5228,137599,,03/01/2018,8403.00
27/02/2018,5228,249108,,03/01/2018,614.00
27/02/2018,5228,249109,,03/01/2018,2275.00
27/02/2018,5228,268057,,03/01/2018,1837.00
27/02/2018,5228,432175,,03/01/2018,10840.00
27/02/2018,5228,698994,,03/01/2018,1273.00
27/02/2018,5228,778836,,03/01/2018,8759.00
27/02/2018,5228,817982,,03/01/2018,2800.00
27/02/2018,5228,861624,,03/01/2018,9740.00
27/02/2018,5229,428384,,03/01/2018,3604.00
27/02/2018,5229,505058,,03/01/2018,6065.00
27/02/2018,5229,865258,,03/01/2018,16731.00
28/02/2018,5270,CASH,,03/01/2018,4328849.00
27/02/2018,5229,23586,,03/05/2018,19479.00
27/02/2018,5232,327353,,03/05/2018,8264.00
27/02/2018,5232,327356,,03/05/2018,14806.00
27/02/2018,5233,128808,,03/05/2018,3843.00
27/02/2018,5234,26932,,03/05/2018,13805.00
03/01/2018,5306,cash,,03/05/2018,655197.00
03/05/2018,5339,cash,,03/06/2018,2723620.00
03/06/2018,5356,cash,,03/07/2018,2823946.00
28/02/2018,5254,35734,,03/08/2018,3215.00
28/02/2018,5254,69379,,03/08/2018,20738.00
28/02/2018,5254,225646,,03/08/2018,6154.00
28/02/2018,5254,295111,,03/08/2018,28811.00
28/02/2018,5259,16959,,03/08/2018,82063.00
28/02/2018,5259,16960,,03/08/2018,117800.00
28/02/2018,5259,23587,,03/08/2018,66656.00
28/02/2018,5260,16958,,03/08/2018,96548.00
28/02/2018,5261,79145,,03/08/2018,3433.00
28/02/2018,5262,231809,,03/08/2018,3210.00
28/02/2018,5268,2146945,,03/08/2018,29699.00
03/01/2018,5302,264508,,03/08/2018,100978.00
03/01/2018,5303,23879,,03/08/2018,1759.00
03/05/2018,5323,295431,,03/08/2018,10000.00
03/05/2018,5325,48025,,03/08/2018,12482.00
28/02/2018,5260,9181,,03/08/2018,38688.00
28/02/2018,5260,17422,,03/08/2018,8660.00
28/02/2018,5260,17424,,03/08/2018,24260.00
28/02/2018,5260,59425,,03/08/2018,20000.00
28/02/2018,5260,185759,,03/08/2018,23569.00
28/02/2018,5260,196074,,03/08/2018,16366.00
28/02/2018,5260,371038,,03/08/2018,10485.00
28/02/2018,5260,592443,,03/08/2018,24020.00
28/02/2018,5260,764493,,03/08/2018,4989.00
28/02/2018,5260,802545,,03/08/2018,3270.00
28/02/2018,5261,3,,03/08/2018,36183.00
28/02/2018,5261,20,,03/08/2018,79064.00
28/02/2018,5261,30,,03/08/2018,17372.00
28/02/2018,5261,33,,03/08/2018,3457.00
28/02/2018,5261,1149,,03/08/2018,6298.00
28/02/2018,5261,79237,,03/08/2018,6005.00
28/02/2018,5261,99893,,03/08/2018,2700.00
28/02/2018,5261,154037,,03/08/2018,9439.00
28/02/2018,5261,252355,,03/08/2018,2432.00
28/02/2018,5261,300112,,03/08/2018,3335.00
28/02/2018,5261,430587,,03/08/2018,5384.00
28/02/2018,5261,718308,,03/08/2018,7671.00
28/02/2018,5267,252,,03/08/2018,2544.00
28/02/2018,5267,253,,03/08/2018,7240.00
28/02/2018,5267,20927,,03/08/2018,6979.00
28/02/2018,5267,24571,,03/08/2018,46187.00
28/02/2018,5267,98008,,03/08/2018,7183.00
28/02/2018,5267,99731,,03/08/2018,589.00
28/02/2018,5267,169175,,03/08/2018,2550.00
28/02/2018,5267,282636,,03/08/2018,27996.00
28/02/2018,5267,390546,,03/08/2018,3534.00
28/02/2018,5267,390547,,03/08/2018,6923.00
28/02/2018,5267,390548,,03/08/2018,8799.00
28/02/2018,5267,571539,,03/08/2018,23126.00
28/02/2018,5267,579027,,03/08/2018,4783.00
28/02/2018,5268,474,,03/08/2018,12010.00
28/02/2018,5268,7571,,03/08/2018,1225.00
28/02/2018,5268,87074,,03/08/2018,14093.00
28/02/2018,5268,274169,,03/08/2018,6336.00
28/02/2018,5268,285490,,03/08/2018,3492.00
28/02/2018,5268,293393,,03/08/2018,2651.00
28/02/2018,5268,302998,,03/08/2018,1516.00
28/02/2018,5268,422091,,03/08/2018,11399.00
28/02/2018,5268,584805,,03/08/2018,11212.00
28/02/2018,5268,606100,,03/08/2018,42943.00
28/02/2018,5268,686253,,03/08/2018,13871.00
28/02/2018,5268,714910,,03/08/2018,12010.00
28/02/2018,5269,8446,,03/08/2018,18828.00
28/02/2018,5269,8447,,03/08/2018,45358.00
28/02/2018,5269,8448,,03/08/2018,22093.00
28/02/2018,5269,86225,,03/08/2018,35377.00
28/02/2018,5254,606684,,03/08/2018,17932.00
28/02/2018,5255,239,,03/08/2018,6410.00
28/02/2018,5255,54707,,03/08/2018,6530.00
28/02/2018,5255,63739,,03/08/2018,8269.00
28/02/2018,5255,271362,,03/08/2018,7865.00
28/02/2018,5255,386321,,03/08/2018,9608.00
28/02/2018,5255,390155,,03/08/2018,13884.00
28/02/2018,5255,410445,,03/08/2018,15544.00
28/02/2018,5255,424378,,03/08/2018,9766.00
28/02/2018,5255,503659,,03/08/2018,5981.00
28/02/2018,5255,610714,,03/08/2018,4543.00
28/02/2018,5255,610715,,03/08/2018,13440.00
28/02/2018,5255,824831,,03/08/2018,35397.00
28/02/2018,5255,839095,,03/08/2018,705.00
28/02/2018,5256,8449,,03/08/2018,60184.00
28/02/2018,5256,63351,,03/08/2018,12130.00
28/02/2018,5256,63352,,03/08/2018,8526.00
28/02/2018,5256,258710,,03/08/2018,12880.00
28/02/2018,5256,294300,,03/08/2018,12010.00
28/02/2018,5256,319150,,03/08/2018,33740.00
28/02/2018,5256,350706,,03/08/2018,4270.00
28/02/2018,5256,386322,,03/08/2018,3282.00
28/02/2018,5256,495940,,03/08/2018,12906.00
28/02/2018,5256,530232,,03/08/2018,40322.00
28/02/2018,5256,540024,,03/08/2018,7438.00
28/02/2018,5256,647940,,03/08/2018,2576.00
28/02/2018,5256,856792,,03/08/2018,23061.00
28/02/2018,5257,1148,,03/08/2018,7599.00
28/02/2018,5257,6214,,03/08/2018,164574.00
28/02/2018,5257,27154,,03/08/2018,25952.00
28/02/2018,5257,35603,,03/08/2018,25302.00
28/02/2018,5257,323298,,03/08/2018,17631.00
28/02/2018,5257,423841,,03/08/2018,6850.00
28/02/2018,5257,467713,,03/08/2018,60426.00
28/02/2018,5257,513630,,03/08/2018,3934.00
28/02/2018,5257,529301,,03/08/2018,7775.00
28/02/2018,5257,533263,,03/08/2018,4795.00
28/02/2018,5257,674857,,03/08/2018,24020.00
28/02/2018,5258,839096,,03/08/2018,706.00
28/02/2018,5260,335976,,03/08/2018,16395.00
28/02/2018,5260,699325,,03/08/2018,10011.00
03/01/2018,5301,321028,,03/08/2018,24020.00
03/01/2018,5301,523495,,03/08/2018,13220.00
03/01/2018,5302,215843,,03/08/2018,1225.00
03/01/2018,5302,679851,,03/08/2018,3143.00
03/01/2018,5303,263615,,03/08/2018,5974.00
03/01/2018,5303,455750,,03/08/2018,35523.00
03/01/2018,5303,478315,,03/08/2018,8140.00
03/01/2018,5303,478318,,03/08/2018,31752.00
03/01/2018,5303,499170,,03/08/2018,50954.00
03/01/2018,5303,521104,,03/08/2018,7156.00
03/01/2018,5303,541321,,03/08/2018,10639.00
03/01/2018,5303,560983,,03/08/2018,601.00
03/01/2018,5303,661145,,03/08/2018,6005.00
03/01/2018,5303,950565,,03/08/2018,25230.00
28/02/2018,5262,7206,,03/08/2018,6833.00
28/02/2018,5262,9867,,03/08/2018,30391.00
28/02/2018,5262,17092,,03/08/2018,37460.00
28/02/2018,5262,43246,,03/08/2018,7817.00
28/02/2018,5262,61568,,03/08/2018,5137.00
28/02/2018,5262,107858,,03/08/2018,9330.00
28/02/2018,5262,231808,,03/08/2018,8740.00
28/02/2018,5262,263614,,03/08/2018,7397.00
28/02/2018,5262,273336,,03/08/2018,1991.00
28/02/2018,5262,454922,,03/08/2018,28576.00
28/02/2018,5262,484923,,03/08/2018,26986.00
28/02/2018,5262,575760,,03/08/2018,10024.00
28/02/2018,5263,25,,03/08/2018,1985.00
28/02/2018,5263,1449,,03/08/2018,21835.00
28/02/2018,5263,45492,,03/08/2018,24169.00
28/02/2018,5263,135348,,03/08/2018,12552.00
28/02/2018,5263,452828,,03/08/2018,9187.00
28/02/2018,5263,510208,,03/08/2018,4027.00
28/02/2018,5263,510209,,03/08/2018,4134.00
28/02/2018,5263,652568,,03/08/2018,1238.00
28/02/2018,5263,704295,,03/08/2018,12845.00
28/02/2018,5263,852135,,03/08/2018,18057.00
28/02/2018,5263,922270,,03/08/2018,24726.00
28/02/2018,5263,953359,,03/08/2018,22127.00
28/02/2018,5263,996914,,03/08/2018,10412.00
28/02/2018,5264,1,,03/08/2018,132873.00
28/02/2018,5264,35512,,03/08/2018,12707.00
28/02/2018,5264,47950,,03/08/2018,7983.00
28/02/2018,5264,139016,,03/08/2018,3857.00
28/02/2018,5264,177421,,03/08/2018,2096.00
28/02/2018,5264,228661,,03/08/2018,7809.00
28/02/2018,5264,257844,,03/08/2018,68100.00
28/02/2018,5264,437511,,03/08/2018,12670.00
28/02/2018,5264,859654,,03/08/2018,19722.00
28/02/2018,5264,928014,,03/08/2018,6747.00
28/02/2018,5264,953358,,03/08/2018,18799.00
28/02/2018,5264,980029,,03/08/2018,41984.00
28/02/2018,5265,291702,,03/08/2018,4220.00
28/02/2018,5266,85261,,03/08/2018,5478.00
28/02/2018,5266,571503,,03/08/2018,2353.00
28/02/2018,5266,811766,,03/08/2018,12483.00
03/01/2018,5300,1433,,03/08/2018,78173.00
03/01/2018,5300,500055,,03/08/2018,8324.00
03/01/2018,5300,667102,,03/08/2018,12204.00
03/01/2018,5300,701854,,03/08/2018,3629.00
03/01/2018,5302,70,,03/08/2018,10000.00
03/01/2018,5302,1178,,03/08/2018,45481.00
03/01/2018,5302,16808,,03/08/2018,55345.00
03/01/2018,5302,22303,,03/08/2018,766.00
03/01/2018,5302,22901,,03/08/2018,1131.00
03/01/2018,5302,231810,,03/08/2018,9335.00
03/01/2018,5302,560984,,03/08/2018,4823.00
03/01/2018,5302,671727,,03/08/2018,2162.00
03/01/2018,5302,751096,,03/08/2018,12010.00
03/01/2018,5302,791159,,03/08/2018,1225.00
28/02/2018,5266,97110,,03/08/2018,45339.00
28/02/2018,5266,110358,,03/08/2018,30025.00
28/02/2018,5266,527233,,03/08/2018,6135.00
28/02/2018,5266,527235,,03/08/2018,6135.00
28/02/2018,5266,661982,,03/08/2018,11261.00
28/02/2018,5266,760079,,03/08/2018,2135.00
28/02/2018,5266,782999,,03/08/2018,7910.00
28/02/2018,5266,862289,,03/08/2018,6065.00
28/02/2018,5266,899777,,03/08/2018,9067.00
28/02/2018,5266,973348,,03/08/2018,7900.00
03/07/2018,5385,cash,,03/08/2018,2369825.00
28/02/2018,5264,202394,,03/08/2018,3210.00
03/05/2018,5327,1515,,03/09/2018,32520.00
03/05/2018,5327,16923,,03/09/2018,8557.00
03/05/2018,5327,38653,,03/09/2018,24997.00
03/05/2018,5327,75039,,03/09/2018,34557.00
03/05/2018,5327,175452,,03/09/2018,20878.00
03/05/2018,5327,179759,,03/09/2018,23996.00
03/05/2018,5327,270520,,03/09/2018,5340.00
03/05/2018,5327,397302,,03/09/2018,18600.00
03/05/2018,5327,528780,,03/09/2018,9089.00
03/05/2018,5327,529473,,03/09/2018,3772.00
03/05/2018,5327,546173,,03/09/2018,22993.00
03/05/2018,5327,571605,,03/09/2018,33033.00
03/05/2018,5327,960584,,03/09/2018,16190.00
03/05/2018,5331,191140,,03/09/2018,25735.00
03/05/2018,5326,397524,,03/09/2018,8896.00
03/05/2018,5328,10351,,03/09/2018,13969.00
03/05/2018,5328,35711,,03/09/2018,5348.00
03/05/2018,5328,64638,,03/09/2018,5589.00
03/05/2018,5328,88590,,03/09/2018,26474.00
03/05/2018,5328,94000,,03/09/2018,7406.00
03/05/2018,5328,212129,,03/09/2018,15613.00
03/05/2018,5328,225320,,03/09/2018,3484.00
03/05/2018,5328,397878,,03/09/2018,13245.00
03/05/2018,5328,507578,,03/09/2018,3500.00
03/05/2018,5328,531131,,03/09/2018,25489.00
03/05/2018,5328,531132,,03/09/2018,12221.00
03/05/2018,5328,555508,,03/09/2018,14402.00
03/05/2018,5328,982010,,03/09/2018,34292.00
03/05/2018,5329,72,,03/09/2018,9050.00
03/05/2018,5329,1282,,03/09/2018,4415.00
03/05/2018,5329,106559,,03/09/2018,8645.00
03/05/2018,5329,359362,,03/09/2018,10912.00
03/05/2018,5329,548755,,03/09/2018,35146.00
03/05/2018,5329,627230,,03/09/2018,8075.00
03/05/2018,5329,670313,,03/09/2018,6443.00
03/05/2018,5329,767932,,03/09/2018,24543.00
03/05/2018,5329,788964,,03/09/2018,27939.00
03/05/2018,5329,794700,,03/09/2018,10000.00
03/05/2018,5329,886964,,03/09/2018,11079.00
03/05/2018,5329,924917,,03/09/2018,3062.00
03/05/2018,5329,960505,,03/09/2018,6979.00
03/05/2018,5330,14,,03/09/2018,24320.00
03/05/2018,5330,32,,03/09/2018,12546.00
03/05/2018,5330,67,,03/09/2018,6691.00
03/05/2018,5330,47952,,03/09/2018,10376.00
03/05/2018,5330,138409,,03/09/2018,6222.00
03/05/2018,5330,161524,,03/09/2018,11240.00
03/05/2018,5330,216165,,03/09/2018,12216.00
03/05/2018,5330,218407,,03/09/2018,14145.00
03/05/2018,5330,269821,,03/09/2018,35056.00
03/05/2018,5330,300658,,03/09/2018,49716.00
03/05/2018,5330,454063,,03/09/2018,36120.00
03/05/2018,5330,840334,,03/09/2018,9550.00
03/05/2018,5330,881779,,03/09/2018,7682.00
03/05/2018,5331,1257,,03/09/2018,24186.00
03/05/2018,5331,19344,,03/09/2018,23066.00
03/05/2018,5331,280783,,03/09/2018,5148.00
03/05/2018,5331,357183,,03/09/2018,4781.00
03/05/2018,5331,374111,,03/09/2018,35166.00
03/05/2018,5331,540374,,03/09/2018,9608.00
03/05/2018,5331,561519,,03/09/2018,13806.00
03/05/2018,5331,713396,,03/09/2018,9500.00
03/05/2018,5331,319533,,03/09/2018,31365.00
03/05/2018,5331,495157,,03/09/2018,8593.00
03/05/2018,5331,537914,,03/09/2018,12010.00
03/05/2018,5332,3231,,03/09/2018,24020.00
03/05/2018,5332,3232,,03/09/2018,12010.00
03/05/2018,5332,668813,,03/09/2018,28808.00
03/05/2018,5332,668814,,03/09/2018,12010.00
03/05/2018,5332,682836,,03/09/2018,49153.00
03/05/2018,5333,8579,,03/09/2018,35122.00
03/05/2018,5333,16387,,03/09/2018,36030.00
03/05/2018,5333,110818,,03/09/2018,8602.00
03/05/2018,5333,309207,,03/09/2018,6818.00
03/05/2018,5333,342156,,03/09/2018,22238.00
03/05/2018,5333,575577,,03/09/2018,1773.00
03/05/2018,5333,609410,,03/09/2018,5000.00
03/05/2018,5333,625395,,03/09/2018,10030.00
03/05/2018,5333,718355,,03/09/2018,34196.00
03/05/2018,5333,780313,,03/09/2018,3420.00
03/05/2018,5333,840979,,03/09/2018,38110.00
03/05/2018,5333,877503,,03/09/2018,5849.00
03/05/2018,5334,415,,03/09/2018,1221.00
03/05/2018,5334,7982,,03/09/2018,6100.00
03/05/2018,5334,35710,,03/09/2018,7602.00
03/05/2018,5334,59751,,03/09/2018,27328.00
03/05/2018,5334,59752,,03/09/2018,26667.00
03/05/2018,5334,170376,,03/09/2018,16781.00
03/05/2018,5334,421164,,03/09/2018,7347.00
03/05/2018,5334,421165,,03/09/2018,33776.00
03/05/2018,5334,490286,,03/09/2018,18682.00
03/05/2018,5334,563651,,03/09/2018,3006.00
03/05/2018,5334,705421,,03/09/2018,7842.00
03/05/2018,5334,843585,,03/09/2018,6295.00
03/05/2018,5334,4033330,,03/09/2018,3205.00
03/05/2018,5335,4848,,03/09/2018,4329.00
03/05/2018,5335,7805,,03/09/2018,6089.00
03/05/2018,5335,42885,,03/09/2018,3564.00
03/05/2018,5335,63590,,03/09/2018,20437.00
03/05/2018,5335,71574,,03/09/2018,10874.00
03/05/2018,5335,71575,,03/09/2018,12010.00
03/05/2018,5335,253605,,03/09/2018,6436.00
03/05/2018,5335,455324,,03/09/2018,25482.00
03/05/2018,5335,495979,,03/09/2018,33628.00
03/05/2018,5335,660010,,03/09/2018,7507.00
03/05/2018,5335,772476,,03/09/2018,829.00
03/05/2018,5335,913484,,03/09/2018,5191.00
03/05/2018,5335,951235,,03/09/2018,2252.00
03/05/2018,5336,19859,,03/09/2018,11706.00
03/05/2018,5336,57232,,03/09/2018,16893.00
03/05/2018,5336,57233,,03/09/2018,19235.00
03/05/2018,5336,68885,,03/09/2018,29619.00
03/05/2018,5336,114622,,03/09/2018,2637.00
03/05/2018,5336,207535,,03/09/2018,1678.00
03/05/2018,5336,239876,,03/09/2018,11812.00
03/05/2018,5336,534950,,03/09/2018,1607.00
03/05/2018,5336,611797,,03/09/2018,11902.00
03/05/2018,5336,663833,,03/09/2018,11706.00
03/05/2018,5336,768475,,03/09/2018,18951.00
03/05/2018,5336,792197,,03/09/2018,28844.00
03/05/2018,5336,792199,,03/09/2018,3062.00
03/08/2018,5398,cash,,03/09/2018,2584169.00
03/10/2018,5441,cash,,13/03/2018,3438930.00
03/05/2018,5331,13331,,13-03-2018,3660.00
03/07/2018,5375,174007,,13-03-2018,16672.00
03/12/2018,5464,cash,,13-03-2018,2923500.00
03/06/2018,5349,281313,,13-03-2018,2422.00
03/06/2018,5349,3923,,13-03-2018,12555.00
03/06/2018,5349,209717,,13-03-2018,165527.00
03/06/2018,5343,841689,,14-03-2018,8809.00
03/06/2018,5344,292874,,14-03-2018,1425.00
03/06/2018,5344,754867,,14-03-2018,2910.00
03/06/2018,5344,14377,,14-03-2018,3871.00
03/06/2018,5344,337073,,14-03-2018,5401.00
03/06/2018,5344,518089,,14-03-2018,6380.00
03/06/2018,5344,708574,,14-03-2018,8691.00
03/06/2018,5344,325269,,14-03-2018,9581.00
03/06/2018,5344,271289,,14-03-2018,15132.00
03/06/2018,5344,140402,,14-03-2018,15719.00
03/06/2018,5344,32001,,14-03-2018,24120.00
03/06/2018,5344,14375,,14-03-2018,42022.00
03/06/2018,5344,14376,,14-03-2018,54607.00
03/06/2018,5345,813806,,14-03-2018,588.00
03/06/2018,5345,16,,14-03-2018,1181.00
03/06/2018,5345,397452,,14-03-2018,3598.00
03/06/2018,5345,1646,,14-03-2018,3641.00
03/06/2018,5345,813805,,14-03-2018,4176.00
03/06/2018,5345,841690,,14-03-2018,4237.00
03/06/2018,5345,486003,,14-03-2018,5034.00
03/06/2018,5345,682581,,14-03-2018,5516.00
03/06/2018,5345,609930,,14-03-2018,6405.00
03/06/2018,5345,974702,,14-03-2018,10335.00
03/06/2018,5345,974703,,14-03-2018,15429.00
03/06/2018,5345,14,,14-03-2018,23683.00
03/06/2018,5345,2913,,14-03-2018,30700.00
03/06/2018,5346,195923,,14-03-2018,2521.00
03/06/2018,5346,322442,,14-03-2018,3700.00
03/06/2018,5346,134646,,14-03-2018,6296.00
03/06/2018,5346,299283,,14-03-2018,6708.00
03/06/2018,5346,813804,,14-03-2018,8491.00
03/06/2018,5346,538343,,14-03-2018,11587.00
03/06/2018,5346,658281,,14-03-2018,11950.00
03/06/2018,5346,1,,14-03-2018,12271.00
03/06/2018,5346,552597,,14-03-2018,16000.00
03/06/2018,5346,966703,,14-03-2018,24020.00
03/06/2018,5346,966702,,14-03-2018,36030.00
03/06/2018,5346,65128,,14-03-2018,38673.00
03/06/2018,5347,137600,,14-03-2018,5516.00
03/06/2018,5347,52612,,14-03-2018,7047.00
03/06/2018,5347,951976,,14-03-2018,8031.00
03/06/2018,5347,520573,,14-03-2018,9794.00
03/06/2018,5347,727589,,14-03-2018,10279.00
03/06/2018,5347,932259,,14-03-2018,11160.00
03/06/2018,5347,839055,,14-03-2018,14345.00
03/06/2018,5347,778828,,14-03-2018,20567.00
03/06/2018,5347,966706,,14-03-2018,29017.00
03/06/2018,5347,2,,14-03-2018,30000.00
03/06/2018,5347,966704,,14-03-2018,30200.00
03/06/2018,5348,950616,,14-03-2018,2200.00
03/06/2018,5348,67880,,14-03-2018,3967.00
03/06/2018,5348,143725,,14-03-2018,4395.00
03/06/2018,5348,937061,,14-03-2018,8901.00
03/06/2018,5348,111035,,14-03-2018,9307.00
03/06/2018,5348,625964,,14-03-2018,18819.00
03/06/2018,5348,950615,,14-03-2018,39831.00
03/06/2018,5350,18,,14-03-2018,3603.00
03/06/2018,5350,156138,,14-03-2018,5000.00
03/06/2018,5350,58162,,14-03-2018,5021.00
03/06/2018,5350,437980,,14-03-2018,10539.00
03/06/2018,5350,108,,14-03-2018,12899.00
03/06/2018,5350,765415,,14-03-2018,13655.00
03/06/2018,5350,9197,,14-03-2018,13967.00
03/06/2018,5350,950447,,14-03-2018,19310.00
03/06/2018,5350,28009,,14-03-2018,24095.00
03/06/2018,5350,319509,,14-03-2018,27773.00
03/06/2018,5350,20497,,14-03-2018,31534.00
03/06/2018,5350,20496,,14-03-2018,41511.00
03/06/2018,5350,943803,,14-03-2018,56114.00
03/06/2018,5351,436019,,14-03-2018,3290.00
03/06/2018,5351,128828,,14-03-2018,4022.00
03/06/2018,5351,876032,,14-03-2018,5101.00
03/06/2018,5351,73519,,14-03-2018,6607.00
03/06/2018,5351,514432,,14-03-2018,7738.00
03/06/2018,5351,917569,,14-03-2018,8451.00
03/06/2018,5351,514430,,14-03-2018,13228.00
03/06/2018,5351,619727,,14-03-2018,16614.00
03/06/2018,5351,484524,,14-03-2018,16995.00
03/06/2018,5351,71159,,14-03-2018,23803.00
03/06/2018,5351,75320,,14-03-2018,27465.00
03/06/2018,5351,73520,,14-03-2018,34702.00
03/06/2018,5352,258978,,14-03-2018,2338.00
03/06/2018,5352,357858,,14-03-2018,2712.00
03/06/2018,5352,3256679,,14-03-2018,5187.00
03/06/2018,5352,18,,14-03-2018,6160.00
03/06/2018,5352,242893,,14-03-2018,8874.00
03/06/2018,5352,29762,,14-03-2018,9625.00
03/06/2018,5352,16273,,14-03-2018,12253.00
03/06/2018,5352,537269,,14-03-2018,28191.00
03/06/2018,5352,247106,,14-03-2018,29893.00
03/06/2018,5352,9223,,14-03-2018,40809.00
03/06/2018,5352,47087,,14-03-2018,41915.00
03/06/2018,5352,623079,,14-03-2018,44867.00
03/06/2018,5353,1675,,14-03-2018,2655.00
03/06/2018,5353,205773,,14-03-2018,3884.00
03/06/2018,5353,64254,,14-03-2018,4792.00
03/06/2018,5353,758180,,14-03-2018,6065.00
03/06/2018,5353,301178,,14-03-2018,11362.00
03/06/2018,5353,866139,,14-03-2018,11421.00
03/06/2018,5353,664432,,14-03-2018,14802.00
03/06/2018,5353,28,,14-03-2018,17979.00
03/06/2018,5353,4,,14-03-2018,19693.00
03/06/2018,5353,212064,,14-03-2018,20765.00
03/06/2018,5353,36760,,14-03-2018,21703.00
03/06/2018,5353,367599,,14-03-2018,21751.00
03/06/2018,5353,758550,,14-03-2018,47065.00
03/06/2018,5354,46223,,14-03-2018,2316.00
03/06/2018,5354,46224,,14-03-2018,2916.00
03/06/2018,5354,46222,,14-03-2018,2925.00
03/06/2018,5354,14563,,14-03-2018,3140.00
03/06/2018,5354,46221,,14-03-2018,4405.00
03/06/2018,5354,7164,,14-03-2018,6164.00
03/06/2018,5354,92881,,14-03-2018,7474.00
03/06/2018,5354,132802,,14-03-2018,8415.00
03/06/2018,5354,353983,,14-03-2018,10879.00
03/06/2018,5354,441747,,14-03-2018,14781.00
03/06/2018,5354,260226,,14-03-2018,24215.00
03/06/2018,5355,55128,,14-03-2018,12111.00
03/07/2018,5376,907440,,14-03-2018,1619.00
03/07/2018,5376,695855,,14-03-2018,3792.00
03/07/2018,5376,926495,,14-03-2018,6581.00
03/07/2018,5376,12358,,14-03-2018,9869.00
03/07/2018,5376,890160,,14-03-2018,13707.00
03/07/2018,5376,397525,,14-03-2018,18200.00
03/07/2018,5376,191002,,14-03-2018,21050.00
03/07/2018,5376,980370,,14-03-2018,24508.00
03/07/2018,5376,391179,,14-03-2018,24522.00
03/07/2018,5376,188010,,14-03-2018,33578.00
03/07/2018,5376,477180,,14-03-2018,34546.00
03/07/2018,5376,427658,,14-03-2018,47548.00
03/07/2018,5376,244218,,14-03-2018,52820.00
03/07/2018,5377,14777,,14-03-2018,2329.00
03/07/2018,5377,345056,,14-03-2018,4521.00
03/07/2018,5377,245866,,14-03-2018,8521.00
03/07/2018,5378,536773,,14-03-2018,1048.00
03/07/2018,5378,971638,,14-03-2018,3136.00
03/07/2018,5378,658764,,14-03-2018,4534.00
03/07/2018,5378,393205,,14-03-2018,6961.00
03/07/2018,5378,132291,,14-03-2018,9784.00
03/07/2018,5378,8231,,14-03-2018,13021.00
03/07/2018,5378,422298,,14-03-2018,14046.00
03/07/2018,5378,204244,,14-03-2018,15934.00
03/07/2018,5378,37026,,14-03-2018,18784.00
03/07/2018,5378,901458,,14-03-2018,20790.00
03/07/2018,5378,783828,,14-03-2018,21723.00
03/07/2018,5378,865625,,14-03-2018,27027.00
03/07/2018,5378,823556,,14-03-2018,28331.00
03/07/2018,5379,921584,,14-03-2018,826.00
03/07/2018,5379,422299,,14-03-2018,2502.00
03/07/2018,5379,385919,,14-03-2018,4040.00
03/07/2018,5379,671923,,14-03-2018,6106.00
03/07/2018,5379,385920,,14-03-2018,7357.00
03/07/2018,5379,423917,,14-03-2018,11702.00
03/07/2018,5379,219024,,14-03-2018,12130.00
03/07/2018,5379,32270,,14-03-2018,12993.00
03/07/2018,5379,1582,,14-03-2018,13202.00
03/07/2018,5379,413181,,14-03-2018,13689.00
03/07/2018,5379,671922,,14-03-2018,14826.00
03/07/2018,5379,996747,,14-03-2018,20438.00
03/07/2018,5379,29412,,14-03-2018,64912.00
03/07/2018,5380,28,,14-03-2018,449.00
03/07/2018,5380,52,,14-03-2018,4264.00
03/07/2018,5380,52483,,14-03-2018,15000.00
03/07/2018,5380,862239,,14-03-2018,26088.00
03/07/2018,5380,30312,,14-03-2018,75643.00
03/07/2018,5381,121361,,14-03-2018,921.00
03/07/2018,5381,11518,,14-03-2018,3524.00
03/07/2018,5381,369153,,14-03-2018,6182.00
03/07/2018,5381,42769,,14-03-2018,7966.00
03/07/2018,5381,898869,,14-03-2018,9307.00
03/07/2018,5381,756830,,14-03-2018,9958.00
03/07/2018,5381,8,,14-03-2018,10782.00
03/07/2018,5381,876671,,14-03-2018,12206.00
03/07/2018,5381,707549,,14-03-2018,12418.00
03/07/2018,5381,923991,,14-03-2018,13137.00
03/07/2018,5381,728,,14-03-2018,13789.00
03/07/2018,5381,212397,,14-03-2018,18097.00
03/07/2018,5381,693464,,14-03-2018,19082.00
03/07/2018,5382,103924,,14-03-2018,1271.00
03/07/2018,5382,103925,,14-03-2018,1271.00
03/07/2018,5382,770478,,14-03-2018,2725.00
03/07/2018,5382,788650,,14-03-2018,3267.00
03/07/2018,5382,103926,,14-03-2018,3361.00
03/07/2018,5382,135336,,14-03-2018,6305.00
03/07/2018,5382,44096,,14-03-2018,8567.00
03/07/2018,5382,4965468,,14-03-2018,9347.00
03/07/2018,5382,145394,,14-03-2018,13111.00
03/07/2018,5382,748,,14-03-2018,39838.00
03/07/2018,5382,42890,,14-03-2018,81974.00
03/07/2018,5382,22463,,14-03-2018,97552.00
03/07/2018,5383,48751,,14-03-2018,766.00
03/07/2018,5383,13406,,14-03-2018,4627.00
03/07/2018,5383,259676,,14-03-2018,5000.00
03/07/2018,5383,499952,,14-03-2018,5000.00
03/07/2018,5383,561711,,14-03-2018,7461.00
03/07/2018,5383,582355,,14-03-2018,9175.00
03/07/2018,5383,22,,14-03-2018,9775.00
03/07/2018,5383,541105,,14-03-2018,11179.00
03/07/2018,5383,959075,,14-03-2018,17225.00
03/07/2018,5383,259675,,14-03-2018,19390.00
03/07/2018,5383,933668,,14-03-2018,20444.00
03/07/2018,5383,756572,,14-03-2018,26406.00
03/07/2018,5383,6,,14-03-2018,46091.00
03/08/2018,5390,33072,,14-03-2018,4447.00
03/08/2018,5390,234593,,14-03-2018,10665.00
03/08/2018,5390,601446,,14-03-2018,13129.00
03/08/2018,5390,22735,,14-03-2018,16535.00
03/08/2018,5390,994821,,14-03-2018,18512.00
03/08/2018,5390,517060,,14-03-2018,27371.00
03/08/2018,5390,262668,,14-03-2018,30316.00
03/08/2018,5391,34674,,14-03-2018,971.00
03/08/2018,5391,963276,,14-03-2018,1197.00
03/08/2018,5391,121698,,14-03-2018,4141.00
03/08/2018,5391,38585,,14-03-2018,8400.00
03/08/2018,5391,72,,14-03-2018,11475.00
03/08/2018,5391,284781,,14-03-2018,12340.00
03/08/2018,5391,609322,,14-03-2018,13324.00
03/08/2018,5391,197929,,14-03-2018,15668.00
03/08/2018,5391,736669,,14-03-2018,19051.00
03/08/2018,5391,499664,,14-03-2018,26530.00
03/08/2018,5391,357822,,14-03-2018,44023.00
03/08/2018,5392,443847,,14-03-2018,5487.00
03/08/2018,5392,197928,,14-03-2018,5946.00
03/08/2018,5392,806983,,14-03-2018,6005.00
03/08/2018,5392,361724,,14-03-2018,6065.00
03/08/2018,5392,99047,,14-03-2018,7679.00
03/08/2018,5392,28955,,14-03-2018,11026.00
03/08/2018,5392,835731,,14-03-2018,14982.00
03/08/2018,5392,180113,,14-03-2018,24749.00
03/08/2018,5392,105889,,14-03-2018,26423.00
03/08/2018,5393,849204,,14-03-2018,1516.00
03/08/2018,5393,99048,,14-03-2018,2560.00
03/08/2018,5393,931391,,14-03-2018,4987.00
03/08/2018,5394,27,,14-03-2018,3428.00
03/08/2018,5395,135833,,14-03-2018,500.00
03/08/2018,5395,90045,,14-03-2018,803.00
03/08/2018,5395,409662,,14-03-2018,3468.00
03/08/2018,5395,17942,,14-03-2018,6511.00
03/08/2018,5395,8086,,14-03-2018,11902.00
03/08/2018,5395,190258,,14-03-2018,12457.00
03/08/2018,5395,857890,,14-03-2018,12717.00
03/08/2018,5395,24,,14-03-2018,13580.00
03/08/2018,5395,25,,14-03-2018,14152.00
03/08/2018,5395,714726,,14-03-2018,16672.00
03/08/2018,5395,377070,,14-03-2018,19216.00
03/08/2018,5395,409663,,14-03-2018,35578.00
03/08/2018,5395,7808,,14-03-2018,42754.00
03/08/2018,5396,714727,,14-03-2018,1244.00
03/08/2018,5396,40267,,14-03-2018,1571.00
03/08/2018,5396,4667,,14-03-2018,2545.00
03/08/2018,5396,914918,,14-03-2018,6035.00
03/08/2018,5396,7034,,14-03-2018,6125.00
03/08/2018,5396,38837,,14-03-2018,6664.00
03/08/2018,5396,27226,,14-03-2018,8019.00
03/08/2018,5396,17708,,14-03-2018,8439.00
03/08/2018,5396,42176,,14-03-2018,10375.00
03/08/2018,5396,291729,,14-03-2018,29764.00
03/08/2018,5396,357821,,14-03-2018,30501.00
03/08/2018,5396,659067,,14-03-2018,35431.00
03/08/2018,5396,12583,,14-03-2018,104019.00
03/08/2018,5397,61,,14-03-2018,1454.00
03/08/2018,5397,62,,14-03-2018,3109.00
03/08/2018,5397,357388,,14-03-2018,3300.00
03/08/2018,5397,901385,,14-03-2018,5974.00
03/08/2018,5397,872877,,14-03-2018,6215.00
03/08/2018,5397,872876,,14-03-2018,6371.00
03/08/2018,5397,104880,,14-03-2018,10757.00
03/08/2018,5397,259782,,14-03-2018,12625.00
03/08/2018,5397,5,,14-03-2018,13679.00
03/08/2018,5397,901386,,14-03-2018,14237.00
03/08/2018,5397,451817,,14-03-2018,18891.00
13/03/2018,5488,cash,,14-03-2018,2783806.00
03/09/2018,5417,105729,,15-03-2018,842.00
03/09/2018,5417,35285,,15-03-2018,1646.00
03/09/2018,5417,102419,,15-03-2018,2450.00
03/09/2018,5417,895576,,15-03-2018,15248.00
03/09/2018,5417,43887,,15-03-2018,21997.00
03/09/2018,5417,18922,,15-03-2018,26552.00
03/09/2018,5417,327703,,15-03-2018,27081.00
03/09/2018,5417,895575,,15-03-2018,39816.00
03/09/2018,5418,82303,,15-03-2018,3424.00
03/09/2018,5418,4847,,15-03-2018,5450.00
03/09/2018,5418,303764,,15-03-2018,5984.00
03/09/2018,5418,638300,,15-03-2018,6371.00
03/09/2018,5418,965155,,15-03-2018,6674.00
03/09/2018,5418,386310,,15-03-2018,7979.00
03/09/2018,5418,638299,,15-03-2018,13362.00
03/09/2018,5418,11,,15-03-2018,14070.00
03/09/2018,5418,5,,15-03-2018,20505.00
03/09/2018,5418,277381,,15-03-2018,21418.00
03/09/2018,5418,973255,,15-03-2018,24020.00
03/09/2018,5418,608385,,15-03-2018,48941.00
03/09/2018,5418,625788,,15-03-2018,509000.00
03/09/2018,5419,779081,,15-03-2018,459.00
03/09/2018,5419,185064,,15-03-2018,1605.00
03/09/2018,5419,28488,,15-03-2018,2024.00
03/09/2018,5419,28487,,15-03-2018,3277.00
03/09/2018,5419,536043,,15-03-2018,7322.00
03/09/2018,5419,533555,,15-03-2018,8806.00
03/09/2018,5419,29,,15-03-2018,16925.00
03/09/2018,5419,6215,,15-03-2018,36552.00
03/09/2018,5419,5247,,15-03-2018,55995.00
03/09/2018,5419,13535,,15-03-2018,57623.00
03/09/2018,5420,771543,,15-03-2018,2406.00
03/09/2018,5420,39609,,15-03-2018,5302.00
03/09/2018,5420,580292,,15-03-2018,6682.00
03/09/2018,5420,74196,,15-03-2018,7188.00
03/09/2018,5420,502646,,15-03-2018,9050.00
03/09/2018,5420,38608,,15-03-2018,10984.00
03/09/2018,5420,768166,,15-03-2018,19875.00
03/09/2018,5420,693011,,15-03-2018,21512.00
03/09/2018,5420,216326,,15-03-2018,24660.00
03/09/2018,5420,693012,,15-03-2018,28372.00
03/09/2018,5420,39608,,15-03-2018,31449.00
03/09/2018,5420,331557,,15-03-2018,41933.00
03/09/2018,5421,401409,,15-03-2018,1650.00
03/09/2018,5421,306805,,15-03-2018,6269.00
03/09/2018,5421,401410,,15-03-2018,9960.00
03/09/2018,5421,771541,,15-03-2018,12381.00
03/09/2018,5421,771542,,15-03-2018,13409.00
03/09/2018,5421,798684,,15-03-2018,18614.00
03/09/2018,5421,618879,,15-03-2018,19987.00
03/09/2018,5421,176966,,15-03-2018,31243.00
03/09/2018,5421,401412,,15-03-2018,42906.00
03/09/2018,5421,176967,,15-03-2018,46640.00
03/09/2018,5421,383647,,15-03-2018,53894.00
03/09/2018,5421,637,,15-03-2018,80374.00
03/09/2018,5422,857759,,15-03-2018,1377.00
03/09/2018,5422,474339,,15-03-2018,1431.00
03/09/2018,5422,775972,,15-03-2018,3200.00
03/09/2018,5422,899824,,15-03-2018,6500.00
03/09/2018,5422,58811,,15-03-2018,7049.00
03/09/2018,5422,65386,,15-03-2018,9187.00
03/09/2018,5422,806434,,15-03-2018,9800.00
03/09/2018,5422,806433,,15-03-2018,9810.00
03/09/2018,5422,44743,,15-03-2018,10487.00
03/09/2018,5422,845466,,15-03-2018,11592.00
03/09/2018,5422,833315,,15-03-2018,12900.00
03/09/2018,5422,846101,,15-03-2018,13117.00
03/09/2018,5422,863329,,15-03-2018,132022.00
03/09/2018,5423,44742,,15-03-2018,2256.00
03/09/2018,5423,58810,,15-03-2018,2267.00
03/09/2018,5423,83855,,15-03-2018,45087.00
03/10/2018,5440,883908,,15-03-2018,1779.00
03/10/2018,5440,8821,,15-03-2018,4910.00
03/10/2018,5440,355884,,15-03-2018,5509.00
03/10/2018,5440,502907,,15-03-2018,7000.00
03/10/2018,5440,340938,,15-03-2018,8629.00
03/10/2018,5440,10115,,15-03-2018,9706.00
03/10/2018,5440,495365,,15-03-2018,12010.00
03/10/2018,5440,672413,,15-03-2018,12010.00
03/10/2018,5440,478400,,15-03-2018,26404.00
03/12/2018,5447,593762,,15-03-2018,4325.00
03/12/2018,5447,495663,,15-03-2018,4804.00
03/12/2018,5447,159814,,15-03-2018,6460.00
03/12/2018,5447,58663,,15-03-2018,10147.00
03/12/2018,5447,860732,,15-03-2018,11744.00
03/12/2018,5447,744126,,15-03-2018,12010.00
03/12/2018,5449,1318,,15-03-2018,1686.00
03/12/2018,5449,295797,,15-03-2018,2258.00
03/12/2018,5449,53056,,15-03-2018,2749.00
03/12/2018,5449,602233,,15-03-2018,4661.00
03/12/2018,5449,8883,,15-03-2018,6850.00
03/12/2018,5449,1,,15-03-2018,6901.00
03/12/2018,5449,182345,,15-03-2018,7638.00
03/12/2018,5449,532841,,15-03-2018,8057.00
03/12/2018,5449,388601,,15-03-2018,8808.00
03/12/2018,5449,312,,15-03-2018,10927.00
03/12/2018,5449,127905,,15-03-2018,12867.00
03/12/2018,5449,532840,,15-03-2018,18094.00
03/12/2018,5449,636306,,15-03-2018,32783.00
03/12/2018,5450,335240,,15-03-2018,1684.00
03/12/2018,5450,5,,15-03-2018,3175.00
03/12/2018,5450,986862,,15-03-2018,3190.00
03/12/2018,5450,165122,,15-03-2018,4704.00
03/12/2018,5450,4,,15-03-2018,6326.00
03/12/2018,5450,62994,,15-03-2018,8500.00
03/12/2018,5450,108833,,15-03-2018,13584.00
03/12/2018,5450,75547,,15-03-2018,14715.00
03/12/2018,5450,159056,,15-03-2018,15165.00
03/12/2018,5450,948141,,15-03-2018,15365.00
03/12/2018,5450,622262,,15-03-2018,25908.00
03/12/2018,5450,188523,,15-03-2018,33041.00
03/12/2018,5450,8,,15-03-2018,38632.00
03/12/2018,5451,6,,15-03-2018,13215.00
03/12/2018,5451,52932,,15-03-2018,18163.00
03/12/2018,5451,31,,15-03-2018,25000.00
03/12/2018,5452,300198,,15-03-2018,719.00
03/12/2018,5452,58219,,15-03-2018,1638.00
03/12/2018,5452,11315,,15-03-2018,3002.00
03/12/2018,5452,735805,,15-03-2018,3268.00
03/12/2018,5452,7751,,15-03-2018,4341.00
03/12/2018,5452,698869,,15-03-2018,4608.00
03/12/2018,5452,140,,15-03-2018,5057.00
03/12/2018,5452,951674,,15-03-2018,6065.00
03/12/2018,5452,177690,,15-03-2018,12142.00
03/12/2018,5452,244523,,15-03-2018,16400.00
03/12/2018,5452,500941,,15-03-2018,18245.00
03/12/2018,5452,698870,,15-03-2018,19710.00
03/12/2018,5452,76489,,15-03-2018,23408.00
03/12/2018,5453,882,,15-03-2018,2650.00
03/12/2018,5453,711746,,15-03-2018,9036.00
03/12/2018,5453,43562,,15-03-2018,11710.00
03/12/2018,5453,781276,,15-03-2018,12007.00
03/12/2018,5453,881,,15-03-2018,12010.00
03/12/2018,5453,781273,,15-03-2018,12010.00
03/12/2018,5453,6311,,15-03-2018,13487.00
03/12/2018,5453,371040,,15-03-2018,18420.00
03/12/2018,5453,155474,,15-03-2018,18886.00
03/12/2018,5453,151979,,15-03-2018,23898.00
03/12/2018,5453,349527,,15-03-2018,24161.00
03/12/2018,5453,349362,,15-03-2018,33732.00
03/12/2018,5453,9324,,15-03-2018,54270.00
03/12/2018,5454,139039,,15-03-2018,2773.00
03/12/2018,5454,139037,,15-03-2018,3626.00
03/12/2018,5454,120366,,15-03-2018,6053.00
03/12/2018,5454,472270,,15-03-2018,7227.00
03/12/2018,5454,1677,,15-03-2018,9123.00
03/12/2018,5454,20898,,15-03-2018,10758.00
03/12/2018,5454,2716,,15-03-2018,21368.00
03/12/2018,5454,16839,,15-03-2018,27424.00
03/12/2018,5454,86747,,15-03-2018,30864.00
03/12/2018,5454,472271,,15-03-2018,32043.00
03/12/2018,5454,560476,,15-03-2018,32237.00
03/12/2018,5454,882060,,15-03-2018,38768.00
03/12/2018,5455,139034,,15-03-2018,3330.00
03/12/2018,5456,489716,,15-03-2018,1531.00
03/12/2018,5457,74918,,15-03-2018,2643.00
03/12/2018,5457,5222227,,15-03-2018,56015.00
03/12/2018,5459,182813,,15-03-2018,3634.00
03/12/2018,5459,269022,,15-03-2018,5176.00
03/12/2018,5459,659806,,15-03-2018,6126.00
03/12/2018,5459,8,,15-03-2018,6699.00
03/12/2018,5459,529472,,15-03-2018,6972.00
03/12/2018,5459,277194,,15-03-2018,9276.00
03/12/2018,5459,719969,,15-03-2018,15139.00
03/12/2018,5459,57182,,15-03-2018,20344.00
03/12/2018,5459,667153,,15-03-2018,24695.00
03/12/2018,5459,989652,,15-03-2018,29992.00
03/12/2018,5459,137183,,15-03-2018,41435.00
03/12/2018,5459,157423,,15-03-2018,43335.00
03/12/2018,5459,136683,,15-03-2018,48395.00
03/06/2018,5343,17447,,15-03-2018,3513.00
03/08/2018,5391,245701,,15-03-2018,3840.00
03/08/2018,5391,245702,,15-03-2018,5326.00
03/10/2018,5435,304527,,15-03-2018,6125.00
03/12/2018,5448,154642,,15-03-2018,6830.00
03/06/2018,5343,17448,,15-03-2018,12209.00
03/06/2018,5354,903398,,15-03-2018,12432.00
03/07/2018,5382,75612,,15-03-2018,14011.00
03/06/2018,5352,193663,,15-03-2018,16509.00
03/06/2018,5346,78457,,15-03-2018,24020.00
03/06/2018,5354,35937,,15-03-2018,26144.00
03/06/2018,5347,17449,,15-03-2018,26483.00
03/06/2018,5344,12206,,15-03-2018,33806.00
03/08/2018,5390,17546,,15-03-2018,60506.00
03/06/2018,5347,17450,,15-03-2018,66175.00
03/12/2018,5460,18,,15-03-2018,3192.00
03/12/2018,5460,23,,15-03-2018,2225.00
03/12/2018,5460,15103,,15-03-2018,6936.00
03/12/2018,5460,222172,,15-03-2018,6766.00
03/12/2018,5460,259305,,15-03-2018,5579.00
03/12/2018,5460,607323,,15-03-2018,419.00
03/10/2018,5436,11490,,15-03-2018,1631.00
03/10/2018,5436,273337,,15-03-2018,1991.00
03/10/2018,5436,541404,,15-03-2018,3977.00
03/10/2018,5436,411528,,15-03-2018,6005.00
03/10/2018,5436,43379,,15-03-2018,6140.00
03/10/2018,5436,439108,,15-03-2018,17200.00
03/10/2018,5436,777927,,15-03-2018,21262.00
03/10/2018,5436,593215,,15-03-2018,30025.00
03/10/2018,5436,136682,,15-03-2018,39772.00
03/10/2018,5436,136684,,15-03-2018,40141.00
03/10/2018,5436,751827,,15-03-2018,47335.00
03/10/2018,5436,751826,,15-03-2018,51939.00
03/10/2018,5436,802618,,15-03-2018,114845.00
03/10/2018,5437,207540,,15-03-2018,2491.00
03/10/2018,5437,5965,,15-03-2018,3002.00
03/10/2018,5437,933054,,15-03-2018,3205.00
03/10/2018,5437,217618,,15-03-2018,6480.00
03/10/2018,5437,184628,,15-03-2018,8088.00
03/10/2018,5437,386418,,15-03-2018,9501.00
03/10/2018,5437,411527,,15-03-2018,12010.00
03/10/2018,5437,907409,,15-03-2018,13474.00
03/10/2018,5437,907408,,15-03-2018,17202.00
03/10/2018,5437,454660,,15-03-2018,19500.00
03/10/2018,5437,5964,,15-03-2018,20903.00
03/10/2018,5437,291664,,15-03-2018,25445.00
03/10/2018,5437,5963,,15-03-2018,26998.00
03/10/2018,5438,881261,,15-03-2018,1463.00
03/10/2018,5438,20893,,15-03-2018,6618.00
03/10/2018,5438,881260,,15-03-2018,15000.00
03/10/2018,5438,48727,,15-03-2018,20587.00
03/10/2018,5439,687646,,15-03-2018,3668.00
03/10/2018,5439,106,,15-03-2018,11104.00
03/10/2018,5439,573247,,15-03-2018,14675.00
03/10/2018,5440,695318,,15-03-2018,19057.00
03/12/2018,5456,18,,15-03-2018,743.00
03/12/2018,5456,208321,,15-03-2018,1621.00
03/12/2018,5456,17,,15-03-2018,2304.00
03/12/2018,5456,391752,,15-03-2018,2724.00
03/12/2018,5456,444948,,15-03-2018,3181.00
03/12/2018,5456,630731,,15-03-2018,5975.00
03/12/2018,5456,57245,,15-03-2018,7934.00
03/12/2018,5456,827035,,15-03-2018,10100.00
03/12/2018,5456,14147,,15-03-2018,10842.00
03/12/2018,5456,332664,,15-03-2018,13241.00
03/12/2018,5456,47332,,15-03-2018,19026.00
03/12/2018,5456,461549,,15-03-2018,19344.00
03/12/2018,5457,391120,,15-03-2018,1531.00
03/12/2018,5458,856705,,15-03-2018,27663.00
03/12/2018,5458,17822,,15-03-2018,57731.00
03/12/2018,5458,154699,,15-03-2018,60051.00
03/12/2018,5458,338972,,15-03-2018,2051.00
03/12/2018,5458,25582,,15-03-2018,2326.00
03/12/2018,5458,397935,,15-03-2018,2798.00
03/12/2018,5458,458274,,15-03-2018,5024.00
03/12/2018,5458,130860,,15-03-2018,7300.00
03/12/2018,5458,105547,,15-03-2018,7998.00
03/12/2018,5458,716033,,15-03-2018,8204.00
03/12/2018,5458,60652,,15-03-2018,15785.00
03/12/2018,5458,919757,,15-03-2018,19614.00
03/12/2018,5458,470659,,15-03-2018,21233.00
14/03/2018,5512,cash,,15-03-2018,2287668.00
13/03/2018,5477,464913,,16-03-2018,2426.00
13/03/2018,5477,3212,,16-03-2018,4157.00
13/03/2018,5477,839098,,16-03-2018,1814.00
13/03/2018,5477,839097,,16-03-2018,4728.00
13/03/2018,5477,473470,,16-03-2018,5432.00
13/03/2018,5477,19932,,16-03-2018,6044.00
13/03/2018,5477,557287,,16-03-2018,6350.00
13/03/2018,5477,200780,,16-03-2018,16971.00
13/03/2018,5477,215575,,16-03-2018,17776.00
13/03/2018,5477,495561,,16-03-2018,20490.00
13/03/2018,5477,132450,,16-03-2018,55417.00
13/03/2018,5477,373048,,16-03-2018,72020.00
13/03/2018,5477,402122,,16-03-2018,130148.00
13/03/2018,5480,719244,,16-03-2018,3483.00
13/03/2018,5480,43250,,16-03-2018,18972.00
13/03/2018,5478,601706,,16-03-2018,4721.00
13/03/2018,5478,910126,,16-03-2018,15489.00
13/03/2018,5482,836728,,16-03-2018,2399.00
13/03/2018,5482,42958,,16-03-2018,3901.00
13/03/2018,5482,9,,16-03-2018,4345.00
13/03/2018,5482,843586,,16-03-2018,8410.00
13/03/2018,5482,248707,,16-03-2018,14298.00
13/03/2018,5482,111,,16-03-2018,15976.00
13/03/2018,5482,1,,16-03-2018,30088.00
13/03/2018,5482,430105,,16-03-2018,53487.00
13/03/2018,5482,30768,,16-03-2018,58096.00
13/03/2018,5482,166308,,16-03-2018,61175.00
13/03/2018,5482,166309,,16-03-2018,62961.00
13/03/2018,5482,214466,,16-03-2018,81430.00
13/03/2018,5484,11770,,16-03-2018,2557.00
13/03/2018,5484,11771,,16-03-2018,3224.00
13/03/2018,5484,11773,,16-03-2018,3344.00
13/03/2018,5484,11772,,16-03-2018,3388.00
13/03/2018,5484,11774,,16-03-2018,3843.00
13/03/2018,5484,210354,,16-03-2018,65400.00
13/03/2018,5485,105638,,16-03-2018,1208.00
13/03/2018,5485,48902,,16-03-2018,3040.00
13/03/2018,5485,35,,16-03-2018,5410.00
13/03/2018,5485,28102,,16-03-2018,6608.00
13/03/2018,5485,307054,,16-03-2018,9626.00
13/03/2018,5485,6350,,16-03-2018,11888.00
13/03/2018,5485,61002,,16-03-2018,15484.00
13/03/2018,5485,574394,,16-03-2018,17125.00
13/03/2018,5485,23215,,16-03-2018,20261.00
13/03/2018,5485,623987,,16-03-2018,27958.00
13/03/2018,5485,670979,,16-03-2018,27993.00
13/03/2018,5485,42804,,16-03-2018,31092.00
13/03/2018,5485,9,,16-03-2018,32485.00
13/03/2018,5487,8605,,16-03-2018,133.00
13/03/2018,5487,4716,,16-03-2018,243.00
13/03/2018,5487,3371,,16-03-2018,979.00
13/03/2018,5487,30796,,16-03-2018,1074.00
13/03/2018,5487,28823,,16-03-2018,3798.00
13/03/2018,5487,898431,,16-03-2018,9095.00
13/03/2018,5487,500785,,16-03-2018,9339.00
13/03/2018,5487,819171,,16-03-2018,28248.00
13/03/2018,5487,1256666,,16-03-2018,59376.00
15/03/2018,5543,,,16-03-2018,2942995.00
03/09/2018,5419,40213,,16-03-2018,304750.00
13/03/2018,5486,131095,,16-03-2018,12402.00
13/03/2018,5487,6803,,16-03-2018,978.00
13/03/2018,5487,449527,,16-03-2018,1006.00
13/03/2018,5487,291162,,16-03-2018,3003.00
14/03/2018,5509,195972,,16-03-2018,11115.00
14/03/2018,5510,5304,,16-03-2018,6406.00
03/09/2018,5420,126236,,16-03-2018,4076.00
03/09/2018,5423,138441,,16-03-2018,9000.00
03/12/2018,5447,174009,,16-03-2018,5553.00
14/03/2018,5505,211495,,16-03-2018,21619.00
27/01/2018,4576,5682,13876.00,,
27/01/2018,4576,6294,12502.00,,
27/01/2018,4576,368551,7314.00,,
27/01/2018,4576,430173,8336.00,,
27/01/2018,4576,430174,12580.00,,
27/01/2018,4576,527956,29009.00,,
27/01/2018,4576,581254,7999.00,,
27/01/2018,4576,794698,6879.00,,
03/09/2018,5421,54452,9350.00,,
13/03/2018,5479,516308,4098.00,,
13/03/2018,5480,136595,1612.00,,
13/03/2018,5480,882200,3397.30,,
13/03/2018,5480,7347835,4894.00,,
13/03/2018,5480,136594,7571.00,,
13/03/2018,5480,424354,9411.00,,
13/03/2018,5480,752711,16252.00,,
13/03/2018,5480,269623,19832.00,,
13/03/2018,5480,43249,24176.00,,
13/03/2018,5480,668776,24510.00,,
13/03/2018,5480,924329,29109.00,,
13/03/2018,5480,757803,54274.00,,
13/03/2018,5481,578410,669.00,,
13/03/2018,5481,452092,5088.00,,
13/03/2018,5481,9,5180.00,,
13/03/2018,5481,556263,5602.00,,
13/03/2018,5481,489114,8458.00,,
13/03/2018,5481,277998,10394.00,,
13/03/2018,5481,325685,12123.00,,
13/03/2018,5481,220170,12521.00,,
13/03/2018,5481,2153,13076.00,,
13/03/2018,5481,881224,13693.00,,
13/03/2018,5481,650659,19080.00,,
13/03/2018,5481,8064,23047.00,,
13/03/2018,5481,903560,54619.00,,
13/03/2018,5482,271132,3500.00,,
13/03/2018,5483,139033,1445.00,,
13/03/2018,5483,139038,3042.00,,
13/03/2018,5483,177337,3179.00,,
13/03/2018,5483,60444,7017.00,,
13/03/2018,5483,11777,12231.00,,
13/03/2018,5483,964918,14427.00,,
13/03/2018,5483,69989,25239.00,,
13/03/2018,5483,11061,27677.00,,
13/03/2018,5483,630346,38599.00,,
13/03/2018,5483,11778,39813.00,,
13/03/2018,5483,417696,44575.00,,
13/03/2018,5483,403450,44610.00,,
13/03/2018,5483,346313,62592.00,,
13/03/2018,5486,211637,652.00,,
13/03/2018,5486,162993,2412.00,,
13/03/2018,5486,17977,3137.00,,
13/03/2018,5486,757209,6071.00,,
13/03/2018,5486,600107,7206.00,,
13/03/2018,5486,727413,7984.00,,
13/03/2018,5486,5,9608.00,,
13/03/2018,5486,643813,10655.00,,
13/03/2018,5486,595550,45260.00,,
13/03/2018,5486,595549,50421.00,,
13/03/2018,5486,584891,55438.00,,
13/03/2018,5486,584892,76160.00,,
14/03/2018,5501,607325,4753.00,,
14/03/2018,5501,39092,4830.00,,
14/03/2018,5501,821915,9794.00,,
14/03/2018,5501,819383,12214.00,,
14/03/2018,5501,913248,29156.00,,
14/03/2018,5502,218088,44610.00,,
14/03/2018,5503,392082,2450.00,,
14/03/2018,5503,670866,3872.00,,
14/03/2018,5503,29044,6474.00,,
14/03/2018,5503,473474,6694.00,,
14/03/2018,5503,473475,6694.00,,
14/03/2018,5503,45110,9141.00,,
14/03/2018,5503,138391,12440.00,,
14/03/2018,5503,108660,15195.00,,
14/03/2018,5503,79744,16249.00,,
14/03/2018,5503,296424,17982.00,,
14/03/2018,5503,15,31956.00,,
14/03/2018,5503,123,36563.00,,
14/03/2018,5503,466291,45102.00,,
14/03/2018,5504,489106,1295.00,,
14/03/2018,5504,489107,1299.00,,
14/03/2018,5504,735804,1621.00,,
14/03/2018,5504,164800,4989.00,,
14/03/2018,5504,355692,8297.00,,
14/03/2018,5504,18152,10000.00,,
14/03/2018,5504,188743,10232.00,,
14/03/2018,5504,884201,10404.00,,
14/03/2018,5504,281299,16738.00,,
14/03/2018,5504,72721,16870.00,,
14/03/2018,5504,10013,22240.00,,
14/03/2018,5504,781632,27326.00,,
14/03/2018,5506,744350,6065.00,,
14/03/2018,5507,677023,836.00,,
14/03/2018,5507,599726,1021.00,,
14/03/2018,5507,677019,1644.00,,
14/03/2018,5507,134669,3156.00,,
14/03/2018,5507,244880,3325.00,,
14/03/2018,5507,92142,3360.00,,
14/03/2018,5507,677021,6215.00,,
14/03/2018,5507,859676,6577.00,,
14/03/2018,5507,630378,6695.00,,
14/03/2018,5507,617081,7119.00,,
14/03/2018,5507,510161,10879.00,,
14/03/2018,5507,24741,11480.00,,
14/03/2018,5507,53282,12010.00,,
14/03/2018,5508,412754,3186.00,,
14/03/2018,5508,866474,6070.00,,
14/03/2018,5508,106468,7549.00,,
14/03/2018,5508,372631,9608.00,,
14/03/2018,5508,474447,11119.00,,
14/03/2018,5508,348,16360.00,,
14/03/2018,5508,39986,18371.00,,
14/03/2018,5508,350,34400.00,,
14/03/2018,5508,351,44872.00,,
14/03/2018,5508,152444,50028.00,,
14/03/2018,5509,817331,1238.00,,
14/03/2018,5509,813766,3032.00,,
14/03/2018,5509,253678,3435.00,,
14/03/2018,5509,108654,4355.00,,
14/03/2018,5509,181162,6420.00,,
14/03/2018,5509,6,8085.00,,
14/03/2018,5509,25823,9827.00,,
14/03/2018,5509,758271,12712.00,,
14/03/2018,5509,296153,17196.00,,
14/03/2018,5509,678115,18907.00,,
14/03/2018,5509,328716,34461.00,,
14/03/2018,5509,7807,42754.00,,
14/03/2018,5510,396544,2530.00,,
14/03/2018,5510,470609,2853.00,,
14/03/2018,5510,988494,2894.00,,
14/03/2018,5510,152795,3062.00,,
14/03/2018,5510,27813,4196.00,,
14/03/2018,5510,47061,5047.00,,
14/03/2018,5510,470610,5047.00,,
14/03/2018,5510,29928,5240.00,,
14/03/2018,5510,55100,6115.00,,
14/03/2018,5510,630610,8214.00,,
14/03/2018,5510,391135,35000.00,,
14/03/2018,5510,867616,40624.00,,
14/03/2018,5511,831001,39186.00,,
14/03/2018,5511,511931,45982.00,,
14/03/2018,5511,3,110855.00,,
14/03/2018,5511,7052854,110877.00,,
15/03/2018,5531,37781,1028.00,,
15/03/2018,5531,225653,4086.00,,
15/03/2018,5531,35010,52318.00,,
15/03/2018,5532,793170,980.00,,
15/03/2018,5532,65756,1040.00,,
15/03/2018,5532,56242,1490.00,,
15/03/2018,5532,609413,6411.00,,
15/03/2018,5532,45779,6834.00,,
15/03/2018,5532,44394,7310.00,,
15/03/2018,5532,9490,7990.00,,
15/03/2018,5532,437482,8099.00,,
15/03/2018,5532,226673,9142.00,,
15/03/2018,5532,38,11863.00,,
15/03/2018,5532,135834,16512.00,,
15/03/2018,5532,204851,25323.00,,
15/03/2018,5532,544556,62616.00,,
15/03/2018,5533,47257,3620.00,,
15/03/2018,5533,388418,4944.00,,
15/03/2018,5533,58814,5161.00,,
15/03/2018,5533,23581,5580.00,,
15/03/2018,5533,23580,8425.00,,
15/03/2018,5533,142967,8439.00,,
15/03/2018,5533,792987,10000.00,,
15/03/2018,5533,44744,13228.00,,
15/03/2018,5533,58812,16418.00,,
15/03/2018,5533,52135,16744.00,,
15/03/2018,5533,759863,18294.00,,
15/03/2018,5533,759862,18859.00,,
15/03/2018,5533,430912,27848.00,,
15/03/2018,5534,911708,7481.00,,
15/03/2018,5534,428534,8972.00,,
15/03/2018,5534,422997,10824.00,,
15/03/2018,5534,112,16340.00,,
15/03/2018,5534,35,21638.00,,
15/03/2018,5534,111,48540.00,,
15/03/2018,5535,990222,4161.00,,
15/03/2018,5536,240,1513.00,,
15/03/2018,5536,334814,1531.00,,
15/03/2018,5536,30579,2151.00,,
15/03/2018,5536,453023,2769.00,,
15/03/2018,5536,544415,3002.00,,
15/03/2018,5536,4643,5000.00,,
15/03/2018,5536,34002,8156.00,,
15/03/2018,5536,4642,10500.00,,
15/03/2018,5536,453024,12193.00,,
15/03/2018,5536,653975,14599.00,,
15/03/2018,5536,598201,17126.00,,
15/03/2018,5536,202983,20711.00,,
15/03/2018,5536,598221,33616.00,,
15/03/2018,5537,25,2426.00,,
15/03/2018,5537,446871,3944.00,,
15/03/2018,5537,66778,4822.00,,
15/03/2018,5537,268061,5309.00,,
15/03/2018,5537,3981,5991.00,,
15/03/2018,5537,1795,10412.00,,
15/03/2018,5537,446872,13102.00,,
15/03/2018,5537,52,34911.00,,
15/03/2018,5538,770058,2000.00,,
15/03/2018,5538,977881,2377.00,,
15/03/2018,5538,252377,2545.00,,
15/03/2018,5538,320095,3574.00,,
15/03/2018,5538,561787,8421.00,,
15/03/2018,5538,31289,10000.00,,
15/03/2018,5538,428535,10044.00,,
15/03/2018,5538,142744,22373.00,,
15/03/2018,5538,736223,23685.00,,
15/03/2018,5538,736222,24291.00,,
15/03/2018,5538,20498,29082.00,,
15/03/2018,5538,29030,34024.00,,
15/03/2018,5538,105867,42025.00,,
15/03/2018,5539,735803,1608.00,,
15/03/2018,5539,258069,3030.00,,
15/03/2018,5539,102420,5802.00,,
15/03/2018,5539,159606,5959.00,,
15/03/2018,5539,58,6005.00,,
15/03/2018,5539,53463,6005.00,,
15/03/2018,5539,325063,6005.00,,
15/03/2018,5539,20488,6708.00,,
15/03/2018,5539,97,9110.00,,
15/03/2018,5539,200861,9927.00,,
15/03/2018,5539,182664,11190.00,,
15/03/2018,5539,642554,51504.00,,
15/03/2018,5539,491472,89997.00,,
15/03/2018,5541,218576,4031.00,,
15/03/2018,5541,53464,22403.00,,
15/03/2018,5542,16403,5779.00,,
15/03/2018,5542,61402,5795.00,,
15/03/2018,5542,622263,10000.00,,
15/03/2018,5542,55087,12300.00,,
15/03/2018,5542,27511,18501.00,,
15/03/2018,5542,3413,20000.00,,
15/03/2018,5542,10294,65000.00,,
15/03/2018,5542,116522,90000.00,,
15/03/2018,5542,194307,346000.00,,
15/03/2018,5542,4025,540000.00,,
15/03/2018,5542,10,567800.00,,
16/03/2018,5550,94822,917.00,,
16/03/2018,5550,36511,2586.00,,
16/03/2018,5550,973905,5873.00,,
16/03/2018,5550,645734,6944.00,,
16/03/2018,5550,13,7079.00,,
16/03/2018,5550,34107,7574.00,,
16/03/2018,5550,14,11562.00,,
16/03/2018,5550,182814,14436.00,,
16/03/2018,5550,647365,20083.00,,
16/03/2018,5550,9626,30007.00,,
16/03/2018,5550,157,34517.00,,
16/03/2018,5550,582073,46271.00,,
16/03/2018,5550,399534,46900.00,,
16/03/2018,5551,840479,2264.00,,
16/03/2018,5551,715566,5156.00,,
16/03/2018,5551,162380,6085.00,,
16/03/2018,5551,697196,6427.00,,
16/03/2018,5551,622586,6664.00,,
16/03/2018,5551,337624,7518.00,,
16/03/2018,5551,2534,7629.00,,
16/03/2018,5551,722694,8929.00,,
16/03/2018,5551,845472,8980.00,,
16/03/2018,5551,80959,10000.00,,
16/03/2018,5551,529224,15000.00,,
16/03/2018,5551,231235,19193.00,,
16/03/2018,5551,246316,37661.00,,
16/03/2018,5552,288265,981.00,,
16/03/2018,5552,476630,1337.00,,
16/03/2018,5552,182815,3027.00,,
16/03/2018,5552,139261,4005.00,,
16/03/2018,5552,884762,5108.00,,
16/03/2018,5552,719831,6392.00,,
16/03/2018,5552,560640,8923.00,,
16/03/2018,5552,479089,15967.00,,
16/03/2018,5552,757427,27424.00,,
16/03/2018,5552,479088,36186.00,,
16/03/2018,5552,397198,37055.00,,
16/03/2018,5552,93187,56679.00,,
16/03/2018,5552,1,83315.00,,
16/03/2018,5554,295723,5486.00,,
16/03/2018,5554,9399,5771.00,,
16/03/2018,5554,648023,6064.00,,
16/03/2018,5554,9171188,7432.00,,
16/03/2018,5555,463267,1702.00,,
16/03/2018,5555,306806,4027.00,,
16/03/2018,5555,967542,7193.00,,
16/03/2018,5555,862268,7221.00,,
16/03/2018,5555,761009,10000.00,,
16/03/2018,5555,533265,12435.00,,
16/03/2018,5555,516851,12806.00,,
16/03/2018,5555,361727,14078.00,,
16/03/2018,5555,553572,21570.00,,
16/03/2018,5555,62603,22177.00,,
16/03/2018,5555,305003,22617.00,,
16/03/2018,5555,456344,23639.00,,
16/03/2018,5555,983816,30401.00,,
16/03/2018,5556,39688,5218.00,,
16/03/2018,5557,11629,1647.00,,
16/03/2018,5557,484255,6585.00,,
16/03/2018,5557,484256,6585.00,,
16/03/2018,5557,117396,7838.00,,
16/03/2018,5557,126627,10833.00,,
16/03/2018,5557,61588,12010.00,,
16/03/2018,5557,529112,13679.00,,
16/03/2018,5557,796191,15072.00,,
16/03/2018,5557,250408,24413.00,,
16/03/2018,5557,875420,750000.00,,
16/03/2018,5558,cash,2102250.00,,
17/03/2018,5585,36628,3556.00,,
17/03/2018,5585,30098,3600.00,,
17/03/2018,5585,39342,3600.00,,
17/03/2018,5585,135672,4804.00,,
17/03/2018,5585,18785,29941.00,,
17/03/2018,5585,2254,45503.00,,
17/03/2018,5586,457040,1681.00,,
17/03/2018,5586,693780,1696.00,,
17/03/2018,5586,498686,11330.00,,
17/03/2018,5586,45,11643.00,,
17/03/2018,5586,479628,15154.00,,
17/03/2018,5586,349,16505.00,,
17/03/2018,5587,871072,2068.00,,
17/03/2018,5587,833238,7920.00,,
17/03/2018,5587,732161,10487.00,,
17/03/2018,5587,732162,13143.00,,
17/03/2018,5587,36485,16628.00,,
17/03/2018,5587,448330,21446.00,,
17/03/2018,5587,373514,22643.00,,
17/03/2018,5587,48538,24461.00,,
17/03/2018,5587,55180,24797.00,,
17/03/2018,5587,55181,28968.00,,
17/03/2018,5587,533266,42820.00,,
17/03/2018,5587,983815,58265.00,,
17/03/2018,5587,864629,60050.00,,
17/03/2018,5588,460080,2787.00,,
17/03/2018,5588,17109,4321.00,,
17/03/2018,5588,747376,12429.00,,
17/03/2018,5588,56323,12510.00,,
17/03/2018,5588,52610,13125.00,,
17/03/2018,5588,32311,15554.00,,
17/03/2018,5588,517061,17104.00,,
17/03/2018,5588,716185,17174.00,,
17/03/2018,5588,291484,29594.00,,
17/03/2018,5588,339445,31728.00,,
17/03/2018,5589,206692,1055.00,,
17/03/2018,5589,1607881,2300.00,,
17/03/2018,5589,16,3474.00,,
17/03/2018,5589,160882,3523.00,,
17/03/2018,5589,399,7687.00,,
17/03/2018,5589,79486,8783.00,,
17/03/2018,5589,20,8958.00,,
17/03/2018,5589,33,11991.00,,
17/03/2018,5589,316519,12425.00,,
17/03/2018,5589,45310,13414.00,,
17/03/2018,5589,30,31912.00,,
17/03/2018,5589,449016,44602.00,,
17/03/2018,5589,449015,48366.00,,
17/03/2018,5590,650335,4399.00,,
17/03/2018,5590,650333,4563.00,,
17/03/2018,5590,524206,5090.00,,
17/03/2018,5590,243436,5404.00,,
17/03/2018,5590,243433,5493.00,,
17/03/2018,5590,488575,5512.00,,
17/03/2018,5590,9966,10888.00,,
17/03/2018,5590,488573,11788.00,,
17/03/2018,5590,488574,14524.00,,
17/03/2018,5590,988751,18569.00,,
17/03/2018,5590,243435,18816.00,,
17/03/2018,5590,260288,29044.00,,
17/03/2018,5590,882751,30605.00,,
17/03/2018,5591,212601,594.00,,
17/03/2018,5591,4600,1837.00,,
17/03/2018,5591,212602,3150.00,,
17/03/2018,5591,37356,3517.00,,
17/03/2018,5591,4734,5000.00,,
17/03/2018,5591,16441,6005.00,,
17/03/2018,5591,408454,6562.00,,
17/03/2018,5591,846577,8700.00,,
17/03/2018,5591,237616,10306.00,,
17/03/2018,5591,747696,10803.00,,
17/03/2018,5591,806773,12425.00,,
17/03/2018,5591,58288,24292.00,,
17/03/2018,5591,290617,33416.00,,
17/03/2018,5592,2,12963.00,,
17/03/2018,5593,cash,1245814.00,,
19/03/2018,5621,356983,7624.00,,
19/03/2018,5621,120336,11751.00,,
19/03/2018,5621,263656,20861.00,,
19/03/2018,5621,61452,29364.00,,
19/03/2018,5622,33062,16287.00,,
19/03/2018,5623,839994,1531.00,,
19/03/2018,5623,920322,1762.00,,
19/03/2018,5623,919362,4201.00,,
19/03/2018,5623,221362,4245.00,,
19/03/2018,5623,561231,6005.00,,
19/03/2018,5623,488576,8624.00,,
19/03/2018,5623,26683,10785.00,,
19/03/2018,5623,488577,14596.00,,
19/03/2018,5623,740132,15051.00,,
19/03/2018,5623,332014,16340.00,,
19/03/2018,5623,488578,19305.00,,
19/03/2018,5623,294379,27768.00,,
19/03/2018,5623,982399,39975.00,,
19/03/2018,5624,586193,2700.00,,
19/03/2018,5624,477878,3164.00,,
19/03/2018,5624,152323,4258.00,,
19/03/2018,5624,6371,14214.00,,
19/03/2018,5624,585107,31051.00,,
19/03/2018,5625,558442,15737.00,,
19/03/2018,5626,465941,1784.00,,
19/03/2018,5626,99321,2426.00,,
19/03/2018,5626,99320,3041.00,,
19/03/2018,5626,243432,3109.00,,
19/03/2018,5626,232230,6583.00,,
19/03/2018,5626,228964,9200.00,,
19/03/2018,5626,753,10069.00,,
19/03/2018,5626,55453,26600.00,,
19/03/2018,5626,1779,29617.00,,
19/03/2018,5626,363980,32140.00,,
19/03/2018,5626,263715,48365.00,,
19/03/2018,5626,363979,72060.00,,
19/03/2018,5626,317957,500000.00,,
19/03/2018,5627,102469,890.00,,
19/03/2018,5627,397263,1295.00,,
19/03/2018,5627,950459,3429.00,,
19/03/2018,5627,737180,3696.00,,
19/03/2018,5627,490297,4201.00,,
19/03/2018,5627,397262,7000.00,,
19/03/2018,5627,133545,10064.00,,
19/03/2018,5627,191050,12010.00,,
19/03/2018,5627,363884,12010.00,,
19/03/2018,5627,75682,13872.00,,
19/03/2018,5627,612395,24885.00,,
19/03/2018,5627,394368,31140.00,,
19/03/2018,5627,583387,64996.00,,
19/03/2018,5628,686499,1219.00,,
19/03/2018,5628,399317,6467.00,,
19/03/2018,5628,303831,6723.00,,
19/03/2018,5628,303341,23416.00,,
19/03/2018,5629,190013,8944.00,,
19/03/2018,5630,901460,23478.00,,
19/03/2018,5631,13809,1290.00,,
19/03/2018,5631,259983,1422.00,,
19/03/2018,5631,587285,6501.00,,
19/03/2018,5631,12,7614.00,,
19/03/2018,5631,758565,7803.00,,
19/03/2018,5631,3439,8181.00,,
19/03/2018,5631,463967,12122.00,,
19/03/2018,5631,463966,15108.00,,
19/03/2018,5631,178377,15657.00,,
19/03/2018,5631,8045,24604.00,,
19/03/2018,5631,161906,30025.00,,
19/03/2018,5631,435208,30694.41,,
19/03/2018,5631,446889,44478.00,,
19/03/2018,5632,726591,3090.00,,
19/03/2018,5632,263511,4404.00,,
19/03/2018,5632,29904,5116.00,,
19/03/2018,5632,294592,6765.00,,
19/03/2018,5632,294593,6931.00,,
19/03/2018,5632,10040,10146.00,,
19/03/2018,5632,66,14556.00,,
19/03/2018,5632,122382,15866.00,,
19/03/2018,5632,803809,30325.00,,
19/03/2018,5632,165830,34952.00,,
19/03/2018,5632,6,36060.00,,
19/03/2018,5632,858588,42819.00,,
19/03/2018,5632,865370,79323.00,,
19/03/2018,5633,345977,594.00,,
19/03/2018,5633,446327,3335.00,,
19/03/2018,5633,715739,3474.00,,
19/03/2018,5633,344263,4779.00,,
19/03/2018,5633,33,5150.00,,
19/03/2018,5633,23801,7097.00,,
19/03/2018,5633,192655,7328.00,,
19/03/2018,5633,298369,7828.00,,
19/03/2018,5633,81557,11151.00,,
19/03/2018,5633,8290,12010.00,,
19/03/2018,5633,751396,5219.00,,
19/03/2018,5633,847008,6012.00,,
19/03/2018,5633,847009,9187.00,,
19/03/2018,5634,3795,2802.00,,
19/03/2018,5634,22243,66668.00,,
19/03/2018,5634,22244,31090.00,,
19/03/2018,5634,102207,7169.00,,
19/03/2018,5634,102208,3729.00,,
19/03/2018,5634,128441,6005.00,,
19/03/2018,5634,241196,21055.00,,
19/03/2018,5634,245701,8833.00,,
19/03/2018,5634,373705,8906.00,,
19/03/2018,5634,538527,12334.00,,
19/03/2018,5634,548716,31223.00,,
19/03/2018,5634,627325,6791.00,,
19/03/2018,5634,833611,594.00,,
19/03/2018,5636,cash,2765736.00,,
20/03/2018,5650,3,8711.00,,
20/03/2018,5650,4,6406.00,,
20/03/2018,5650,22,26352.00,,
20/03/2018,5650,58278,6893.00,,
20/03/2018,5650,79220,32289.00,,
20/03/2018,5650,127354,18276.00,,
20/03/2018,5650,476926,63384.00,,
20/03/2018,5650,670154,40466.00,,
20/03/2018,5650,670155,19500.00,,
20/03/2018,5650,672429,35135.00,,
20/03/2018,5650,784456,1248.00,,
20/03/2018,5650,952056,7626.00,,
20/03/2018,5650,952057,24020.00,,
20/03/2018,5651,48226,10004.00,,
20/03/2018,5651,208536,1551.00,,
20/03/2018,5651,379392,28971.00,,
20/03/2018,5651,379393,15988.00,,
20/03/2018,5651,379394,15728.00,,
20/03/2018,5651,379396,13752.00,,
20/03/2018,5651,379397,12913.00,,
20/03/2018,5651,426788,4099.00,,
20/03/2018,5651,482887,27564.00,,
20/03/2018,5651,579421,60050.00,,
20/03/2018,5651,662870,17950.00,,
20/03/2018,5652,104109,14035.00,,
20/03/2018,5652,978414,20671.00,,
20/03/2018,5653,11,4879.00,,
20/03/2018,5653,32,5754.00,,
20/03/2018,5653,5816,14425.00,,
20/03/2018,5653,26003,516.00,,
20/03/2018,5653,147078,20671.00,,
20/03/2018,5653,168019,29617.00,,
20/03/2018,5653,256263,410.00,,
20/03/2018,5653,271287,7046.00,,
20/03/2018,5653,389043,76937.00,,
20/03/2018,5653,488685,2683.00,,
20/03/2018,5653,580959,6772.00,,
20/03/2018,5653,846445,10788.00,,
20/03/2018,5653,932543,8269.00,,
20/03/2018,5654,9320,11424.00,,
20/03/2018,5654,9321,9608.00,,
20/03/2018,5654,9873,32213.00,,
20/03/2018,5654,11219,1516.00,,
20/03/2018,5654,41409,3776.00,,
20/03/2018,5654,211636,3374.00,,
20/03/2018,5654,245328,2656.00,,
20/03/2018,5654,251573,18927.00,,
20/03/2018,5654,460082,7647.00,,
20/03/2018,5654,522966,4864.00,,
20/03/2018,5654,563621,48774.00,,
20/03/2018,5654,733296,7580.00,,
20/03/2018,5654,733339,6005.00,,
20/03/2018,5655,33274,6105.00,,
20/03/2018,5655,42710,2500.00,,
20/03/2018,5655,523181,5199.00,,
20/03/2018,5655,551631,10925.00,,
20/03/2018,5655,563617,10820.00,,
20/03/2018,5655,563618,10836.00,,
20/03/2018,5655,563619,27881.00,,
20/03/2018,5655,563620,12653.00,,
20/03/2018,5656,14,3062.00,,
20/03/2018,5656,13350,924.00,,
20/03/2018,5656,54420,12713.00,,
20/03/2018,5656,210370,5760.00,,
20/03/2018,5656,306544,746.00,,
20/03/2018,5656,386326,13265.00,,
20/03/2018,5656,386327,24613.00,,
20/03/2018,5656,498687,7226.00,,
20/03/2018,5656,539960,5054.00,,
20/03/2018,5656,646669,14808.00,,
20/03/2018,5656,805276,8420.00,,
20/03/2018,5656,969787,17436.00,,
20/03/2018,5656,1319111,11178.00,,
20/03/2018,5657,153,23888.00,,
20/03/2018,5657,4678,994.00,,
20/03/2018,5657,34849,1057.00,,
20/03/2018,5657,43252,243.00,,
20/03/2018,5657,538442,4251.00,,
20/03/2018,5658,cash,2803731.00,,
21/03/2018,5676,41,3939.00,,
21/03/2018,5676,762,20042.00,,
21/03/2018,5676,2742,11514.00,,
21/03/2018,5676,10172,25200.00,,
21/03/2018,5676,27960,14770.00,,
21/03/2018,5676,185564,2102.00,,
21/03/2018,5676,257588,3181.00,,
21/03/2018,5676,274411,11524.00,,
21/03/2018,5676,274412,919.00,,
21/03/2018,5676,615623,4223.00,,
21/03/2018,5676,658807,495872.00,,
21/03/2018,5676,667055,13687.00,,
21/03/2018,5676,976664,5099.00,,
21/03/2018,5677,18,911.00,,
21/03/2018,5677,41,1148.00,,
21/03/2018,5677,19590,20168.00,,
21/03/2018,5677,26509,2526.00,,
21/03/2018,5677,26510,3535.00,,
21/03/2018,5677,37854,33104.00,,
21/03/2018,5677,60175,19969.00,,
21/03/2018,5677,60937,12867.00,,
21/03/2018,5677,181081,12497.00,,
21/03/2018,5677,658806,110438.00,,
21/03/2018,5678,9324,12010.00,,
21/03/2018,5678,14178,25156.00,,
21/03/2018,5678,82948,13957.00,,
21/03/2018,5678,149073,5697.00,,
21/03/2018,5678,391367,55478.00,,
21/03/2018,5678,396574,25067.00,,
21/03/2018,5678,467741,44570.00,,
21/03/2018,5678,645434,8278.00,,
21/03/2018,5678,680091,60875.00,,
21/03/2018,5678,680092,8750.00,,
21/03/2018,5678,754430,23391.00,,
21/03/2018,5678,793466,24421.00,,
21/03/2018,5678,827078,1433.00,,
21/03/2018,5679,1910,5156.00,,
21/03/2018,5679,3192,5881.00,,
21/03/2018,5679,103781,25826.00,,
21/03/2018,5679,138412,10520.00,,
21/03/2018,5679,190045,15596.00,,
21/03/2018,5679,309013,20975.00,,
21/03/2018,5679,374604,20112.00,,
21/03/2018,5679,379200,16029.00,,
21/03/2018,5679,405049,39413.00,,
21/03/2018,5679,630449,7128.00,,
21/03/2018,5679,703066,12598.00,,
21/03/2018,5679,797165,25152.00,,
21/03/2018,5679,912859,24829.00,,
21/03/2018,5680,682774,12377.00,,
21/03/2018,5680,716642,24891.00,,
21/03/2018,5681,705367,76465.00,,
21/03/2018,5682,46319,7225.00,,
21/03/2018,5682,192949,18715.00,,
21/03/2018,5682,192950,14686.00,,
21/03/2018,5682,398102,9121.00,,
21/03/2018,5682,518150,5722.00,,
21/03/2018,5682,538443,26640.00,,
21/03/2018,5682,565177,101022.00,,
21/03/2018,5682,568885,7688.00,,
21/03/2018,5682,568886,7414.00,,
21/03/2018,5682,568887,15978.00,,
21/03/2018,5682,695216,6415.00,,
21/03/2018,5682,771314,19038.00,,
21/03/2018,5682,19032018,6053.00,,
21/03/2018,5683,4,7624.00,,
21/03/2018,5683,231861,6584.00,,
21/03/2018,5683,231931,22414.00,,
21/03/2018,5684,77,9419.00,,
21/03/2018,5684,117,6125.00,,
21/03/2018,5684,198,14888.00,,
21/03/2018,5684,284,11714.00,,
21/03/2018,5684,5889,1531.00,,
21/03/2018,5684,16789,1243.00,,
21/03/2018,5684,19511,4718.00,,
21/03/2018,5684,60611,1440.00,,
21/03/2018,5684,69459,4491.00,,
21/03/2018,5684,83982,12682.00,,
21/03/2018,5684,669387,10593.00,,
21/03/2018,5684,909860,2719.00,,
21/03/2018,5684,947305,18846.00,,
21/03/2018,5685,35,11374.00,,
21/03/2018,5685,102,50724.00,,
21/03/2018,5685,139,6390.00,,
21/03/2018,5685,382,83858.00,,
21/03/2018,5685,383,24020.00,,
21/03/2018,5685,384,27642.00,,
21/03/2018,5685,93805,23329.00,,
21/03/2018,5685,105550,11447.00,,
21/03/2018,5685,267012,13487.00,,
21/03/2018,5685,485561,12010.00,,
21/03/2018,5685,741506,12130.00,,
21/03/2018,5685,869123,8375.00,,
21/03/2018,5685,945934,17742.00,,
21/03/2018,5686,5,6764.00,,
21/03/2018,5686,35,7903.00,,
21/03/2018,5686,124,6041.00,,
21/03/2018,5686,27730,42304.00,,
21/03/2018,5686,154351,4082.00,,
21/03/2018,5686,369651,20931.00,,
21/03/2018,5686,393495,11940.00,,
21/03/2018,5686,658256,4200.00,,
21/03/2018,5686,680197,2688.00,,
21/03/2018,5686,682291,8715.00,,
21/03/2018,5686,685307,3773.00,,
21/03/2018,5686,706918,70834.00,,
21/03/2018,5686,706919,49208.00,,
21/03/2018,5687,26,17682.00,,
21/03/2018,5687,10890,4285.00,,
21/03/2018,5687,132687,12798.00,,
21/03/2018,5687,132688,7582.00,,
22/03/2018,5694,78,62428.00,,
22/03/2018,5694,15162,60535.00,,
22/03/2018,5694,291666,74066.00,,
22/03/2018,5694,443369,79753.00,,
22/03/2018,5694,493480,3702.00,,
22/03/2018,5694,736670,17334.00,,
22/03/2018,5695,cash,2701210.00,,
