EXCESS CREDIT BY BANK UPTO - 042018,,,63140801.57
DATE,CHEQUE NO.,,AMOUNT
,,,
04/04/2008,769140,,6424.00
04/04/2008,851834,,6848.00
04/04/2008,393903,,7206.00
06/04/2008,273542,,3506.00
06/04/2008,859263,,8471.00
08/04/2008,484154,,1994.00
08/04/2008,4114,,5178.00
08/04/2008,70925,,6174.00
02/05/2008,9722,,9757.00
03/05/2008,114103,,3366.00
03/05/2008,452,,6321.00
04/07/2008,394687,,3173.00
06/07/2008,307799,,1938.00
06/07/2008,296174,,5411.00
07/07/2008,702202,,4767.00
07/07/2008,6356234,,7538.00
05/08/2008,186443,,1925.00
05/08/2008,18674,,2145.00
05/08/2008,18187,,2270.00
05/08/2008,18165,,2610.00
14052009,893876,,531.00
14052009,80685,,2657.00
14052009,79383,,1559.00
15052009,53797,,2751.00
21052009,3831,,425.00
25052009,68725,,1666.00
28052009,260776,,1617.00
06/02/2009,773306,,350.00
06/08/2009,829048,,448.00
06/10/2009,48328,,8808.00
06/10/2009,S.K.MISHRA,,4093.00
06/11/2009,989746,,1411.00
06/11/2009,MD.S.HAQUE,,4731.00
06/11/2009,AJAY KUMAR,,1742.00
22-06-2009,216460,,171.00
22-06-2009,436713,,1245.00
22-06-2009,3803,,3803.00
23-06-2009,835934,,2292.00
23-06-2009,748782,,3007.00
15-07-2009,68727,,651.00
30-07-2009,51292,,722.00
30-07-2009,148930,,2515.00
30-07-2009,574915,,138.11
30-07-2009,870460,,1672.00
31-07-2009,385373,,659.00
31-07-2009,15196,,6150.00
08/01/2009,179849,,826.00
08/04/2009,14404,,2176.00
08/10/2009,616946,,4128.00
08/10/2009,388180,,519.00
08/12/2009,2494,,245.00
14-08-09,488834,,1726.00
14-08-09,633757,,6601.00
14-08-09,109030,,932.00
18-08-09,924369,,557.00
18-08-09,924397,,2018.00
20-08-09,920829,,2861.00
21-08-09,570558,,518.00
21-08-09,138108,,991.00
21-08-09,277833,,3003.70
21-08-09,489726,,2240.00
21-08-09,338884,,1324.00
21-08-09,511546,,2209.00
21-08-09,338883,,1036.00
21-08-09,841778,,3619.00
26-08-09,584895,,177.00
27-08-09,26922,,128.00
27-08-09,651873,,1431.00
28-08-09,696715,,243.00
28-08-09,38399,,3395.00
31-08-09,728137,,2584.00
31-08-09,216890,,2319.00
31-08-09,139976,,2255.00
31-08-09,46055,,110.00
31-08-09,778670,,3215.00
01-09-2009,56596,,738.00
03-09-2009,18892,,635.00
03-09-2009,385373,,659.00
03-09-2009,291989,,3733.00
03-09-2009,296693,,550.00
03-09-2009,281978,,723.00
04-09-2009,923149,,557.00
04-09-2009,65893,,4378.00
04-09-2009,919848,,2661.00
04-09-2009,621139,,828.00
04-09-2009,13287,,5522.00
07-09-2009,41268,,496.00
07-09-2009,41137,,496.00
07-09-2009,568292,,1223.00
09-09-2009,187487,,409.00
09-09-2009,187378,,409.00
09-09-2009,641858,,1322.00
09-09-2009,454523,,885.00
09-09-2009,846737,,7544.00
11-09-2009,282438,,662.00
11-09-2009,409307,,831.00
11-09-2009,407384,,3899.00
11-09-2009,286932,,831.00
11-09-2009,73786,,538.00
14-09-2009,301181,,1597.00
14-09-2009,66118,,896.00
16-09-2009,802201,,665.00
22-09-2009,344796,,1288.00
22-09-2009,921150,,219.00
22-09-2009,921149,,731.00
22-09-2009,916520,,731.00
22-09-2009,829034,,453.00
22-09-2009,639993,,658.60
22-09-2009,208142,,3183.00
23-09-2009,293210,,553.00
23-09-2009,298582,,1247.00
23-09-2009,299629,,671.30
23-09-2009,415734,,508.00
23-09-2009,422198,,665.60
23-09-2009,307703,,310.00
25-09-2009,7992,,846.00
25-09-2009,703724,,1833.00
29-09-2009,307705,,250.00
29-09-2009,307707,,343.00
29-09-2009,422406,,687.00
05-10-2009,69787,,619.30
05-10-2009,298570,,538.00
05-10-2009,307704,,310.00
05-10-2009,357101,,1586.00
05-10-2009,422200,,970.00
05-10-2009,422916,,344.10
06-10-2009,30851,,292.00
06-10-2009,38741,,1463.00
07-10-2009,301039,,709.50
07-10-2009,301040,,1004.80
07-10-2009,403700,,2150.00
07-10-2009,597314,,2800.00
08-10-2009,307719,,653.00
08-10-2009,307720,,564.00
08-10-2009,117803,,499.00
08-10-2009,19667,,1962.00
08-10-2009,54064,,731.00
08-10-2009,86450,,2777.00
12-10-2009,575348,,518.00
15-10-2009,33255,,1027.00
16-10-2009,534134,,809.00
20-10-2009,7991,,659.00
20-10-2009,62412,,1489.00
20-10-2009,77051,,4245.00
20-10-2009,78079,,8153.00
20-10-2009,140087,,991.00
20-10-2009,148928,,2234.00
20-10-2009,301052,,995.00
20-10-2009,302614,,1424.00
20-10-2009,399848,,781.00
22-10-2009,921130,,731.00
13-11-2009,28323,,499.00
24-11-2009,9935,,557.00
12-02-2009,3414,,834.00
12-08-2009,651080,,1531.00
12-09-2009,56423,,1981.00
14-12-2009,697693,,619.30
14-12-2009,539876,,1631.00
14-12-2009,387456,,3136.00
14-12-2009,469696,,1583.00
15-12-2009,477882,,3742.00
17-12-2009,469427,,656.00
17-12-2009,2.3674,,2950.00
17-12-2009,RAJIV,,4828.00
17-12-2009,56,,749.00
29-12-2009,419353,,831.00
29-12-2009,1222314,,1635.00
29-12-2009,398381,,981.00
29-12-2009,18,,678.00
31-12-2009,105406,,851.00
11/11/2010,206696,,219.00
31-08-2010,216910,,957.00
01-01-2010,274011,,731.00
01-01-2010,5761925,,2475.00
01-01-2010,5761924,,870.00
01-01-2010,696492,,1459.00
04-01-2010,28573,,1887.00
08-01-2010,254841,,1208.00
08-01-2010,606068,,1650.00
08-01-2010,606028,,678.00
12-01-2010,299,,3440.00
12-01-2010,89801,,1090.00
21-01-2010,853581,,684.00
25-01-2010,17749,,907.00
27-01-2010,29033,,991.00
28-01-2010,6860813,,323.00
01-02-2010,63932,,557.00
01-02-2010,137548,,2191.00
01-02-2010,393787,,503.00
01-02-2010,393800,,1810.00
01-02-2010,309803,,1749.00
01-02-2010,562050,,2552.00
01-02-2010,3214354,,1727.00
02-02-2010,655284,,895.00
05-02-2010,247797,,826.00
05-02-2010,92324,,1878.00
06-02-2010,64522,,801.00
08-02-2010,76764,,1701.00
09-02-2010,29009,,822.00
10-02-2010,860002,,810.90
12-02-2010,5241,,871.10
15-02-2010,408789,,1843.10
16-02-2010,515378,,100.00
16-02-2010,65433,,336.00
16-02-2010,141952,,2782.00
16-02-2010,675470,,682.00
16-02-2010,368678,,5556.00
16-02-2010,108253,,1181.00
18-02-2010,294484,,856.00
18-02-2010,29022,,499.00
22-02-2010,555867,,679.00
23-02-2010,742785,,335.00
25-02-2010,32536,,125.00
26-02-2010,27478,,900.00
18-02-2010,43800,,404.50
26-03-2010,605,,431.00
30-03-2010,5918,,245.00
04-05-2010,206728,,3000.00
04-05-2010,276367,,4000.00
04-05-2010,206775,,7500.00
28-04-2010,811334,,17968.00
30-04-2010,775440,,4687.00
05-03-2010,123851,,9130.00
05-03-2010,68600,,671.00
05-04-2010,30145,,3577.00
05-05-2010,248867,,15248.00
05-05-2010,32578,,12205.00
05-05-2010,23153,,876.00
05-05-2010,10556,,14498.00
05-05-2010,673890,,6368.00
05-05-2010,556182,,5597.00
05-05-2010,193366,,6267.00
05-05-2010,556182,,1608.00
05-06-2010,163833,,6503.00
05-07-2010,82431,,12944.00
05-07-2010,439621,,5719.00
05-07-2010,322583,,16268.00
05-07-2010,9732,,1531.00
05-07-2010,167345,,23204.00
05-07-2010,909656,,1349.00
05-07-2010,676212,,207.80
05-10-2010,287410,,6203.00
05-10-2010,207589,,15000.00
05-12-2010,475829,,6399.00
27-05-2010,481780,,5360.00
27-05-2010,139347,,2731.00
31-05-2010,34793,,919.00
31-05-2010,82166,,250.00
31-05-2010,28150,,350.00
31-05-2010,498478,,250.00
31-05-2010,159667,,250.00
31-05-2010,791123,,250.00
31-05-2010,27029,,250.00
31-05-2010,88879,,250.00
31-05-2010,148523,,350.00
31-05-2010,148559,,350.00
31-05-2010,148560,,250.00
31-05-2010,663472,,350.00
31-05-2010,841230,,250.00
06-03-2010,35157,,845.00
06-09-2010,6619,,2534.00
06-10-2010,509701,,900.00
06-10-2010,535557,,646.00
06-10-2010,914219,,27219.00
16-06-2010,473301,,7620.00
30-06-2010,896548,,3163.00
07-06-2010,355522,,5299.00
07-06-2010,123859,,948.00
07-06-2010,5785,,596.00
07-09-2010,221080,,2400.00
14-07-2010,39775,,2371.00
15-07-2010,62,,1133.00
22-07-2010,337664,,961.00
02-09-2011,929410,,6797.00
02-09-2011,607183,,6470.00
02-09-2011,61094,,12701.00
15-09-2011,0316/33550,,4037.00
19-09-2011, CPNC DIFF (38463-34463) 236210,,4000.00
10-03-2011,44614,,3178.00
10-03-2011,AMITKUMARJHA,,2880.00
10-11-2011,802633,,2082.00
28-10-2011,172768,,518.00
31-10-2011,167244,,2326.00
31-10-2011,409079,,1006.00
11-04-2011,758920,,23568.00
29-11-2011,LICBHAGALPURBRANCH-1,,14135.00
04/03/2018,0,IP NO 0,11278.00
04/03/2018,0,IP NO 0,11514.00
04/03/2018,2,302372,516.00
04/03/2018,2,651286,838.00
04/03/2018,2,751098,1408.00
04/03/2018,2,943535,1498.00
04/03/2018,2,826436,1613.00
04/03/2018,2,809320,1787.00
04/03/2018,2,96998,2195.00
04/03/2018,2,6054,2492.00
04/03/2018,2,643583,2500.00
04/03/2018,2,648242,3032.00
04/03/2018,2,98920,3236.00
04/03/2018,2,158579,3275.00
04/03/2018,2,629221,3603.00
04/03/2018,2,132716,3740.00
04/03/2018,2,285491,4580.00
04/03/2018,2,393245,4632.00
04/03/2018,2,154262,4943.00
04/03/2018,2,527705,6296.00
04/03/2018,2,314619,6429.00
04/03/2018,2,877452,6576.00
04/03/2018,2,965120,6716.00
04/03/2018,2,545004,6834.00
04/03/2018,2,309863,7001.00
04/03/2018,2,114156,7018.00
04/03/2018,2,905432,7292.00
04/03/2018,2,331932,7775.00
04/03/2018,2,256166,8010.00
04/03/2018,2,331933,8192.00
04/03/2018,2,990818,8555.00
04/03/2018,2,371852,8630.00
04/03/2018,2,213456,9400.00
04/03/2018,2,501926,9487.00
04/03/2018,2,213457,10274.00
04/03/2018,2,696183,10330.00
04/03/2018,2,729378,10633.00
04/03/2018,2,53289,10777.00
04/03/2018,2,10248,12086.00
04/03/2018,2,938936,12143.00
04/03/2018,2,199594,12731.00
04/03/2018,2,456349,12824.00
04/03/2018,2,246552,14557.00
04/03/2018,2,403611,15029.00
04/03/2018,2,19135,18063.00
04/03/2018,2,400818,19531.00
04/03/2018,2,833610,20250.00
04/03/2018,2,620028,23311.00
04/03/2018,2,354064,25373.00
04/03/2018,2,210890,25804.00
04/03/2018,2,354063,25852.00
04/03/2018,2,319465,29330.00
04/03/2018,2,563721,35193.00
04/03/2018,2,558905,39554.00
04/03/2018,2,695369,52385.00
04/03/2018,2,961252,153500.00
04/03/2018,2,961253,193364.00
04/04/2018,2,375888,640.00
04/04/2018,2,513431,653.00
04/04/2018,2,602218,1670.00
04/04/2018,2,602219,3206.00
04/04/2018,2,693132,3227.00
04/04/2018,2,241592,3395.00
04/04/2018,2,944513,3690.00
04/04/2018,2,429201,4511.00
04/04/2018,2,318997,5000.00
04/04/2018,2,472039,6114.00
04/04/2018,2,665497,6516.00
04/04/2018,2,410778,7557.00
04/04/2018,2,413988,8104.00
04/04/2018,2,237846,8900.00
04/04/2018,2,480386,8948.00
04/04/2018,2,375887,9769.00
04/04/2018,2,713930,9798.00
04/04/2018,2,200807,10032.00
04/04/2018,2,961254,10698.00
04/04/2018,2,961256,11178.00
04/04/2018,2,547243,11400.00
04/04/2018,2,736774,12022.00
04/04/2018,2,306120,12616.00
04/04/2018,2,623692,13537.00
04/04/2018,2,375889,13734.00
04/04/2018,2,914796,14813.00
04/04/2018,2,920266,16576.00
04/04/2018,2,722861,17214.00
04/04/2018,2,473091,18708.00
04/04/2018,2,358899,22960.00
04/04/2018,2,358898,27042.00
04/04/2018,2,326937,28891.00
04/04/2018,2,645472,28958.00
04/04/2018,2,106667,31000.00
04/04/2018,2,920619,34047.00
04/04/2018,2,920618,34767.00
04/04/2018,2,384614,40473.00
04/04/2018,2,536736,49197.00
04/04/2018,2,477969,54648.00
04/04/2018,2,166312,74055.00
04/04/2018,2,577311,101936.00
04/04/2018,2,89515,118090.00
04/04/2018,2,961255,153500.00
04/04/2018,2,961257,154691.00
04/05/2018,2,475437,1464.00
04/05/2018,2,579324,1853.00
04/05/2018,2,359837,2058.00
04/05/2018,2,282709,2310.00
04/05/2018,2,363072,2750.00
04/05/2018,2,919098,3051.00
04/05/2018,2,420481,3119.00
04/05/2018,2,393216,3600.00
04/05/2018,2,649250,3780.00
04/05/2018,2,26727,3819.00
04/05/2018,2,566659,4937.00
04/05/2018,2,728354,5785.00
04/05/2018,2,439585,6005.00
04/05/2018,2,649251,6125.00
04/05/2018,2,758809,6215.00
04/05/2018,2,941705,6375.00
04/05/2018,2,507109,7183.00
04/05/2018,2,843553,7817.00
04/05/2018,2,917924,7885.00
04/05/2018,2,180295,8029.00
04/05/2018,2,169453,8179.00
04/05/2018,2,304720,8439.00
04/05/2018,2,24813,9023.00
04/05/2018,2,372458,9608.00
04/05/2018,2,341836,10733.00
04/05/2018,2,320390,11337.00
04/05/2018,2,947909,11947.00
04/05/2018,2,645415,12000.00
04/05/2018,2,375104,12010.00
04/05/2018,2,383568,12010.00
04/05/2018,2,517063,12010.00
04/05/2018,2,106532,12522.00
04/05/2018,2,352285,12696.00
04/05/2018,2,304719,13018.00
04/05/2018,2,318868,13266.00
04/05/2018,2,282637,13471.00
04/05/2018,2,540612,13941.00
04/05/2018,2,352093,14021.00
04/05/2018,2,839634,15341.00
04/05/2018,2,886398,15734.00
04/05/2018,2,469058,18307.00
04/05/2018,2,339158,20483.00
04/05/2018,2,381504,22096.00
04/05/2018,2,833646,22120.00
04/05/2018,2,616374,23423.00
04/05/2018,2,979508,24195.00
04/05/2018,2,219284,24896.00
04/05/2018,2,855323,25042.00
04/05/2018,2,306172,25319.00
04/05/2018,2,491079,26572.00
04/05/2018,2,632444,27541.00
04/05/2018,2,601146,28393.00
04/05/2018,2,456105,28620.00
04/05/2018,2,750111,28809.00
04/05/2018,2,283145,29653.00
04/05/2018,2,49600,29843.00
04/05/2018,2,362954,30257.00
04/05/2018,2,208547,30519.00
04/05/2018,2,600428,32040.00
04/05/2018,2,348209,35200.00
04/05/2018,2,914082,40123.00
04/05/2018,2,786564,41139.00
04/05/2018,2,855322,42730.00
04/05/2018,2,757255,47713.00
04/05/2018,2,273435,50045.00
04/05/2018,2,378537,81768.00
04/06/2018,2,26729,810.00
04/06/2018,2,275689,1502.00
04/06/2018,2,136921,3485.00
04/06/2018,2,166311,3595.00
04/06/2018,2,664807,5340.00
04/06/2018,2,575144,7669.00
04/06/2018,2,900814,7928.00
04/06/2018,2,223525,7938.00
04/06/2018,2,80274,9545.00
04/06/2018,2,690372,10134.00
04/06/2018,2,124412,12782.00
04/06/2018,2,739956,13966.00
04/06/2018,2,253680,23297.00
04/06/2018,2,567921,23418.00
04/06/2018,2,334681,27363.00
04/06/2018,2,740731,30417.00
04/06/2018,2,567922,32448.00
04/06/2018,2,959077,50000.00
04/09/2018,2,511400,1629.00
04/09/2018,2,645996,1646.00
04/09/2018,2,517398,1850.00
04/09/2018,2,231933,2066.00
04/09/2018,2,795023,2453.00
04/09/2018,2,511401,2820.00
04/09/2018,2,506313,3019.00
04/09/2018,2,949889,3062.00
04/09/2018,2,380970,3397.00
04/09/2018,2,383210,5147.00
04/09/2018,2,367529,6210.00
04/09/2018,2,652968,6964.00
04/09/2018,2,466254,7206.00
04/09/2018,2,367528,7236.00
04/09/2018,2,436465,7804.00
04/09/2018,2,336134,8095.00
04/09/2018,2,652969,8260.00
04/09/2018,2,561281,8498.00
04/09/2018,2,667446,9490.00
04/09/2018,2,428093,11198.00
04/09/2018,2,485518,11889.00
04/09/2018,2,338171,12720.00
04/09/2018,2,261702,12967.00
04/09/2018,2,768066,13133.00
04/09/2018,2,757211,14180.00
04/09/2018,2,982433,15183.00
04/09/2018,2,591920,15502.00
04/09/2018,2,524443,23025.00
04/09/2018,2,2051,23223.00
04/09/2018,2,606957,23563.00
04/09/2018,2,261578,27492.00
04/09/2018,2,969449,28703.00
04/09/2018,2,470303,37796.00
04/09/2018,2,27953,46855.00
04/09/2018,2,903804,70978.00
04/09/2018,2,999719,173841.00
04/10/2018,2,472235,918.00
04/10/2018,2,105730,1880.00
04/10/2018,2,9548,5582.00
04/10/2018,2,443399,10018.00
04/10/2018,2,190374,13557.00
04/10/2018,2,190374,13557.00
04/10/2018,2,752949,20015.00
04/10/2018,2,357678,24312.00
04/10/2018,2,306569,29329.00
04/10/2018,2,890534,31292.00
04/10/2018,2,890534,31292.00
04/10/2018,2,516966,40522.00
04/10/2018,2,34217,41704.00
04/11/2018,2,938597,3232.00
04/11/2018,2,763846,3506.00
04/11/2018,2,634986,3526.00
04/11/2018,2,778923,3763.00
04/11/2018,2,256264,4716.00
04/11/2018,2,687650,6005.00
04/11/2018,2,186320,7415.00
04/11/2018,2,538619,7582.00
04/11/2018,2,547089,7964.00
04/11/2018,2,661060,8262.00
04/11/2018,2,877639,10510.00
04/11/2018,2,405361,19906.00
04/11/2018,2,982033,20846.00
04/11/2018,2,677650,22572.00
04/11/2018,2,461393,23028.00
04/11/2018,2,120905,26195.00
04/11/2018,2,879373,29961.00
04/11/2018,2,496822,30278.00
04/11/2018,2,611472,45956.00
04/11/2018,2,522584,47880.00
04/12/2018,2,277788,2515.00
04/12/2018,2,801097,3062.00
04/12/2018,2,509405,3398.00
04/12/2018,2,420844,6112.00
04/12/2018,2,967238,6260.00
04/12/2018,2,80935,6790.00
04/12/2018,2,859677,9231.00
04/12/2018,2,497110,9297.00
04/12/2018,2,356053,9558.00
04/12/2018,2,141512,12462.00
04/12/2018,2,573897,15890.00
04/12/2018,2,244494,17246.00
04/12/2018,2,48447,23253.00
04/12/2018,2,156222,23635.00
04/12/2018,2,694673,35289.00
04/12/2018,2,655685,41193.00
04/12/2018,2,420845,91970.00
13-04-2018,2,267423,2635.00
13-04-2018,2,479397,3468.00
13-04-2018,2,260259,7939.00
13-04-2018,2,570350,8146.00
13-04-2018,2,254313,9623.00
13-04-2018,2,27107,11218.00
13-04-2018,2,596831,78854.00
16-04-2018,2,799935,3705.00
16-04-2018,2,594005,5039.00
16-04-2018,2,593253,5313.00
16-04-2018,2,972582,6005.00
16-04-2018,2,2164,6290.00
16-04-2018,2,656423,7085.00
16-04-2018,2,113597,8035.00
16-04-2018,2,581455,10002.00
16-04-2018,2,325771,10431.00
16-04-2018,2,795097,11470.00
16-04-2018,2,94896,12516.00
16-04-2018,2,795098,13434.00
16-04-2018,2,475203,20201.00
16-04-2018,2,879684,22607.00
16-04-2018,2,95600,33280.00
16-04-2018,2,153788,79777.00
18-04-2018,2,925953,614.00
18-04-2018,2,902608,795.00
18-04-2018,2,495654,980.00
18-04-2018,2,337189,1227.00
18-04-2018,2,805527,1516.00
18-04-2018,2,925954,1633.00
18-04-2018,2,391913,1636.00
18-04-2018,2,925955,1637.00
18-04-2018,2,674163,1753.00
18-04-2018,2,329557,2017.00
18-04-2018,2,687468,2328.00
18-04-2018,2,299169,2435.00
18-04-2018,2,870273,2542.00
18-04-2018,2,58479,2569.00
18-04-2018,2,452752,2980.00
18-04-2018,2,566760,3143.00
18-04-2018,2,870295,3214.00
18-04-2018,2,367396,3305.00
18-04-2018,2,317507,3406.00
18-04-2018,2,835,3755.00
18-04-2018,2,880496,3843.00
18-04-2018,2,928015,3858.00
18-04-2018,2,397937,4883.00
18-04-2018,2,937157,5225.00
18-04-2018,2,30069,5317.00
18-04-2018,2,30070,5352.00
18-04-2018,2,714724,5650.00
18-04-2018,2,199651,6055.00
18-04-2018,2,714723,6117.00
18-04-2018,2,189874,6200.00
18-04-2018,2,691526,6418.00
18-04-2018,2,934143,7178.00
18-04-2018,2,431338,7386.00
18-04-2018,2,753128,7458.00
18-04-2018,2,222482,7972.00
18-04-2018,2,70007,8421.00
18-04-2018,2,550509,8905.00
18-04-2018,2,522367,8958.00
18-04-2018,2,305980,9041.00
18-04-2018,2,687176,9628.00
18-04-2018,2,165619,9639.00
18-04-2018,2,35712,10308.00
18-04-2018,2,870294,10355.00
18-04-2018,2,814122,10491.00
18-04-2018,2,736100,11175.00
18-04-2018,2,617521,12437.00
18-04-2018,2,837256,12458.00
18-04-2018,2,656435,12487.00
18-04-2018,2,166762,12631.00
18-04-2018,2,75410,13000.00
18-04-2018,2,868632,13498.00
18-04-2018,2,977189,13712.00
18-04-2018,2,8471,15094.00
18-04-2018,2,428467,17271.00
18-04-2018,2,644295,18195.00
18-04-2018,2,634992,19871.00
18-04-2018,2,234034,21340.00
18-04-2018,2,669976,23714.00
18-04-2018,2,813916,24260.00
18-04-2018,2,797326,25858.00
18-04-2018,2,52756,28060.00
18-04-2018,2,571068,32520.00
18-04-2018,2,186998,32553.00
18-04-2018,2,606603,32830.00
18-04-2018,2,482285,35218.00
18-04-2018,2,226872,42095.00
18-04-2018,2,378369,44609.00
18-04-2018,2,811936,65448.00
19-04-2018,2,286802,1072.00
19-04-2018,2,948089,1567.00
19-04-2018,2,915917,1702.00
19-04-2018,2,167744,1730.00
19-04-2018,2,694232,3062.00
19-04-2018,2,866061,3117.00
19-04-2018,2,437484,3474.00
19-04-2018,2,399257,5188.00
19-04-2018,2,399163,5213.00
19-04-2018,2,910360,6005.00
19-04-2018,2,840146,6124.00
19-04-2018,2,562340,7023.00
19-04-2018,2,215193,8550.00
19-04-2018,2,78600,9196.00
19-04-2018,2,291673,10301.00
19-04-2018,2,970719,11854.00
19-04-2018,2,690472,11941.00
19-04-2018,2,804958,12010.00
19-04-2018,2,712062,15048.00
19-04-2018,2,237334,15312.00
19-04-2018,2,291674,19773.00
19-04-2018,2,343592,23282.00
19-04-2018,2,838258,27028.00
19-04-2018,2,7202,48520.00
19-04-2018,2,533847,59367.00
19-04-2018,2,497818,391277.00
20-04-2018,2,827837,1606.00
20-04-2018,2,634299,1635.00
20-04-2018,2,768126,3271.00
20-04-2018,2,691582,3861.00
20-04-2018,2,940409,5278.00
20-04-2018,2,278450,5519.00
20-04-2018,2,68,5539.00
20-04-2018,2,488769,5553.00
20-04-2018,2,278451,5684.00
20-04-2018,2,431253,6674.00
20-04-2018,2,455956,7019.00
20-04-2018,2,695692,8918.00
20-04-2018,2,431254,9221.00
20-04-2018,2,210333,10500.00
20-04-2018,2,898221,12205.00
20-04-2018,2,366291,12622.00
20-04-2018,2,916217,13489.00
20-04-2018,2,173157,16654.00
20-04-2018,2,298841,26706.00
20-04-2018,2,188958,47081.00
20-04-2018,2,178909,51852.00
20-04-2018,2,92193,78099.00
20-04-2018,2,2165,98157.00
21-04-2018,2,217880,2632.00
21-04-2018,2,767318,3162.00
21-04-2018,2,850031,4228.00
21-04-2018,2,645767,4765.00
21-04-2018,2,897768,6347.00
21-04-2018,2,407213,9116.00
21-04-2018,2,47135,9200.00
21-04-2018,2,716922,9679.00
21-04-2018,2,77286,9768.00
21-04-2018,2,884925,9833.00
21-04-2018,2,356574,10473.00
21-04-2018,2,940161,10799.00
21-04-2018,2,379016,14016.00
21-04-2018,2,822071,24758.00
21-04-2018,2,932571,42900.00
23-04-2018,2,97910,2451.00
23-04-2018,2,97912,2524.00
23-04-2018,2,664438,4257.00
23-04-2018,2,833613,4375.00
23-04-2018,2,664437,4884.00
23-04-2018,2,936823,5362.00
23-04-2018,2,784043,6005.00
23-04-2018,2,210701,7328.00
23-04-2018,2,79441,13467.00
23-04-2018,2,882291,13813.00
23-04-2018,2,7917,15850.00
23-04-2018,2,882292,16272.00
23-04-2018,2,103472,19117.00
23-04-2018,2,880421,20121.00
23-04-2018,2,304008,24260.00
23-04-2018,2,605609,26279.00
23-04-2018,2,863335,26312.00
23-04-2018,2,539514,30772.00
23-04-2018,2,357390,35360.00
23-04-2018,2,605608,49127.00
24-04-2018,2,281296,1082.00
24-04-2018,2,56325,1530.00
24-04-2018,2,197493,2477.00
24-04-2018,2,958916,2765.00
24-04-2018,2,899788,3062.00
24-04-2018,2,634993,4752.00
24-04-2018,2,641354,6151.00
24-04-2018,2,168361,6342.00
24-04-2018,2,13420,6676.00
24-04-2018,2,507110,7183.00
24-04-2018,2,168362,8407.00
24-04-2018,2,668452,8624.00
24-04-2018,2,678251,9244.00
24-04-2018,2,248100,12010.00
24-04-2018,2,630414,12010.00
24-04-2018,2,47894,12345.00
24-04-2018,2,419237,13882.00
24-04-2018,2,13421,17027.00
24-04-2018,2,958915,17371.00
24-04-2018,2,280833,23352.00
24-04-2018,2,331064,27300.00
24-04-2018,2,720482,31119.00
24-04-2018,2,645676,38457.00
24-04-2018,2,834670,42493.00
24-04-2018,2,35958,46734.00
25-04-2018,2,225663,2408.00
25-04-2018,2,157695,3100.00
25-04-2018,2,53145,3536.00
25-04-2018,2,450151,3788.00
25-04-2018,2,846103,4002.00
25-04-2018,2,501927,4924.00
25-04-2018,2,747107,6120.00
25-04-2018,2,237327,11489.00
25-04-2018,2,100081,11770.00
25-04-2018,2,881320,12450.00
25-04-2018,2,200139,13919.00
25-04-2018,2,8693,14067.00
25-04-2018,2,84173,15171.86
25-04-2018,2,523867,22892.00
25-04-2018,2,221363,25162.00
25-04-2018,2,75836,39574.00
25-04-2018,2,465805,47868.00
25-04-2018,2,788965,56893.00
25-04-2018,2,573736,156388.00
26-04-2018,2,866062,1149.00
26-04-2018,2,779034,2060.00
26-04-2018,2,399384,2582.00
26-04-2018,2,376472,3592.00
26-04-2018,2,857191,4918.00
26-04-2018,2,796567,5011.00
26-04-2018,2,685019,5068.00
26-04-2018,2,570353,5551.00
26-04-2018,2,240796,6266.00
26-04-2018,2,144905,6523.00
26-04-2018,2,748197,6561.00
26-04-2018,2,485427,6648.00
26-04-2018,2,920901,6920.00
26-04-2018,2,798255,6931.00
26-04-2018,2,261890,7294.00
26-04-2018,2,126628,9102.00
26-04-2018,2,850347,9219.00
26-04-2018,2,373020,10315.00
26-04-2018,2,43252,11003.00
26-04-2018,2,862495,11354.00
26-04-2018,2,291621,11518.00
26-04-2018,2,509713,12000.00
26-04-2018,2,685018,12557.00
26-04-2018,2,535649,18473.00
26-04-2018,2,353745,19454.00
26-04-2018,2,861347,19987.00
26-04-2018,2,93751,25592.00
26-04-2018,2,651701,25804.00
26-04-2018,2,957082,25918.00
26-04-2018,2,393244,25986.00
26-04-2018,2,158135,33353.00
26-04-2018,2,737824,37208.00
26-04-2018,2,164008,45736.00
26-04-2018,2,983387,47272.00
26-04-2018,2,306597,125583.00
27-04-2018,2,719701,662.00
27-04-2018,2,176373,2152.00
27-04-2018,2,625031,2838.00
27-04-2018,2,625037,2853.00
27-04-2018,2,184629,3062.00
27-04-2018,2,678631,3305.00
27-04-2018,2,818846,3492.00
27-04-2018,2,645475,4030.00
27-04-2018,2,208222,4897.00
27-04-2018,2,968605,8285.00
27-04-2018,2,16064,8907.00
27-04-2018,2,309015,9413.00
27-04-2018,2,127420,12010.00
27-04-2018,2,102178,12010.00
27-04-2018,2,166608,12055.00
27-04-2018,2,54630,13171.00
27-04-2018,2,494111,14837.00
27-04-2018,2,3389,18235.00
27-04-2018,2,55063,20927.00
27-04-2018,2,570010,23230.00
27-04-2018,2,464555,26517.00
27-04-2018,2,439286,26560.00
27-04-2018,2,929153,41870.00
30-04-2018,2,552293,1700.00
30-04-2018,2,209706,1926.00
30-04-2018,2,944775,3869.00
30-04-2018,2,578541,4573.00
30-04-2018,2,658767,4788.00
30-04-2018,2,365762,5242.00
30-04-2018,2,991131,6055.00
30-04-2018,2,699997,6488.00
30-04-2018,2,52374,7228.00
30-04-2018,2,532946,8089.00
30-04-2018,2,622777,8391.00
30-04-2018,2,410779,8846.00
30-04-2018,2,874790,9608.00
30-04-2018,2,440352,9947.00
30-04-2018,2,585147,13043.00
30-04-2018,2,521729,16347.00
30-04-2018,2,9247,16672.00
30-04-2018,2,965449,21139.00
30-04-2018,2,849944,24610.00
30-04-2018,2,310093,25645.00
30-04-2018,2,892739,29495.00
30-04-2018,2,171432,29912.00
30-04-2018,2,106469,31628.00
30-04-2018,2,399045,48458.00
04/05/2018,9,222537,31078.00
04/03/2018,10,60755,1840.00
04/03/2018,10,46086,5331.00
04/03/2018,10,490680,10164.00
04/03/2018,10,525223,27098.00
04/04/2018,10,650348,1873.00
04/04/2018,10,496159,4050.00
04/04/2018,10,519703,24020.00
04/04/2018,10,519702,25986.00
04/05/2018,10,443136,2787.00
04/05/2018,10,438733,3456.00
04/05/2018,10,302210,8130.00
04/05/2018,10,835171,8815.00
04/05/2018,10,835169,12414.00
04/05/2018,10,496663,15690.00
04/05/2018,10,2942,38330.00
04/05/2018,10,476812,98649.00
04/05/2018,10,2941,125613.00
04/06/2018,10,66998,4446.00
04/06/2018,10,1941,28394.00
04/10/2018,10,533566,11494.00
04/11/2018,10,537424,6067.00
04/12/2018,10,405829,7104.00
16-04-2018,10,473400,1584.00
18-04-2018,10,534624,6741.00
18-04-2018,10,36235,24610.00
18-04-2018,10,52937,25173.00
19-04-2018,10,71170,7687.00
20-04-2018,10,519049,30614.00
20-04-2018,10,88201,37521.00
21-04-2018,10,27423,6728.00
21-04-2018,10,487097,7842.00
21-04-2018,10,487098,11160.00
21-04-2018,10,487096,24020.00
21-04-2018,10,35153,38050.00
23-04-2018,10,538761,6192.00
24-04-2018,10,4838,48629.00
25-04-2018,10,406258,7277.00
26-04-2018,10,528989,5738.00
26-04-2018,10,78717,5872.00
26-04-2018,10,521624,27587.00
27-04-2018,10,29004,1131.00
30-04-2018,10,455049,4425.00
30-04-2018,10,53067,6065.00
04/05/2018,11,63,5754.00
04/05/2018,11,122,8145.00
04/06/2018,11,662808,7843.00
16-04-2018,11,863522,9207.00
18-04-2018,11,42,3073.00
18-04-2018,11,557913,11952.00
30-04-2018,11,189434,1155.00
04/03/2018,12,18,3804.00
04/03/2018,12,596346,5602.00
04/03/2018,12,56,10803.00
04/03/2018,12,55,11787.00
04/03/2018,12,30,24527.00
04/04/2018,12,22,6978.00
04/05/2018,12,19,743.00
04/05/2018,12,62,7279.00
04/05/2018,12,30,17098.00
04/06/2018,12,8,16017.00
04/06/2018,12,13,23540.00
04/06/2018,12,14,23540.00
04/06/2018,12,38,24781.00
04/09/2018,12,9,2720.00
04/09/2018,12,166,21924.00
16-04-2018,12,3,34097.00
18-04-2018,12,13,5246.00
18-04-2018,12,17,15373.00
18-04-2018,12,8,23894.00
19-04-2018,12,20,2270.00
19-04-2018,12,12,6005.00
19-04-2018,12,10,27163.00
20-04-2018,12,1,13914.00
21-04-2018,12,49,2579.00
21-04-2018,12,5,10392.00
25-04-2018,12,7,32490.00
26-04-2018,12,6,5067.00
26-04-2018,12,586155,6620.00
26-04-2018,12,72,26001.00
30-04-2018,12,17,12148.00
30-04-2018,12,586156,19379.00
30-04-2018,12,8,34535.00
04/03/2018,13,69379,1990.00
04/03/2018,13,14225,3263.00
04/03/2018,13,5,3857.00
04/03/2018,13,13,5124.00
04/03/2018,13,18401,6005.00
04/03/2018,13,47048,10780.00
04/03/2018,13,347,13575.00
04/03/2018,13,27754,16381.00
04/03/2018,13,26272,25092.00
04/03/2018,13,129890,66228.00
04/04/2018,13,15188,919.00
04/04/2018,13,23262,3098.00
04/04/2018,13,156010,9181.00
04/04/2018,13,32782,12120.00
04/04/2018,13,31937,26055.00
04/04/2018,13,205618,60050.00
04/04/2018,13,75126,750000.00
04/05/2018,13,7962,1313.00
04/05/2018,13,16630,1695.00
04/05/2018,13,142647,3784.00
04/05/2018,13,23021,3930.00
04/05/2018,13,205619,4707.00
04/05/2018,13,76578,5000.00
04/05/2018,13,711225,9134.00
04/05/2018,13,3248,9777.00
04/05/2018,13,76577,10000.00
04/05/2018,13,37532,10211.00
04/05/2018,13,142648,11493.00
04/05/2018,13,16,12412.00
04/05/2018,13,11,16346.00
04/05/2018,13,75619,18000.00
04/05/2018,13,75620,18000.00
04/05/2018,13,75621,18000.00
04/05/2018,13,75622,18000.00
04/05/2018,13,9420,18015.00
04/05/2018,13,69227,20139.00
04/05/2018,13,12054,20852.00
04/05/2018,13,7961,27205.00
04/05/2018,13,7010,30571.00
04/05/2018,13,7960,30621.00
04/06/2018,13,77815,7465.00
04/09/2018,13,10415,660.00
04/09/2018,13,19,1337.00
04/09/2018,13,10024,1850.00
04/09/2018,13,11384,3253.00
04/09/2018,13,54805,3834.00
04/09/2018,13,56107,4312.00
04/09/2018,13,10,6005.00
04/09/2018,13,16281,8575.00
04/09/2018,13,27107,105000.00
04/10/2018,13,15245,14325.00
04/11/2018,13,13622,1601.00
04/11/2018,13,23,1642.00
04/11/2018,13,13623,1962.00
04/11/2018,13,10772,3311.00
04/11/2018,13,13624,3639.00
04/11/2018,13,33802,9232.00
04/11/2018,13,62430,19648.00
04/11/2018,13,15894,23658.00
13-04-2018,13,14144,1425.00
13-04-2018,13,4200,3087.00
13-04-2018,13,659,3088.00
13-04-2018,13,33659,17324.00
13-04-2018,13,29414,60875.00
16-04-2018,13,32484,6175.00
16-04-2018,13,333,32116.00
18-04-2018,13,34866,2531.00
18-04-2018,13,26684,9755.00
18-04-2018,13,11566,10119.00
18-04-2018,13,26791,13200.00
19-04-2018,13,6756,1260.00
19-04-2018,13,3831,2706.00
19-04-2018,13,37136,3062.00
19-04-2018,13,70631,5354.00
19-04-2018,13,25007,11571.00
19-04-2018,13,46949,12243.00
20-04-2018,13,37276,834.00
20-04-2018,13,27032,3076.00
20-04-2018,13,18854,13400.00
20-04-2018,13,77203,18379.00
20-04-2018,13,77202,19010.00
21-04-2018,13,10674,1262.00
21-04-2018,13,172019,1381.00
21-04-2018,13,8191,1531.00
21-04-2018,13,26813,2581.00
23-04-2018,13,66949,6065.00
23-04-2018,13,187064,9852.00
23-04-2018,13,13251,24020.00
23-04-2018,13,1,44060.00
24-04-2018,13,195399,1900.00
24-04-2018,13,32973,2720.00
24-04-2018,13,10604,5206.00
24-04-2018,13,28958,7149.00
24-04-2018,13,19229,12713.00
24-04-2018,13,61674,38678.00
25-04-2018,13,42713,2531.00
25-04-2018,13,23582,3062.00
25-04-2018,13,42712,4000.00
25-04-2018,13,44747,4016.00
25-04-2018,13,58816,4028.00
26-04-2018,13,55,4804.00
26-04-2018,13,72851,7170.00
26-04-2018,13,23399,17657.00
26-04-2018,13,10,32870.00
27-04-2018,13,99734,589.00
27-04-2018,13,70176,3692.00
27-04-2018,13,45091,3880.00
27-04-2018,13,45093,3992.00
27-04-2018,13,13777,4224.00
27-04-2018,13,45092,6125.00
27-04-2018,13,350,7991.00
27-04-2018,13,45094,9472.00
27-04-2018,13,29434,21758.00
27-04-2018,13,58,23903.00
27-04-2018,13,9875,24175.00
27-04-2018,13,18378,24636.00
27-04-2018,13,18377,25188.00
27-04-2018,13,29435,27278.00
27-04-2018,13,6653,27501.00
27-04-2018,13,11,37282.00
27-04-2018,13,24441,300000.00
30-04-2018,13,8564,6651.00
30-04-2018,13,7,11612.00
04/06/2018,14,10005,57287.00
19-04-2018,14,361329,6544.00
24-04-2018,14,22904,766.00
04/03/2018,15,445212,1018.00
04/03/2018,15,806104,1627.00
04/03/2018,15,179755,6151.00
04/03/2018,15,24104,6660.00
04/03/2018,15,531803,7882.00
04/03/2018,15,773033,9878.00
04/03/2018,15,532864,11076.00
04/04/2018,15,112953,15185.00
04/04/2018,15,362528,46046.00
04/05/2018,15,298756,509.00
04/05/2018,15,877529,11396.00
04/05/2018,15,61155,11652.00
04/05/2018,15,15883,13154.00
04/06/2018,15,372978,1531.00
04/09/2018,15,159691,8000.00
04/09/2018,15,756838,23502.00
04/10/2018,15,7178,35505.00
04/10/2018,15,181502,76978.00
04/11/2018,15,862205,1555.00
04/11/2018,15,529131,10372.00
13-04-2018,15,505337,3293.00
13-04-2018,15,429125,6096.00
13-04-2018,15,4350,12010.00
13-04-2018,15,14328,12010.00
16-04-2018,15,529133,10372.00
16-04-2018,15,12128,28364.00
18-04-2018,15,635651,1634.00
18-04-2018,15,995203,2289.00
18-04-2018,15,56099,3212.00
18-04-2018,15,862123,3272.00
18-04-2018,15,270826,4176.00
18-04-2018,15,877607,19762.00
18-04-2018,15,428562,30940.00
18-04-2018,15,428561,32225.00
18-04-2018,15,83782,44454.00
20-04-2018,15,899758,4069.00
21-04-2018,15,36922,3265.00
21-04-2018,15,865518,9647.00
23-04-2018,15,285651,28794.00
24-04-2018,15,52699,6912.00
25-04-2018,15,712964,64878.00
26-04-2018,15,862204,879.00
26-04-2018,15,24105,2426.00
26-04-2018,15,112955,5393.00
26-04-2018,15,713390,6391.00
26-04-2018,15,712963,12010.00
27-04-2018,15,159692,7150.00
27-04-2018,15,594681,9017.00
30-04-2018,15,939522,5153.00
30-04-2018,15,993552,14068.00
04/03/2018,16,113211,2025.00
04/03/2018,16,31994,4841.00
04/03/2018,16,21958,4910.00
04/03/2018,16,12553,5815.00
04/03/2018,16,43256,5894.00
04/03/2018,16,49813,10793.00
04/03/2018,16,303477,13700.00
04/03/2018,16,49738,28830.00
04/03/2018,16,12552,36717.00
04/03/2018,16,12551,43940.00
04/04/2018,16,31568,2373.00
04/04/2018,16,39702,3002.00
04/04/2018,16,39732,12010.00
04/04/2018,16,17304,41840.00
04/05/2018,16,60153,1977.00
04/05/2018,16,60154,3076.00
04/05/2018,16,4392,3504.00
04/05/2018,16,48725,4327.00
04/05/2018,16,53012,5147.00
04/05/2018,16,60152,12800.00
04/05/2018,16,48724,15958.00
04/05/2018,16,14427,16090.00
04/05/2018,16,14706,21253.00
04/05/2018,16,49739,65562.00
04/06/2018,16,43259,1750.00
04/06/2018,16,60272,3609.00
04/09/2018,16,31419,1565.00
04/09/2018,16,63956,5000.00
04/09/2018,16,61015,5000.00
04/09/2018,16,17785,7110.00
04/09/2018,16,48727,10000.00
04/10/2018,16,14707,11137.00
04/10/2018,16,53726,104486.00
04/12/2018,16,55027,1057.00
13-04-2018,16,271420,657.00
13-04-2018,16,271418,18971.00
13-04-2018,16,56281,20003.00
16-04-2018,16,19979,2292.00
18-04-2018,16,33875,1369.00
18-04-2018,16,27281,8020.00
18-04-2018,16,309693,12010.00
19-04-2018,16,33497,1698.00
19-04-2018,16,36925,26826.00
20-04-2018,16,480259,6514.00
20-04-2018,16,22880,9191.00
20-04-2018,16,480258,27016.00
21-04-2018,16,42410,7896.00
21-04-2018,16,45959,10612.00
21-04-2018,16,23577,24100.00
25-04-2018,16,41848,1440.00
25-04-2018,16,44186,5551.00
26-04-2018,16,52201,1353.00
26-04-2018,16,25527,6140.00
26-04-2018,16,37827,27614.00
30-04-2018,16,16737,46947.00
16-04-2018,17,209390,7500.00
20-04-2018,17,44350,7431.00
24-04-2018,17,249306,81750.00
27-04-2018,17,209484,4516.00
04/03/2018,18,16153,6124.00
04/05/2018,18,5347,4240.00
04/11/2018,18,865960,12235.00
16-04-2018,18,865960,12235.00
04/03/2018,19,754437,26603.00
04/04/2018,19,388142,3724.00
04/04/2018,19,388143,3724.00
04/04/2018,19,747142,11884.00
04/04/2018,19,10068,12250.00
04/04/2018,19,3627,50822.00
04/05/2018,19,38012,4075.00
04/05/2018,19,38011,14000.00
04/05/2018,19,321577,71641.00
04/10/2018,19,1982,8675.00
04/11/2018,19,678622,6866.00
27-04-2018,19,580492,3707.00
04/03/2018,20,2,12337.00
04/03/2018,20,184194,28974.00
04/04/2018,20,572707,1531.00
04/04/2018,20,572708,6570.00
04/04/2018,20,672351,15272.00
04/06/2018,20,831849,12302.00
04/06/2018,20,831836,44520.00
04/09/2018,20,154043,14094.00
04/11/2018,20,308390,7854.00
04/11/2018,20,307055,12659.00
16-04-2018,20,302999,433.00
18-04-2018,20,686183,2690.00
18-04-2018,20,706404,15436.00
18-04-2018,20,706405,19421.00
18-04-2018,20,706406,19536.00
18-04-2018,20,706407,29968.00
20-04-2018,20,975101,12327.00
20-04-2018,20,979427,15248.00
24-04-2018,20,970789,3141.00
24-04-2018,20,970788,6015.00
25-04-2018,20,6,19454.00
26-04-2018,20,307414,18983.00
26-04-2018,20,306208,20743.00
26-04-2018,20,962676,30834.00
30-04-2018,20,301001,10114.00
04/03/2018,22,15255,5461.00
04/12/2018,22,18206,3236.00
04/12/2018,22,13640,15438.00
21-04-2018,22,16681,35757.00
30-04-2018,22,17096,7324.00
04/03/2018,23,406,5302.00
04/11/2018,23,297897,5684.00
13-04-2018,23,456408,10470.00
18-04-2018,23,669439,2240.00
18-04-2018,23,330513,4587.00
23-04-2018,23,162044,654.00
24-04-2018,23,330514,2081.00
27-04-2018,23,674039,4235.00
30-04-2018,23,883033,27550.00
30-04-2018,23,883032,158762.00
04/03/2018,24,475547,1996.00
04/03/2018,24,29903,5775.00
04/03/2018,24,898664,10565.00
04/03/2018,24,71733,11860.00
04/03/2018,24,39770,35500.00
04/03/2018,24,861023,103958.00
04/04/2018,24,652572,2616.00
04/04/2018,24,652570,10702.00
04/04/2018,24,400239,13744.00
04/05/2018,24,407378,7007.00
04/05/2018,24,588865,12135.00
04/05/2018,24,228507,15733.00
04/05/2018,24,924821,25494.00
04/05/2018,24,603602,34556.00
04/05/2018,24,223132,37760.00
04/05/2018,24,175133,40703.00
04/05/2018,24,124191,53625.00
04/05/2018,24,223133,128728.00
04/06/2018,24,366662,2553.00
04/09/2018,24,933055,1991.00
04/09/2018,24,853976,6184.00
04/10/2018,24,792371,5970.00
04/11/2018,24,994620,6436.00
04/11/2018,24,994619,7520.00
04/12/2018,24,912145,8623.00
04/12/2018,24,530312,9050.00
04/12/2018,24,450226,9409.00
04/12/2018,24,72173,10301.00
13-04-2018,24,83247,12905.00
16-04-2018,24,613471,4711.00
16-04-2018,24,383008,5592.00
16-04-2018,24,983986,8891.00
16-04-2018,24,151504,13042.00
16-04-2018,24,365387,25464.00
18-04-2018,24,239878,5238.00
18-04-2018,24,516479,5311.00
18-04-2018,24,876546,6437.00
18-04-2018,24,861024,14148.00
18-04-2018,24,377413,20102.00
18-04-2018,24,483392,37672.00
19-04-2018,24,778953,4666.00
20-04-2018,24,980155,6064.00
23-04-2018,24,501798,2366.00
23-04-2018,24,230014,3452.00
23-04-2018,24,541263,8033.00
23-04-2018,24,573248,18162.00
25-04-2018,24,373707,4560.00
25-04-2018,24,447535,5055.00
25-04-2018,24,716385,16754.00
26-04-2018,24,760083,1531.00
26-04-2018,24,892611,9054.00
26-04-2018,24,158762,11483.00
26-04-2018,24,886206,30970.00
27-04-2018,24,332019,19681.00
27-04-2018,24,49101,28910.00
30-04-2018,24,176780,5342.00
04/03/2018,25,422563,1516.00
04/03/2018,25,771995,103587.00
04/04/2018,25,914635,65820.00
04/05/2018,25,606685,5157.00
04/05/2018,25,118418,9405.00
04/05/2018,25,915849,10939.00
04/05/2018,25,693015,62210.00
04/06/2018,25,422024,1020.00
04/06/2018,25,921307,20000.00
04/11/2018,25,137772,7365.00
13-04-2018,25,421917,18195.00
16-04-2018,25,916659,6820.00
16-04-2018,25,69212,18512.00
18-04-2018,25,693016,9201.00
25-04-2018,25,693018,62905.00
26-04-2018,25,933502,830.00
27-04-2018,25,150079,21752.00
04/03/2018,26,63106,1929.00
04/03/2018,26,29759,8011.00
04/03/2018,26,7152,9554.00
04/03/2018,26,4173,11447.00
04/03/2018,26,14988,16992.00
04/03/2018,26,14991,17174.00
04/03/2018,26,29757,18668.00
04/03/2018,26,14989,19500.00
04/03/2018,26,30085,21429.00
04/03/2018,26,1889,21729.00
04/03/2018,26,29756,25897.00
04/03/2018,26,14987,32913.00
04/03/2018,26,14990,33329.00
04/03/2018,26,4323,44860.00
04/03/2018,26,1911,63514.00
04/04/2018,26,59309,1560.00
04/05/2018,26,47088,4134.00
04/05/2018,26,42197,4233.00
04/05/2018,26,4174,5157.00
04/05/2018,26,15810,5629.00
04/05/2018,26,12071,6113.00
04/05/2018,26,8508,6140.00
04/05/2018,26,4666,30095.00
04/05/2018,26,8507,41000.00
04/06/2018,26,36165,1890.00
04/06/2018,26,14996,31671.00
04/09/2018,26,11873,2006.00
04/11/2018,26,8806,5873.00
04/12/2018,26,46201,358.00
04/12/2018,26,16916,6742.00
04/12/2018,26,10993,7183.00
04/12/2018,26,16915,13944.00
04/12/2018,26,30569,15967.00
04/12/2018,26,30568,24294.00
18-04-2018,26,32003,7406.00
18-04-2018,26,4216,32097.00
19-04-2018,26,1912,22702.00
20-04-2018,26,29869,12551.00
24-04-2018,26,19461,3137.00
24-04-2018,26,43324,3243.00
24-04-2018,26,20281,46435.00
25-04-2018,26,42836,1401.00
25-04-2018,26,29531,26760.00
25-04-2018,26,8836,69104.00
26-04-2018,26,59310,846.00
26-04-2018,26,4190,3062.00
26-04-2018,26,16261,4615.00
26-04-2018,26,43046,4970.00
26-04-2018,26,16266,16342.00
27-04-2018,26,59312,1509.00
30-04-2018,26,6663,3262.00
30-04-2018,26,6135,30996.00
30-04-2018,26,42598,34347.00
04/03/2018,27,233581,1147.00
04/03/2018,27,827785,2043.00
04/03/2018,27,17844,4791.00
04/03/2018,27,152908,17865.00
04/05/2018,27,736778,801.00
04/05/2018,27,178099,4708.00
04/05/2018,27,911466,10242.00
04/09/2018,27,102315,672.00
04/09/2018,27,278160,5384.00
04/09/2018,27,827331,9885.00
04/11/2018,27,83857,27331.00
04/11/2018,27,716216,42375.00
16-04-2018,27,130344,4841.00
16-04-2018,27,805076,5395.00
18-04-2018,27,751596,37562.00
19-04-2018,27,853816,2512.00
23-04-2018,27,71580,47084.00
24-04-2018,27,277329,3641.00
27-04-2018,27,146442,9707.00
30-04-2018,27,953341,15860.00
04/03/2018,28,856902,1672.00
04/03/2018,28,673065,1710.00
04/03/2018,28,6,1814.00
04/03/2018,28,794461,1957.00
04/03/2018,28,139040,2885.00
04/03/2018,28,1,3007.00
04/03/2018,28,7,3404.00
04/03/2018,28,139063,4337.00
04/03/2018,28,710902,4548.00
04/03/2018,28,710901,5275.00
04/03/2018,28,975532,5342.00
04/03/2018,28,2,7365.00
04/03/2018,28,647222,7830.00
04/03/2018,28,4194,10058.00
04/03/2018,28,4193,11610.00
04/04/2018,28,832973,6065.00
04/04/2018,28,23,7973.00
04/04/2018,28,734505,12270.00
04/04/2018,28,447146,13073.00
04/04/2018,28,664186,15301.00
04/05/2018,28,452546,827.00
04/05/2018,28,203106,2145.00
04/05/2018,28,452689,2287.00
04/05/2018,28,294644,3244.00
04/05/2018,28,23917,3752.00
04/05/2018,28,272593,4000.00
04/05/2018,28,58858,5804.00
04/05/2018,28,453356,11173.00
04/05/2018,28,8,13381.00
04/05/2018,28,892505,17482.00
04/05/2018,28,924590,18986.00
04/05/2018,28,4,24986.00
04/05/2018,28,896124,34832.00
04/05/2018,28,856863,52212.00
04/05/2018,28,745392,68535.00
04/06/2018,28,23024,1357.00
04/06/2018,28,753079,4618.00
04/06/2018,28,2,7061.00
04/06/2018,28,754496,10001.00
04/06/2018,28,223613,14000.00
04/06/2018,28,838088,14011.00
04/06/2018,28,754497,14946.00
04/09/2018,28,3,1392.00
04/09/2018,28,2,2512.00
04/09/2018,28,533636,4201.00
04/09/2018,28,1,6076.00
04/09/2018,28,813218,6523.00
04/09/2018,28,42522,7432.00
04/09/2018,28,193116,10103.00
04/10/2018,28,23512,7363.00
04/10/2018,28,21820,63068.00
04/10/2018,28,21820,63068.00
04/11/2018,28,22052,929.00
04/11/2018,28,191084,9161.00
04/12/2018,28,16,1398.00
04/12/2018,28,728386,1947.00
04/12/2018,28,790148,6846.00
04/12/2018,28,896947,8000.00
04/12/2018,28,895778,47844.00
13-04-2018,28,645223,6216.00
13-04-2018,28,657149,48261.00
16-04-2018,28,22,18055.00
18-04-2018,28,445023,919.00
18-04-2018,28,8,3109.00
18-04-2018,28,7,8897.00
18-04-2018,28,745008,9776.00
18-04-2018,28,749812,17741.00
20-04-2018,28,8,3382.00
20-04-2018,28,36,8715.00
20-04-2018,28,446251,9765.00
21-04-2018,28,888601,3242.00
21-04-2018,28,892272,11104.00
23-04-2018,28,726667,1580.00
23-04-2018,28,705841,1656.00
23-04-2018,28,892271,2775.00
23-04-2018,28,838532,3603.00
23-04-2018,28,580295,10985.00
24-04-2018,28,177394,5214.00
24-04-2018,28,788651,5362.00
24-04-2018,28,139056,17414.00
24-04-2018,28,749526,25000.00
25-04-2018,28,587908,9995.00
25-04-2018,28,10,19656.00
25-04-2018,28,858381,24020.00
26-04-2018,28,25830,6124.00
26-04-2018,28,856796,7206.00
26-04-2018,28,750882,10614.00
26-04-2018,28,387980,38285.00
27-04-2018,28,448755,7226.00
27-04-2018,28,656857,10185.00
27-04-2018,28,62,10304.00
30-04-2018,28,36978,8516.00
30-04-2018,28,876531,15377.00
30-04-2018,28,653930,22597.00
30-04-2018,28,643370,44285.00
04/03/2018,29,98686,6124.00
04/03/2018,29,98687,10148.00
04/03/2018,29,236936,10862.00
04/03/2018,29,452833,11800.00
04/04/2018,29,412617,2387.00
04/05/2018,29,452834,16381.00
04/05/2018,29,248854,19771.00
04/06/2018,29,224383,1290.00
04/10/2018,29,67530,18578.00
04/11/2018,29,252011,1191.00
04/11/2018,29,252013,1349.00
19-04-2018,29,783690,9296.00
25-04-2018,29,452837,9388.00
26-04-2018,29,98695,15520.00
18-04-2018,111,609221,450000.00
04/03/2018,229,26415,5278.00
04/03/2018,229,665,11078.00
04/04/2018,229,3637,10172.00
04/04/2018,229,4023,23618.00
04/05/2018,229,12174,2254.00
04/05/2018,229,8013,6839.00
04/05/2018,229,8015,10626.00
04/05/2018,229,8016,10715.00
04/05/2018,229,12854,13770.00
04/05/2018,229,283,19320.00
04/05/2018,229,5333,44299.00
04/05/2018,229,282,48477.00
04/05/2018,229,8017,117235.00
04/06/2018,229,12855,42189.00
04/09/2018,229,15674,3032.00
04/09/2018,229,25424,12629.00
04/09/2018,229,75,13608.00
04/11/2018,229,18,952.00
04/12/2018,229,4751,243.00
04/12/2018,229,43304,243.00
04/12/2018,229,1911,991.00
04/12/2018,229,3660,4246.00
04/12/2018,229,500791,9339.00
13-04-2018,229,193242,9009.00
13-04-2018,229,16030,11467.00
18-04-2018,229,5919,2740.00
18-04-2018,229,5683,6125.00
21-04-2018,229,1934,991.00
21-04-2018,229,5442,4246.00
24-04-2018,229,981592,6140.00
24-04-2018,229,17884,6980.00
24-04-2018,229,2535,9187.00
25-04-2018,229,10866,31339.00
26-04-2018,229,6969,7804.00
26-04-2018,229,6889,34495.00
26-04-2018,229,6745,35525.00
27-04-2018,229,12533,2915.00
30-04-2018,229,86143,99654.00
30-04-2018,229,86142,112460.00
04/03/2018,234,82765,7042.00
04/04/2018,234,940106,3682.00
04/04/2018,234,940107,11481.00
04/05/2018,234,234417,23520.00
04/06/2018,234,790890,31671.00
16-04-2018,234,202611,21958.00
18-04-2018,234,388612,17525.00
20-04-2018,234,728099,6500.00
20-04-2018,234,728100,17032.00
26-04-2018,234,383992,37030.00
04/03/2018,240,44,4118.00
04/03/2018,240,19,5145.00
04/03/2018,240,668581,6481.00
04/03/2018,240,11,6668.00
04/03/2018,240,26,7647.00
04/03/2018,240,12,10370.00
04/03/2018,240,5,10977.00
04/03/2018,240,24,12449.00
04/03/2018,240,4,16138.00
04/03/2018,240,4,28147.00
04/03/2018,240,68,59741.00
04/03/2018,240,139685,69602.00
04/03/2018,240,4,71563.00
04/03/2018,240,844,72996.00
04/04/2018,240,5,2123.00
04/04/2018,240,24,4728.00
04/04/2018,240,161,5000.00
04/04/2018,240,22,9854.00
04/04/2018,240,28,29603.00
04/04/2018,240,80,33621.00
04/05/2018,240,37,1847.00
04/05/2018,240,38,3862.00
04/05/2018,240,39,3862.00
04/05/2018,240,34,4802.00
04/05/2018,240,37,4843.00
04/05/2018,240,40,12525.00
04/05/2018,240,3,15337.00
04/05/2018,240,4,27221.00
04/05/2018,240,36,38171.00
04/05/2018,240,330,50778.00
04/05/2018,240,13,61098.00
04/05/2018,240,10,79294.00
04/06/2018,240,12,6124.00
04/09/2018,240,294,7187.00
04/10/2018,240,80855,15250.00
04/10/2018,240,30,21289.00
04/10/2018,240,331360,22369.00
04/10/2018,240,5,40551.00
04/10/2018,240,78,62428.00
04/12/2018,240,3390,979.00
04/12/2018,240,28,199787.00
13-04-2018,240,27,5547.00
18-04-2018,240,90,4518.00
18-04-2018,240,23584,9608.00
18-04-2018,240,3,11285.00
18-04-2018,240,24,12021.00
18-04-2018,240,2,14449.00
19-04-2018,240,15,466.00
19-04-2018,240,6,4457.00
19-04-2018,240,30,14913.00
20-04-2018,240,1340,34093.00
21-04-2018,240,59,37047.00
23-04-2018,240,2,9466.00
27-04-2018,240,44,2614.00
27-04-2018,240,101,18760.00
27-04-2018,240,133,32864.00
30-04-2018,240,101,25521.00
04/03/2018,259,201874,6984.00
04/03/2018,259,289667,14886.00
04/03/2018,259,216169,16001.00
04/04/2018,259,219266,1814.00
04/04/2018,259,268983,18819.00
04/05/2018,259,268736,3263.00
04/05/2018,259,282150,16075.00
04/09/2018,259,78033,6698.00
04/09/2018,259,126201,33680.00
04/09/2018,259,282179,41744.00
04/09/2018,259,160273,49711.00
04/10/2018,259,2850,20888.00
04/10/2018,259,126202,24216.00
04/11/2018,259,226366,790.00
04/11/2018,259,226365,6606.00
18-04-2018,259,169176,12288.00
18-04-2018,259,223619,13084.00
18-04-2018,259,221138,23578.00
19-04-2018,259,273590,44530.00
20-04-2018,259,217930,15766.00
20-04-2018,259,204280,28657.00
26-04-2018,259,223198,25464.00
27-04-2018,259,291512,2676.00
27-04-2018,259,257662,14803.00
27-04-2018,259,290409,21538.00
27-04-2018,259,290410,21538.00
30-04-2018,259,276192,3119.00
30-04-2018,259,244907,10435.00
04/05/2018,485,2,3002.00
27-04-2018,513,704411,3812.00
27-04-2018,513,286321,4804.00
27-04-2018,513,257406,17192.00
04/06/2018,523,CHOLCC,28650.00
04/06/2018,523,CHOLCC,59427.00
04/06/2018,523,CHOLCC,68025.00
04/06/2018,523,CHOLCC,68337.00
04/06/2018,523,CHOLCC,140409.00
04/06/2018,523,CHOLCC,153845.00
04/06/2018,523,CHOLCC,283025.00
13-04-2018,750,16,23462.00
21-04-2018,5914,211968,12600.00
27-04-2018,9764,104768,27144.00
04/04/2018,10163,101640,10930.00
04/04/2018,10163,107637,45926.00
04/12/2018,13510,449578,1930.00
21-04-2018,15355,295480,74015.00
23-04-2018,16504,202538,43485.00
04/07/2018,32356,219892,29993.00
04/07/2018,79930,799302,65566.00
27-04-2018,352828,23466,28259.00
04/03/2018,H523,CHOCAS,253647.00
04/03/2018,H523,CHOCAS,1572152.00
04/04/2018,H523,CHOCAS,730784.00
04/05/2018,H523,CHOCAS,1066332.00
04/06/2018,H523,CHOCAS,853213.00
04/07/2018,H523,CHOCAS,1025751.00
04/09/2018,H523,CHOCAS,574940.00
04/10/2018,H523,CHOCAS,1805342.00
04/11/2018,H523,CHOCAS,966606.00
04/12/2018,H523,CHOCAS,1497655.00
13-04-2018,H523,CHOCAS,1375711.00
16-04-2018,H523,CHOCAS,1516681.00
17-04-2018,H523,CHOCAS,2205930.00
18-04-2018,H523,CHOCAS,1855895.00
19-04-2018,H523,CHOCAS,2240427.00
20-04-2018,H523,CHOCAS,1241413.00
21-04-2018,H523,CHOCAS,1725059.00
23-04-2018,H523,CHOCAS,795908.00
24-04-2018,H523,CHOCAS,1600919.00
25-04-2018,H523,CHOCAS,2915675.00
26-04-2018,H523,CHOCAS,2187581.00
27-04-2018,H523,CHOCAS,2428226.00
30-04-2018,H523,CHOCAS,3351779.00
04/03/2018,IC CAS,CASH L,1148500.00
04/12/2018,MT CDT,CORR A,6684.00
04/03/2018,,3319,12090.00
04/03/2018,,290647,33339.00
04/04/2018,,295469,1692.00
04/04/2018,,100733,2144.00
04/04/2018,,38162,12253.00
04/04/2018,,178554,47104.00
04/05/2018,,2965,6043.00
04/05/2018,,18939,11068.00
04/05/2018,,214695,43209.00
04/07/2018,,30244,14251.00
04/10/2018,,226041,35537.00
04/12/2018,,Num,994.00
04/12/2018,,291202,3003.00
13-04-2018,,51928,35531.00
16-04-2018,,K KUMAR,33016.00
17-04-2018,,KUMAR,4552.00
19-04-2018,,1361,75487.00
21-04-2018,,153615,2279.00
21-04-2018,,153506,2279.00
21-04-2018,,38163,12253.00
21-04-2018,,310935,28508.00
23-04-2018,,22994,26845.00
23-04-2018,,148769,38285.00
24-04-2018,,135728,2196.00
24-04-2018,,295481,3417.00
27-04-2018,,16910,3223.00
27-04-2018,,54878,14366.00
27-04-2018,,185490,15673.00
