,TRAN DATE,PAYSLIP,CHEQUE,AMOUNT
0,,,,
1,2018-02-27,5229.0,375822.0,1261.0
2,2018-02-27,5229.0,375821.0,1300.0
3,2018-02-27,5229.0,7752.0,2205.0
4,2018-02-27,5229.0,254.0,7596.0
5,2018-02-27,5229.0,239.0,7800.0
6,2018-02-27,5229.0,5737.0,10171.0
7,2018-02-27,5229.0,269526.0,11381.0
8,2018-02-27,5229.0,918439.0,15445.0
9,2018-02-27,5230.0,754417.0,31859.0
10,2018-02-27,5230.0,7753.0,2170.0
11,2018-02-27,5230.0,7754.0,2187.0
12,2018-02-27,5230.0,44181.0,33787.0
13,2018-02-27,5230.0,139184.0,14993.0
14,2018-02-27,5230.0,165920.0,19163.0
15,2018-02-27,5230.0,199007.0,59491.0
16,2018-02-27,5230.0,457323.0,4290.0
17,2018-02-27,5230.0,659407.0,76800.0
18,2018-02-27,5230.0,671728.0,2143.0
19,2018-02-27,5231.0,980346.0,2731.0
20,2018-02-27,5231.0,6213.0,7632.0
21,2018-02-27,5231.0,160778.0,17039.0
22,2018-02-27,5231.0,170176.0,7374.0
23,2018-02-27,5231.0,400494.0,8495.0
24,2018-02-27,5231.0,827326.0,13193.0
25,2018-02-27,5231.0,883776.0,3002.0
26,2018-02-27,5231.0,890187.0,14555.0
27,2018-02-27,5231.0,948189.0,24457.0
28,2018-02-27,5232.0,988470.0,8896.0
29,2018-02-27,5232.0,373.0,1232.0
30,2018-02-27,5232.0,6755.0,4627.0
31,2018-02-27,5232.0,608060.0,5185.0
32,2018-02-27,5232.0,374.0,14681.0
33,2018-02-27,5232.0,33.0,15994.0
34,2018-02-27,5232.0,218131.0,22918.0
35,2018-02-27,5232.0,417.0,26559.0
36,2018-02-27,5232.0,375.0,28500.0
37,2018-02-27,5232.0,370224.0,32819.0
38,2018-02-27,5232.0,418.0,36551.0
39,2018-02-27,5233.0,416.0,42315.0
40,2018-02-27,5233.0,6.0,5306.0
41,2018-02-27,5233.0,16126.0,11527.0
42,2018-02-27,5233.0,19915.0,3909.0
43,2018-02-27,5233.0,56322.0,46620.0
44,2018-02-27,5233.0,196917.0,8064.0
45,2018-02-27,5233.0,450480.0,4147.0
46,2018-02-27,5233.0,490199.0,7092.0
47,2018-02-27,5233.0,507976.0,5345.0
48,2018-02-27,5233.0,662925.0,15922.0
49,2018-02-27,5233.0,756771.0,2406.0
50,2018-02-27,5233.0,910066.0,7297.0
51,2018-02-27,5234.0,3376532.0,55673.0
52,2018-02-27,5234.0,14403.0,48296.0
53,2018-02-27,5234.0,26732.0,18401.0
54,2018-02-27,5234.0,40964.0,15582.0
55,2018-02-27,5223.0,70304.0,15138.0
56,2018-02-27,5223.0,1852.0,9542.0
57,2018-02-27,5223.0,3690.0,23295.0
58,2018-02-27,5223.0,11296.0,15012.0
59,2018-02-27,5223.0,22782.0,6102.0
60,2018-02-27,5223.0,80808.0,20055.0
61,2018-02-27,5223.0,163468.0,67865.0
62,2018-02-27,5223.0,185757.0,18086.0
63,2018-02-27,5223.0,363284.0,9374.0
64,2018-02-27,5223.0,648304.0,12284.0
65,2018-02-27,5223.0,888431.0,10192.0
66,2018-02-27,5225.0,967716.0,32120.0
67,2018-02-27,5225.0,1.0,4751.0
68,2018-02-27,5225.0,12.0,13845.0
69,2018-02-27,5225.0,22751.0,6878.0
70,2018-02-27,5225.0,47951.0,11501.0
71,2018-02-27,5225.0,104656.0,36259.0
72,2018-02-27,5225.0,185758.0,16679.0
73,2018-02-27,5225.0,429200.0,6780.0
74,2018-02-27,5225.0,584911.0,130978.0
75,2018-02-27,5225.0,631809.0,7508.0
76,2018-02-27,5225.0,697564.0,106321.0
77,2018-02-27,5225.0,753842.0,3622.0
78,2018-02-27,5225.0,830791.0,13861.0
79,2018-02-27,5226.0,987779.0,24020.0
80,2018-02-27,5226.0,13.0,31034.0
81,2018-02-27,5226.0,27699.0,24003.0
82,2018-02-27,5226.0,96046.0,12010.0
83,2018-02-27,5226.0,145259.0,20739.0
84,2018-02-27,5226.0,183420.0,6726.0
85,2018-02-27,5226.0,247813.0,30325.0
86,2018-02-27,5226.0,260704.0,40596.0
87,2018-02-27,5226.0,294643.0,6125.0
88,2018-02-27,5226.0,300657.0,14416.0
89,2018-02-27,5226.0,536042.0,4530.0
90,2018-02-27,5226.0,553832.0,12387.0
91,2018-02-27,5226.0,662106.0,33856.0
92,2018-02-27,5227.0,913404.0,11790.0
93,2018-02-27,5227.0,2.0,14909.0
94,2018-02-27,5227.0,2524.0,43849.0
95,2018-02-27,5227.0,913403.0,3592.0
96,2018-02-27,5227.0,932582.0,48952.0
97,2018-02-27,5228.0,932583.0,42742.0
98,2018-02-27,5228.0,11.0,14318.0
99,2018-02-27,5228.0,15.0,20477.0
100,2018-02-27,5228.0,58284.0,23859.0
101,2018-02-27,5228.0,113595.0,21671.0
102,2018-02-27,5228.0,137599.0,8403.0
103,2018-02-27,5228.0,249108.0,614.0
104,2018-02-27,5228.0,249109.0,2275.0
105,2018-02-27,5228.0,268057.0,1837.0
106,2018-02-27,5228.0,432175.0,10840.0
107,2018-02-27,5228.0,698994.0,1273.0
108,2018-02-27,5228.0,778836.0,8759.0
109,2018-02-27,5228.0,817982.0,2800.0
110,2018-02-27,5229.0,861624.0,9740.0
111,2018-02-27,5229.0,428384.0,3604.0
112,2018-02-27,5229.0,505058.0,6065.0
113,2018-02-27,5270.0,865258.0,16731.0
114,2018-02-27,5234.0,128808.0,3843.0
115,2018-02-28,5254.0,35734.0,3215.0
116,2018-02-28,5254.0,69379.0,20738.0
117,2018-02-28,5254.0,225646.0,6154.0
118,2018-02-28,5259.0,295111.0,28811.0
119,2018-02-28,5259.0,16959.0,82063.0
120,2018-02-28,5259.0,16960.0,117800.0
121,2018-02-28,5260.0,23587.0,66656.0
122,2018-02-28,5261.0,16958.0,96548.0
123,2018-02-28,5262.0,79145.0,3433.0
124,2018-02-28,5268.0,231809.0,3210.0
125,2018-02-28,5302.0,2146945.0,29699.0
126,2018-03-01,5303.0,264508.0,100978.0
127,2018-03-01,5323.0,23879.0,1759.0
128,2018-03-05,5325.0,295431.0,10000.0
129,2018-03-05,5260.0,48025.0,12482.0
130,2018-02-28,5260.0,9181.0,38688.0
131,2018-02-28,5260.0,17422.0,8660.0
132,2018-02-28,5260.0,17424.0,24260.0
133,2018-02-28,5260.0,59425.0,20000.0
134,2018-02-28,5260.0,185759.0,23569.0
135,2018-02-28,5260.0,196074.0,16366.0
136,2018-02-28,5260.0,371038.0,10485.0
137,2018-02-28,5260.0,592443.0,24020.0
138,2018-02-28,5260.0,764493.0,4989.0
139,2018-02-28,5261.0,802545.0,3270.0
140,2018-02-28,5261.0,3.0,36183.0
141,2018-02-28,5261.0,20.0,79064.0
142,2018-02-28,5261.0,30.0,17372.0
143,2018-02-28,5261.0,33.0,3457.0
144,2018-02-28,5261.0,1149.0,6298.0
145,2018-02-28,5261.0,79237.0,6005.0
146,2018-02-28,5261.0,99893.0,2700.0
147,2018-02-28,5261.0,154037.0,9439.0
148,2018-02-28,5261.0,252355.0,2432.0
149,2018-02-28,5261.0,300112.0,3335.0
150,2018-02-28,5261.0,430587.0,5384.0
151,2018-02-28,5267.0,718308.0,7671.0
152,2018-02-28,5267.0,252.0,2544.0
153,2018-02-28,5267.0,253.0,7240.0
154,2018-02-28,5267.0,20927.0,6979.0
155,2018-02-28,5267.0,24571.0,46187.0
156,2018-02-28,5267.0,98008.0,7183.0
157,2018-02-28,5267.0,99731.0,589.0
158,2018-02-28,5267.0,169175.0,2550.0
159,2018-02-28,5267.0,282636.0,27996.0
160,2018-02-28,5267.0,390546.0,3534.0
161,2018-02-28,5267.0,390547.0,6923.0
162,2018-02-28,5267.0,390548.0,8799.0
163,2018-02-28,5267.0,571539.0,23126.0
164,2018-02-28,5268.0,579027.0,4783.0
165,2018-02-28,5268.0,474.0,12010.0
166,2018-02-28,5268.0,7571.0,1225.0
167,2018-02-28,5268.0,87074.0,14093.0
168,2018-02-28,5268.0,274169.0,6336.0
169,2018-02-28,5268.0,285490.0,3492.0
170,2018-02-28,5268.0,293393.0,2651.0
171,2018-02-28,5268.0,302998.0,1516.0
172,2018-02-28,5268.0,422091.0,11399.0
173,2018-02-28,5268.0,584805.0,11212.0
174,2018-02-28,5268.0,606100.0,42943.0
175,2018-02-28,5268.0,686253.0,13871.0
176,2018-02-28,5269.0,714910.0,12010.0
177,2018-02-28,5269.0,8446.0,18828.0
178,2018-02-28,5269.0,8447.0,45358.0
179,2018-02-28,5269.0,8448.0,22093.0
180,2018-02-28,5254.0,86225.0,35377.0
181,2018-02-28,5255.0,606684.0,17932.0
182,2018-02-28,5255.0,239.0,6410.0
183,2018-02-28,5255.0,54707.0,6530.0
184,2018-02-28,5255.0,63739.0,8269.0
185,2018-02-28,5255.0,271362.0,7865.0
186,2018-02-28,5255.0,386321.0,9608.0
187,2018-02-28,5255.0,390155.0,13884.0
188,2018-02-28,5255.0,410445.0,15544.0
189,2018-02-28,5255.0,424378.0,9766.0
190,2018-02-28,5255.0,503659.0,5981.0
191,2018-02-28,5255.0,610714.0,4543.0
192,2018-02-28,5255.0,610715.0,13440.0
193,2018-02-28,5255.0,824831.0,35397.0
194,2018-02-28,5256.0,839095.0,705.0
195,2018-02-28,5256.0,8449.0,60184.0
196,2018-02-28,5256.0,63351.0,12130.0
197,2018-02-28,5256.0,63352.0,8526.0
198,2018-02-28,5256.0,258710.0,12880.0
199,2018-02-28,5256.0,294300.0,12010.0
200,2018-02-28,5256.0,319150.0,33740.0
201,2018-02-28,5256.0,350706.0,4270.0
202,2018-02-28,5256.0,386322.0,3282.0
203,2018-02-28,5256.0,495940.0,12906.0
204,2018-02-28,5256.0,530232.0,40322.0
205,2018-02-28,5256.0,540024.0,7438.0
206,2018-02-28,5256.0,647940.0,2576.0
207,2018-02-28,5257.0,856792.0,23061.0
208,2018-02-28,5257.0,1148.0,7599.0
209,2018-02-28,5257.0,6214.0,164574.0
210,2018-02-28,5257.0,27154.0,25952.0
211,2018-02-28,5257.0,35603.0,25302.0
212,2018-02-28,5257.0,323298.0,17631.0
213,2018-02-28,5257.0,423841.0,6850.0
214,2018-02-28,5257.0,467713.0,60426.0
215,2018-02-28,5257.0,513630.0,3934.0
216,2018-02-28,5257.0,529301.0,7775.0
217,2018-02-28,5257.0,533263.0,4795.0
218,2018-02-28,5258.0,674857.0,24020.0
219,2018-02-28,5260.0,839096.0,706.0
220,2018-02-28,5260.0,335976.0,16395.0
221,2018-02-28,5301.0,699325.0,10011.0
222,2018-03-01,5301.0,321028.0,24020.0
223,2018-03-01,5302.0,523495.0,13220.0
224,2018-03-01,5302.0,215843.0,1225.0
225,2018-03-01,5303.0,679851.0,3143.0
226,2018-03-01,5303.0,263615.0,5974.0
227,2018-03-01,5303.0,455750.0,35523.0
228,2018-03-01,5303.0,478315.0,8140.0
229,2018-03-01,5303.0,478318.0,31752.0
230,2018-03-01,5303.0,499170.0,50954.0
231,2018-03-01,5303.0,521104.0,7156.0
232,2018-03-01,5303.0,541321.0,10639.0
233,2018-03-01,5303.0,560983.0,601.0
234,2018-03-01,5303.0,661145.0,6005.0
235,2018-03-01,5262.0,950565.0,25230.0
236,2018-02-28,5262.0,7206.0,6833.0
237,2018-02-28,5262.0,9867.0,30391.0
238,2018-02-28,5262.0,17092.0,37460.0
239,2018-02-28,5262.0,43246.0,7817.0
240,2018-02-28,5262.0,61568.0,5137.0
241,2018-02-28,5262.0,107858.0,9330.0
242,2018-02-28,5262.0,231808.0,8740.0
243,2018-02-28,5262.0,263614.0,7397.0
244,2018-02-28,5262.0,273336.0,1991.0
245,2018-02-28,5262.0,454922.0,28576.0
246,2018-02-28,5262.0,484923.0,26986.0
247,2018-02-28,5263.0,575760.0,10024.0
248,2018-02-28,5263.0,25.0,1985.0
249,2018-02-28,5263.0,1449.0,21835.0
250,2018-02-28,5263.0,45492.0,24169.0
251,2018-02-28,5263.0,135348.0,12552.0
252,2018-02-28,5263.0,452828.0,9187.0
253,2018-02-28,5263.0,510208.0,4027.0
254,2018-02-28,5263.0,510209.0,4134.0
255,2018-02-28,5263.0,652568.0,1238.0
256,2018-02-28,5263.0,704295.0,12845.0
257,2018-02-28,5263.0,852135.0,18057.0
258,2018-02-28,5263.0,922270.0,24726.0
259,2018-02-28,5263.0,953359.0,22127.0
260,2018-02-28,5264.0,996914.0,10412.0
261,2018-02-28,5264.0,1.0,132873.0
262,2018-02-28,5264.0,35512.0,12707.0
263,2018-02-28,5264.0,47950.0,7983.0
264,2018-02-28,5264.0,139016.0,3857.0
265,2018-02-28,5264.0,177421.0,2096.0
266,2018-02-28,5264.0,228661.0,7809.0
267,2018-02-28,5264.0,257844.0,68100.0
268,2018-02-28,5264.0,437511.0,12670.0
269,2018-02-28,5264.0,859654.0,19722.0
270,2018-02-28,5264.0,928014.0,6747.0
271,2018-02-28,5264.0,953358.0,18799.0
272,2018-02-28,5265.0,980029.0,41984.0
273,2018-02-28,5266.0,291702.0,4220.0
274,2018-02-28,5266.0,85261.0,5478.0
275,2018-02-28,5266.0,571503.0,2353.0
276,2018-02-28,5300.0,811766.0,12483.0
277,2018-03-01,5300.0,1433.0,78173.0
278,2018-03-01,5300.0,500055.0,8324.0
279,2018-03-01,5300.0,667102.0,12204.0
280,2018-03-01,5302.0,701854.0,3629.0
281,2018-03-01,5302.0,70.0,10000.0
282,2018-03-01,5302.0,1178.0,45481.0
283,2018-03-01,5302.0,16808.0,55345.0
284,2018-03-01,5302.0,22303.0,766.0
285,2018-03-01,5302.0,22901.0,1131.0
286,2018-03-01,5302.0,231810.0,9335.0
287,2018-03-01,5302.0,560984.0,4823.0
288,2018-03-01,5302.0,671727.0,2162.0
289,2018-03-01,5302.0,751096.0,12010.0
290,2018-03-01,5266.0,791159.0,1225.0
291,2018-02-28,5266.0,97110.0,45339.0
292,2018-02-28,5266.0,110358.0,30025.0
293,2018-02-28,5266.0,527233.0,6135.0
294,2018-02-28,5266.0,527235.0,6135.0
295,2018-02-28,5266.0,661982.0,11261.0
296,2018-02-28,5266.0,760079.0,2135.0
297,2018-02-28,5266.0,782999.0,7910.0
298,2018-02-28,5266.0,862289.0,6065.0
299,2018-02-28,5266.0,899777.0,9067.0
300,2018-02-28,5385.0,973348.0,7900.0
301,2018-02-28,5327.0,202394.0,3210.0
302,2018-03-05,5327.0,1515.0,32520.0
303,2018-03-05,5327.0,16923.0,8557.0
304,2018-03-05,5327.0,38653.0,24997.0
305,2018-03-05,5327.0,75039.0,34557.0
306,2018-03-05,5327.0,175452.0,20878.0
307,2018-03-05,5327.0,179759.0,23996.0
308,2018-03-05,5327.0,270520.0,5340.0
309,2018-03-05,5327.0,397302.0,18600.0
310,2018-03-05,5327.0,528780.0,9089.0
311,2018-03-05,5327.0,529473.0,3772.0
312,2018-03-05,5327.0,546173.0,22993.0
313,2018-03-05,5327.0,571605.0,33033.0
314,2018-03-05,5331.0,960584.0,16190.0
315,2018-03-05,5326.0,191140.0,25735.0
316,2018-03-05,5328.0,397524.0,8896.0
317,2018-03-05,5328.0,10351.0,13969.0
318,2018-03-05,5328.0,35711.0,5348.0
319,2018-03-05,5328.0,64638.0,5589.0
320,2018-03-05,5328.0,88590.0,26474.0
321,2018-03-05,5328.0,94000.0,7406.0
322,2018-03-05,5328.0,212129.0,15613.0
323,2018-03-05,5328.0,225320.0,3484.0
324,2018-03-05,5328.0,397878.0,13245.0
325,2018-03-05,5328.0,507578.0,3500.0
326,2018-03-05,5328.0,531131.0,25489.0
327,2018-03-05,5328.0,531132.0,12221.0
328,2018-03-05,5328.0,555508.0,14402.0
329,2018-03-05,5329.0,982010.0,34292.0
330,2018-03-05,5329.0,72.0,9050.0
331,2018-03-05,5329.0,1282.0,4415.0
332,2018-03-05,5329.0,106559.0,8645.0
333,2018-03-05,5329.0,359362.0,10912.0
334,2018-03-05,5329.0,548755.0,35146.0
335,2018-03-05,5329.0,627230.0,8075.0
336,2018-03-05,5329.0,670313.0,6443.0
337,2018-03-05,5329.0,767932.0,24543.0
338,2018-03-05,5329.0,788964.0,27939.0
339,2018-03-05,5329.0,794700.0,10000.0
340,2018-03-05,5329.0,886964.0,11079.0
341,2018-03-05,5329.0,924917.0,3062.0
342,2018-03-05,5330.0,960505.0,6979.0
343,2018-03-05,5330.0,14.0,24320.0
344,2018-03-05,5330.0,32.0,12546.0
345,2018-03-05,5330.0,67.0,6691.0
346,2018-03-05,5330.0,47952.0,10376.0
347,2018-03-05,5330.0,138409.0,6222.0
348,2018-03-05,5330.0,161524.0,11240.0
349,2018-03-05,5330.0,216165.0,12216.0
350,2018-03-05,5330.0,218407.0,14145.0
351,2018-03-05,5330.0,269821.0,35056.0
352,2018-03-05,5330.0,300658.0,49716.0
353,2018-03-05,5330.0,454063.0,36120.0
354,2018-03-05,5330.0,840334.0,9550.0
355,2018-03-05,5331.0,881779.0,7682.0
356,2018-03-05,5331.0,1257.0,24186.0
357,2018-03-05,5331.0,19344.0,23066.0
358,2018-03-05,5331.0,280783.0,5148.0
359,2018-03-05,5331.0,357183.0,4781.0
360,2018-03-05,5331.0,374111.0,35166.0
361,2018-03-05,5331.0,540374.0,9608.0
362,2018-03-05,5331.0,561519.0,13806.0
363,2018-03-05,5331.0,713396.0,9500.0
364,2018-03-05,5331.0,319533.0,31365.0
365,2018-03-05,5331.0,495157.0,8593.0
366,2018-03-05,5332.0,537914.0,12010.0
367,2018-03-05,5332.0,3231.0,24020.0
368,2018-03-05,5332.0,3232.0,12010.0
369,2018-03-05,5332.0,668813.0,28808.0
370,2018-03-05,5332.0,668814.0,12010.0
371,2018-03-05,5333.0,682836.0,49153.0
372,2018-03-05,5333.0,8579.0,35122.0
373,2018-03-05,5333.0,16387.0,36030.0
374,2018-03-05,5333.0,110818.0,8602.0
375,2018-03-05,5333.0,309207.0,6818.0
376,2018-03-05,5333.0,342156.0,22238.0
377,2018-03-05,5333.0,575577.0,1773.0
378,2018-03-05,5333.0,609410.0,5000.0
379,2018-03-05,5333.0,625395.0,10030.0
380,2018-03-05,5333.0,718355.0,34196.0
381,2018-03-05,5333.0,780313.0,3420.0
382,2018-03-05,5333.0,840979.0,38110.0
383,2018-03-05,5334.0,877503.0,5849.0
384,2018-03-05,5334.0,415.0,1221.0
385,2018-03-05,5334.0,7982.0,6100.0
386,2018-03-05,5334.0,35710.0,7602.0
387,2018-03-05,5334.0,59751.0,27328.0
388,2018-03-05,5334.0,59752.0,26667.0
389,2018-03-05,5334.0,170376.0,16781.0
390,2018-03-05,5334.0,421164.0,7347.0
391,2018-03-05,5334.0,421165.0,33776.0
392,2018-03-05,5334.0,490286.0,18682.0
393,2018-03-05,5334.0,563651.0,3006.0
394,2018-03-05,5334.0,705421.0,7842.0
395,2018-03-05,5334.0,843585.0,6295.0
396,2018-03-05,5335.0,4033330.0,3205.0
397,2018-03-05,5335.0,4848.0,4329.0
398,2018-03-05,5335.0,7805.0,6089.0
399,2018-03-05,5335.0,42885.0,3564.0
400,2018-03-05,5335.0,63590.0,20437.0
401,2018-03-05,5335.0,71574.0,10874.0
402,2018-03-05,5335.0,71575.0,12010.0
403,2018-03-05,5335.0,253605.0,6436.0
404,2018-03-05,5335.0,455324.0,25482.0
405,2018-03-05,5335.0,495979.0,33628.0
406,2018-03-05,5335.0,660010.0,7507.0
407,2018-03-05,5335.0,772476.0,829.0
408,2018-03-05,5335.0,913484.0,5191.0
409,2018-03-05,5336.0,951235.0,2252.0
410,2018-03-05,5336.0,19859.0,11706.0
411,2018-03-05,5336.0,57232.0,16893.0
412,2018-03-05,5336.0,57233.0,19235.0
413,2018-03-05,5336.0,68885.0,29619.0
414,2018-03-05,5336.0,114622.0,2637.0
415,2018-03-05,5336.0,207535.0,1678.0
416,2018-03-05,5336.0,239876.0,11812.0
417,2018-03-05,5336.0,534950.0,1607.0
418,2018-03-05,5336.0,611797.0,11902.0
419,2018-03-05,5336.0,663833.0,11706.0
420,2018-03-05,5336.0,768475.0,18951.0
421,2018-03-05,5336.0,792197.0,28844.0
422,2018-03-05,5398.0,792199.0,3062.0
423,2018-03-05,5375.0,13331.0,3660.0
424,2018-03-07,5464.0,174007.0,16672.0
425,2018-03-06,5344.0,841689.0,8809.0
426,2018-03-06,5344.0,292874.0,1425.0
427,2018-03-06,5344.0,754867.0,2910.0
428,2018-03-06,5344.0,14377.0,3871.0
429,2018-03-06,5344.0,337073.0,5401.0
430,2018-03-06,5344.0,518089.0,6380.0
431,2018-03-06,5344.0,708574.0,8691.0
432,2018-03-06,5344.0,325269.0,9581.0
433,2018-03-06,5344.0,271289.0,15132.0
434,2018-03-06,5344.0,140402.0,15719.0
435,2018-03-06,5344.0,32001.0,24120.0
436,2018-03-06,5344.0,14375.0,42022.0
437,2018-03-06,5345.0,14376.0,54607.0
438,2018-03-06,5345.0,813806.0,588.0
439,2018-03-06,5345.0,16.0,1181.0
440,2018-03-06,5345.0,397452.0,3598.0
441,2018-03-06,5345.0,1646.0,3641.0
442,2018-03-06,5345.0,813805.0,4176.0
443,2018-03-06,5345.0,841690.0,4237.0
444,2018-03-06,5345.0,486003.0,5034.0
445,2018-03-06,5345.0,682581.0,5516.0
446,2018-03-06,5345.0,609930.0,6405.0
447,2018-03-06,5345.0,974702.0,10335.0
448,2018-03-06,5345.0,974703.0,15429.0
449,2018-03-06,5345.0,14.0,23683.0
450,2018-03-06,5346.0,2913.0,30700.0
451,2018-03-06,5346.0,195923.0,2521.0
452,2018-03-06,5346.0,322442.0,3700.0
453,2018-03-06,5346.0,134646.0,6296.0
454,2018-03-06,5346.0,299283.0,6708.0
455,2018-03-06,5346.0,813804.0,8491.0
456,2018-03-06,5346.0,538343.0,11587.0
457,2018-03-06,5346.0,658281.0,11950.0
458,2018-03-06,5346.0,1.0,12271.0
459,2018-03-06,5346.0,552597.0,16000.0
460,2018-03-06,5346.0,966703.0,24020.0
461,2018-03-06,5346.0,966702.0,36030.0
462,2018-03-06,5347.0,65128.0,38673.0
463,2018-03-06,5347.0,137600.0,5516.0
464,2018-03-06,5347.0,52612.0,7047.0
465,2018-03-06,5347.0,951976.0,8031.0
466,2018-03-06,5347.0,520573.0,9794.0
467,2018-03-06,5347.0,727589.0,10279.0
468,2018-03-06,5347.0,932259.0,11160.0
469,2018-03-06,5347.0,839055.0,14345.0
470,2018-03-06,5347.0,778828.0,20567.0
471,2018-03-06,5347.0,966706.0,29017.0
472,2018-03-06,5347.0,2.0,30000.0
473,2018-03-06,5348.0,966704.0,30200.0
474,2018-03-06,5348.0,950616.0,2200.0
475,2018-03-06,5348.0,67880.0,3967.0
476,2018-03-06,5348.0,143725.0,4395.0
477,2018-03-06,5348.0,937061.0,8901.0
478,2018-03-06,5348.0,111035.0,9307.0
479,2018-03-06,5348.0,625964.0,18819.0
480,2018-03-06,5350.0,950615.0,39831.0
481,2018-03-06,5350.0,18.0,3603.0
482,2018-03-06,5350.0,156138.0,5000.0
483,2018-03-06,5350.0,58162.0,5021.0
484,2018-03-06,5350.0,437980.0,10539.0
485,2018-03-06,5350.0,108.0,12899.0
486,2018-03-06,5350.0,765415.0,13655.0
487,2018-03-06,5350.0,9197.0,13967.0
488,2018-03-06,5350.0,950447.0,19310.0
489,2018-03-06,5350.0,28009.0,24095.0
490,2018-03-06,5350.0,319509.0,27773.0
491,2018-03-06,5350.0,20497.0,31534.0
492,2018-03-06,5350.0,20496.0,41511.0
493,2018-03-06,5351.0,943803.0,56114.0
494,2018-03-06,5351.0,436019.0,3290.0
495,2018-03-06,5351.0,128828.0,4022.0
496,2018-03-06,5351.0,876032.0,5101.0
497,2018-03-06,5351.0,73519.0,6607.0
498,2018-03-06,5351.0,514432.0,7738.0
499,2018-03-06,5351.0,917569.0,8451.0
500,2018-03-06,5351.0,514430.0,13228.0
501,2018-03-06,5351.0,619727.0,16614.0
502,2018-03-06,5351.0,484524.0,16995.0
503,2018-03-06,5351.0,71159.0,23803.0
504,2018-03-06,5351.0,75320.0,27465.0
505,2018-03-06,5352.0,73520.0,34702.0
506,2018-03-06,5352.0,258978.0,2338.0
507,2018-03-06,5352.0,357858.0,2712.0
508,2018-03-06,5352.0,3256679.0,5187.0
509,2018-03-06,5352.0,18.0,6160.0
510,2018-03-06,5352.0,242893.0,8874.0
511,2018-03-06,5352.0,29762.0,9625.0
512,2018-03-06,5352.0,16273.0,12253.0
513,2018-03-06,5352.0,537269.0,28191.0
514,2018-03-06,5352.0,247106.0,29893.0
515,2018-03-06,5352.0,9223.0,40809.0
516,2018-03-06,5352.0,47087.0,41915.0
517,2018-03-06,5353.0,623079.0,44867.0
518,2018-03-06,5353.0,1675.0,2655.0
519,2018-03-06,5353.0,205773.0,3884.0
520,2018-03-06,5353.0,64254.0,4792.0
521,2018-03-06,5353.0,758180.0,6065.0
522,2018-03-06,5353.0,301178.0,11362.0
523,2018-03-06,5353.0,866139.0,11421.0
524,2018-03-06,5353.0,664432.0,14802.0
525,2018-03-06,5353.0,28.0,17979.0
526,2018-03-06,5353.0,4.0,19693.0
527,2018-03-06,5353.0,212064.0,20765.0
528,2018-03-06,5353.0,36760.0,21703.0
529,2018-03-06,5353.0,367599.0,21751.0
530,2018-03-06,5354.0,758550.0,47065.0
531,2018-03-06,5354.0,46223.0,2316.0
532,2018-03-06,5354.0,46224.0,2916.0
533,2018-03-06,5354.0,46222.0,2925.0
534,2018-03-06,5354.0,14563.0,3140.0
535,2018-03-06,5354.0,46221.0,4405.0
536,2018-03-06,5354.0,7164.0,6164.0
537,2018-03-06,5354.0,92881.0,7474.0
538,2018-03-06,5354.0,132802.0,8415.0
539,2018-03-06,5354.0,353983.0,10879.0
540,2018-03-06,5354.0,441747.0,14781.0
541,2018-03-06,5355.0,260226.0,24215.0
542,2018-03-06,5376.0,55128.0,12111.0
543,2018-03-07,5376.0,907440.0,1619.0
544,2018-03-07,5376.0,695855.0,3792.0
545,2018-03-07,5376.0,926495.0,6581.0
546,2018-03-07,5376.0,12358.0,9869.0
547,2018-03-07,5376.0,890160.0,13707.0
548,2018-03-07,5376.0,397525.0,18200.0
549,2018-03-07,5376.0,191002.0,21050.0
550,2018-03-07,5376.0,980370.0,24508.0
551,2018-03-07,5376.0,391179.0,24522.0
552,2018-03-07,5376.0,188010.0,33578.0
553,2018-03-07,5376.0,477180.0,34546.0
554,2018-03-07,5376.0,427658.0,47548.0
555,2018-03-07,5377.0,244218.0,52820.0
556,2018-03-07,5377.0,14777.0,2329.0
557,2018-03-07,5377.0,345056.0,4521.0
558,2018-03-07,5378.0,245866.0,8521.0
559,2018-03-07,5378.0,536773.0,1048.0
560,2018-03-07,5378.0,971638.0,3136.0
561,2018-03-07,5378.0,658764.0,4534.0
562,2018-03-07,5378.0,393205.0,6961.0
563,2018-03-07,5378.0,132291.0,9784.0
564,2018-03-07,5378.0,8231.0,13021.0
565,2018-03-07,5378.0,422298.0,14046.0
566,2018-03-07,5378.0,204244.0,15934.0
567,2018-03-07,5378.0,37026.0,18784.0
568,2018-03-07,5378.0,901458.0,20790.0
569,2018-03-07,5378.0,783828.0,21723.0
570,2018-03-07,5378.0,865625.0,27027.0
571,2018-03-07,5379.0,823556.0,28331.0
572,2018-03-07,5379.0,921584.0,826.0
573,2018-03-07,5379.0,422299.0,2502.0
574,2018-03-07,5379.0,385919.0,4040.0
575,2018-03-07,5379.0,671923.0,6106.0
576,2018-03-07,5379.0,385920.0,7357.0
577,2018-03-07,5379.0,423917.0,11702.0
578,2018-03-07,5379.0,219024.0,12130.0
579,2018-03-07,5379.0,32270.0,12993.0
580,2018-03-07,5379.0,1582.0,13202.0
581,2018-03-07,5379.0,413181.0,13689.0
582,2018-03-07,5379.0,671922.0,14826.0
583,2018-03-07,5379.0,996747.0,20438.0
584,2018-03-07,5380.0,29412.0,64912.0
585,2018-03-07,5380.0,28.0,449.0
586,2018-03-07,5380.0,52.0,4264.0
587,2018-03-07,5380.0,52483.0,15000.0
588,2018-03-07,5380.0,862239.0,26088.0
589,2018-03-07,5381.0,30312.0,75643.0
590,2018-03-07,5381.0,121361.0,921.0
591,2018-03-07,5381.0,11518.0,3524.0
592,2018-03-07,5381.0,369153.0,6182.0
593,2018-03-07,5381.0,42769.0,7966.0
594,2018-03-07,5381.0,898869.0,9307.0
595,2018-03-07,5381.0,756830.0,9958.0
596,2018-03-07,5381.0,8.0,10782.0
597,2018-03-07,5381.0,876671.0,12206.0
598,2018-03-07,5381.0,707549.0,12418.0
599,2018-03-07,5381.0,923991.0,13137.0
600,2018-03-07,5381.0,728.0,13789.0
601,2018-03-07,5381.0,212397.0,18097.0
602,2018-03-07,5382.0,693464.0,19082.0
603,2018-03-07,5382.0,103924.0,1271.0
604,2018-03-07,5382.0,103925.0,1271.0
605,2018-03-07,5382.0,770478.0,2725.0
606,2018-03-07,5382.0,788650.0,3267.0
607,2018-03-07,5382.0,103926.0,3361.0
608,2018-03-07,5382.0,135336.0,6305.0
609,2018-03-07,5382.0,44096.0,8567.0
610,2018-03-07,5382.0,4965468.0,9347.0
611,2018-03-07,5382.0,145394.0,13111.0
612,2018-03-07,5382.0,748.0,39838.0
613,2018-03-07,5382.0,42890.0,81974.0
614,2018-03-07,5383.0,22463.0,97552.0
615,2018-03-07,5383.0,48751.0,766.0
616,2018-03-07,5383.0,13406.0,4627.0
617,2018-03-07,5383.0,259676.0,5000.0
618,2018-03-07,5383.0,499952.0,5000.0
619,2018-03-07,5383.0,561711.0,7461.0
620,2018-03-07,5383.0,582355.0,9175.0
621,2018-03-07,5383.0,22.0,9775.0
622,2018-03-07,5383.0,541105.0,11179.0
623,2018-03-07,5383.0,959075.0,17225.0
624,2018-03-07,5383.0,259675.0,19390.0
625,2018-03-07,5383.0,933668.0,20444.0
626,2018-03-07,5383.0,756572.0,26406.0
627,2018-03-07,5390.0,6.0,46091.0
628,2018-03-08,5390.0,33072.0,4447.0
629,2018-03-08,5390.0,234593.0,10665.0
630,2018-03-08,5390.0,601446.0,13129.0
631,2018-03-08,5390.0,22735.0,16535.0
632,2018-03-08,5390.0,994821.0,18512.0
633,2018-03-08,5390.0,517060.0,27371.0
634,2018-03-08,5391.0,262668.0,30316.0
635,2018-03-08,5391.0,34674.0,971.0
636,2018-03-08,5391.0,963276.0,1197.0
637,2018-03-08,5391.0,121698.0,4141.0
638,2018-03-08,5391.0,38585.0,8400.0
639,2018-03-08,5391.0,72.0,11475.0
640,2018-03-08,5391.0,284781.0,12340.0
641,2018-03-08,5391.0,609322.0,13324.0
642,2018-03-08,5391.0,197929.0,15668.0
643,2018-03-08,5391.0,736669.0,19051.0
644,2018-03-08,5391.0,499664.0,26530.0
645,2018-03-08,5392.0,357822.0,44023.0
646,2018-03-08,5392.0,443847.0,5487.0
647,2018-03-08,5392.0,197928.0,5946.0
648,2018-03-08,5392.0,806983.0,6005.0
649,2018-03-08,5392.0,361724.0,6065.0
650,2018-03-08,5392.0,99047.0,7679.0
651,2018-03-08,5392.0,28955.0,11026.0
652,2018-03-08,5392.0,835731.0,14982.0
653,2018-03-08,5392.0,180113.0,24749.0
654,2018-03-08,5393.0,105889.0,26423.0
655,2018-03-08,5393.0,849204.0,1516.0
656,2018-03-08,5393.0,99048.0,2560.0
657,2018-03-08,5394.0,931391.0,4987.0
658,2018-03-08,5395.0,27.0,3428.0
659,2018-03-08,5395.0,135833.0,500.0
660,2018-03-08,5395.0,90045.0,803.0
661,2018-03-08,5395.0,409662.0,3468.0
662,2018-03-08,5395.0,17942.0,6511.0
663,2018-03-08,5395.0,8086.0,11902.0
664,2018-03-08,5395.0,190258.0,12457.0
665,2018-03-08,5395.0,857890.0,12717.0
666,2018-03-08,5395.0,24.0,13580.0
667,2018-03-08,5395.0,25.0,14152.0
668,2018-03-08,5395.0,714726.0,16672.0
669,2018-03-08,5395.0,377070.0,19216.0
670,2018-03-08,5395.0,409663.0,35578.0
671,2018-03-08,5396.0,7808.0,42754.0
672,2018-03-08,5396.0,714727.0,1244.0
673,2018-03-08,5396.0,40267.0,1571.0
674,2018-03-08,5396.0,4667.0,2545.0
675,2018-03-08,5396.0,914918.0,6035.0
676,2018-03-08,5396.0,7034.0,6125.0
677,2018-03-08,5396.0,38837.0,6664.0
678,2018-03-08,5396.0,27226.0,8019.0
679,2018-03-08,5396.0,17708.0,8439.0
680,2018-03-08,5396.0,42176.0,10375.0
681,2018-03-08,5396.0,291729.0,29764.0
682,2018-03-08,5396.0,357821.0,30501.0
683,2018-03-08,5396.0,659067.0,35431.0
684,2018-03-08,5397.0,12583.0,104019.0
685,2018-03-08,5397.0,61.0,1454.0
686,2018-03-08,5397.0,62.0,3109.0
687,2018-03-08,5397.0,357388.0,3300.0
688,2018-03-08,5397.0,901385.0,5974.0
689,2018-03-08,5397.0,872877.0,6215.0
690,2018-03-08,5397.0,872876.0,6371.0
691,2018-03-08,5397.0,104880.0,10757.0
692,2018-03-08,5397.0,259782.0,12625.0
693,2018-03-08,5397.0,5.0,13679.0
694,2018-03-08,5397.0,901386.0,14237.0
695,2018-03-08,5488.0,451817.0,18891.0
696,2018-03-09,5417.0,105729.0,842.0
697,2018-03-09,5417.0,35285.0,1646.0
698,2018-03-09,5417.0,102419.0,2450.0
699,2018-03-09,5417.0,895576.0,15248.0
700,2018-03-09,5417.0,43887.0,21997.0
701,2018-03-09,5417.0,18922.0,26552.0
702,2018-03-09,5417.0,327703.0,27081.0
703,2018-03-09,5418.0,895575.0,39816.0
704,2018-03-09,5418.0,82303.0,3424.0
705,2018-03-09,5418.0,4847.0,5450.0
706,2018-03-09,5418.0,303764.0,5984.0
707,2018-03-09,5418.0,638300.0,6371.0
708,2018-03-09,5418.0,965155.0,6674.0
709,2018-03-09,5418.0,386310.0,7979.0
710,2018-03-09,5418.0,638299.0,13362.0
711,2018-03-09,5418.0,11.0,14070.0
712,2018-03-09,5418.0,5.0,20505.0
713,2018-03-09,5418.0,277381.0,21418.0
714,2018-03-09,5418.0,973255.0,24020.0
715,2018-03-09,5418.0,608385.0,48941.0
716,2018-03-09,5419.0,625788.0,509000.0
717,2018-03-09,5419.0,779081.0,459.0
718,2018-03-09,5419.0,185064.0,1605.0
719,2018-03-09,5419.0,28488.0,2024.0
720,2018-03-09,5419.0,28487.0,3277.0
721,2018-03-09,5419.0,536043.0,7322.0
722,2018-03-09,5419.0,533555.0,8806.0
723,2018-03-09,5419.0,29.0,16925.0
724,2018-03-09,5419.0,6215.0,36552.0
725,2018-03-09,5419.0,5247.0,55995.0
726,2018-03-09,5420.0,13535.0,57623.0
727,2018-03-09,5420.0,771543.0,2406.0
728,2018-03-09,5420.0,39609.0,5302.0
729,2018-03-09,5420.0,580292.0,6682.0
730,2018-03-09,5420.0,74196.0,7188.0
731,2018-03-09,5420.0,502646.0,9050.0
732,2018-03-09,5420.0,38608.0,10984.0
733,2018-03-09,5420.0,768166.0,19875.0
734,2018-03-09,5420.0,693011.0,21512.0
735,2018-03-09,5420.0,216326.0,24660.0
736,2018-03-09,5420.0,693012.0,28372.0
737,2018-03-09,5420.0,39608.0,31449.0
738,2018-03-09,5421.0,331557.0,41933.0
739,2018-03-09,5421.0,401409.0,1650.0
740,2018-03-09,5421.0,306805.0,6269.0
741,2018-03-09,5421.0,401410.0,9960.0
742,2018-03-09,5421.0,771541.0,12381.0
743,2018-03-09,5421.0,771542.0,13409.0
744,2018-03-09,5421.0,798684.0,18614.0
745,2018-03-09,5421.0,618879.0,19987.0
746,2018-03-09,5421.0,176966.0,31243.0
747,2018-03-09,5421.0,401412.0,42906.0
748,2018-03-09,5421.0,176967.0,46640.0
749,2018-03-09,5421.0,383647.0,53894.0
750,2018-03-09,5422.0,637.0,80374.0
751,2018-03-09,5422.0,857759.0,1377.0
752,2018-03-09,5422.0,474339.0,1431.0
753,2018-03-09,5422.0,775972.0,3200.0
754,2018-03-09,5422.0,899824.0,6500.0
755,2018-03-09,5422.0,58811.0,7049.0
756,2018-03-09,5422.0,65386.0,9187.0
757,2018-03-09,5422.0,806434.0,9800.0
758,2018-03-09,5422.0,806433.0,9810.0
759,2018-03-09,5422.0,44743.0,10487.0
760,2018-03-09,5422.0,845466.0,11592.0
761,2018-03-09,5422.0,833315.0,12900.0
762,2018-03-09,5422.0,846101.0,13117.0
763,2018-03-09,5423.0,863329.0,132022.0
764,2018-03-09,5423.0,44742.0,2256.0
765,2018-03-09,5423.0,58810.0,2267.0
766,2018-03-09,5440.0,83855.0,45087.0
767,2018-03-10,5440.0,883908.0,1779.0
768,2018-03-10,5440.0,8821.0,4910.0
769,2018-03-10,5440.0,355884.0,5509.0
770,2018-03-10,5440.0,502907.0,7000.0
771,2018-03-10,5440.0,340938.0,8629.0
772,2018-03-10,5440.0,10115.0,9706.0
773,2018-03-10,5440.0,495365.0,12010.0
774,2018-03-10,5440.0,672413.0,12010.0
775,2018-03-10,5447.0,478400.0,26404.0
776,2018-03-12,5447.0,593762.0,4325.0
777,2018-03-12,5447.0,495663.0,4804.0
778,2018-03-12,5447.0,159814.0,6460.0
779,2018-03-12,5447.0,58663.0,10147.0
780,2018-03-12,5447.0,860732.0,11744.0
781,2018-03-12,5449.0,744126.0,12010.0
782,2018-03-12,5449.0,1318.0,1686.0
783,2018-03-12,5449.0,295797.0,2258.0
784,2018-03-12,5449.0,53056.0,2749.0
785,2018-03-12,5449.0,602233.0,4661.0
786,2018-03-12,5449.0,8883.0,6850.0
787,2018-03-12,5449.0,1.0,6901.0
788,2018-03-12,5449.0,182345.0,7638.0
789,2018-03-12,5449.0,532841.0,8057.0
790,2018-03-12,5449.0,388601.0,8808.0
791,2018-03-12,5449.0,312.0,10927.0
792,2018-03-12,5449.0,127905.0,12867.0
793,2018-03-12,5449.0,532840.0,18094.0
794,2018-03-12,5450.0,636306.0,32783.0
795,2018-03-12,5450.0,335240.0,1684.0
796,2018-03-12,5450.0,5.0,3175.0
797,2018-03-12,5450.0,986862.0,3190.0
798,2018-03-12,5450.0,165122.0,4704.0
799,2018-03-12,5450.0,4.0,6326.0
800,2018-03-12,5450.0,62994.0,8500.0
801,2018-03-12,5450.0,108833.0,13584.0
802,2018-03-12,5450.0,75547.0,14715.0
803,2018-03-12,5450.0,159056.0,15165.0
804,2018-03-12,5450.0,948141.0,15365.0
805,2018-03-12,5450.0,622262.0,25908.0
806,2018-03-12,5450.0,188523.0,33041.0
807,2018-03-12,5451.0,8.0,38632.0
808,2018-03-12,5451.0,6.0,13215.0
809,2018-03-12,5451.0,52932.0,18163.0
810,2018-03-12,5452.0,31.0,25000.0
811,2018-03-12,5452.0,300198.0,719.0
812,2018-03-12,5452.0,58219.0,1638.0
813,2018-03-12,5452.0,11315.0,3002.0
814,2018-03-12,5452.0,735805.0,3268.0
815,2018-03-12,5452.0,7751.0,4341.0
816,2018-03-12,5452.0,698869.0,4608.0
817,2018-03-12,5452.0,140.0,5057.0
818,2018-03-12,5452.0,951674.0,6065.0
819,2018-03-12,5452.0,177690.0,12142.0
820,2018-03-12,5452.0,244523.0,16400.0
821,2018-03-12,5452.0,500941.0,18245.0
822,2018-03-12,5452.0,698870.0,19710.0
823,2018-03-12,5453.0,76489.0,23408.0
824,2018-03-12,5453.0,882.0,2650.0
825,2018-03-12,5453.0,711746.0,9036.0
826,2018-03-12,5453.0,43562.0,11710.0
827,2018-03-12,5453.0,781276.0,12007.0
828,2018-03-12,5453.0,881.0,12010.0
829,2018-03-12,5453.0,781273.0,12010.0
830,2018-03-12,5453.0,6311.0,13487.0
831,2018-03-12,5453.0,371040.0,18420.0
832,2018-03-12,5453.0,155474.0,18886.0
833,2018-03-12,5453.0,151979.0,23898.0
834,2018-03-12,5453.0,349527.0,24161.0
835,2018-03-12,5453.0,349362.0,33732.0
836,2018-03-12,5454.0,9324.0,54270.0
837,2018-03-12,5454.0,139039.0,2773.0
838,2018-03-12,5454.0,139037.0,3626.0
839,2018-03-12,5454.0,120366.0,6053.0
840,2018-03-12,5454.0,472270.0,7227.0
841,2018-03-12,5454.0,1677.0,9123.0
842,2018-03-12,5454.0,20898.0,10758.0
843,2018-03-12,5454.0,2716.0,21368.0
844,2018-03-12,5454.0,16839.0,27424.0
845,2018-03-12,5454.0,86747.0,30864.0
846,2018-03-12,5454.0,472271.0,32043.0
847,2018-03-12,5454.0,560476.0,32237.0
848,2018-03-12,5455.0,882060.0,38768.0
849,2018-03-12,5456.0,139034.0,3330.0
850,2018-03-12,5457.0,489716.0,1531.0
851,2018-03-12,5457.0,74918.0,2643.0
852,2018-03-12,5459.0,5222227.0,56015.0
853,2018-03-12,5459.0,182813.0,3634.0
854,2018-03-12,5459.0,269022.0,5176.0
855,2018-03-12,5459.0,8.0,6699.0
856,2018-03-12,5459.0,529472.0,6972.0
857,2018-03-12,5459.0,277194.0,9276.0
858,2018-03-12,5459.0,719969.0,15139.0
859,2018-03-12,5459.0,57182.0,20344.0
860,2018-03-12,5459.0,667153.0,24695.0
861,2018-03-12,5459.0,989652.0,29992.0
862,2018-03-12,5459.0,137183.0,41435.0
863,2018-03-12,5459.0,157423.0,43335.0
864,2018-03-12,5343.0,136683.0,48395.0
865,2018-03-06,5391.0,17447.0,3513.0
866,2018-03-08,5391.0,245701.0,3840.0
867,2018-03-08,5435.0,245702.0,5326.0
868,2018-03-10,5448.0,304527.0,6125.0
869,2018-03-12,5343.0,154642.0,6830.0
870,2018-03-06,5354.0,17448.0,12209.0
871,2018-03-06,5382.0,903398.0,12432.0
872,2018-03-07,5352.0,75612.0,14011.0
873,2018-03-06,5346.0,193663.0,16509.0
874,2018-03-06,5354.0,78457.0,24020.0
875,2018-03-06,5347.0,35937.0,26144.0
876,2018-03-06,5344.0,17449.0,26483.0
877,2018-03-06,5390.0,12206.0,33806.0
878,2018-03-08,5347.0,17546.0,60506.0
879,2018-03-06,5460.0,17450.0,66175.0
880,2018-03-12,5460.0,18.0,3192.0
881,2018-03-12,5460.0,23.0,2225.0
882,2018-03-12,5460.0,15103.0,6936.0
883,2018-03-12,5460.0,222172.0,6766.0
884,2018-03-12,5460.0,259305.0,5579.0
885,2018-03-12,5436.0,607323.0,419.0
886,2018-03-10,5436.0,11490.0,1631.0
887,2018-03-10,5436.0,273337.0,1991.0
888,2018-03-10,5436.0,541404.0,3977.0
889,2018-03-10,5436.0,411528.0,6005.0
890,2018-03-10,5436.0,43379.0,6140.0
891,2018-03-10,5436.0,439108.0,17200.0
892,2018-03-10,5436.0,777927.0,21262.0
893,2018-03-10,5436.0,593215.0,30025.0
894,2018-03-10,5436.0,136682.0,39772.0
895,2018-03-10,5436.0,136684.0,40141.0
896,2018-03-10,5436.0,751827.0,47335.0
897,2018-03-10,5436.0,751826.0,51939.0
898,2018-03-10,5437.0,802618.0,114845.0
899,2018-03-10,5437.0,207540.0,2491.0
900,2018-03-10,5437.0,5965.0,3002.0
901,2018-03-10,5437.0,933054.0,3205.0
902,2018-03-10,5437.0,217618.0,6480.0
903,2018-03-10,5437.0,184628.0,8088.0
904,2018-03-10,5437.0,386418.0,9501.0
905,2018-03-10,5437.0,411527.0,12010.0
906,2018-03-10,5437.0,907409.0,13474.0
907,2018-03-10,5437.0,907408.0,17202.0
908,2018-03-10,5437.0,454660.0,19500.0
909,2018-03-10,5437.0,5964.0,20903.0
910,2018-03-10,5437.0,291664.0,25445.0
911,2018-03-10,5438.0,5963.0,26998.0
912,2018-03-10,5438.0,881261.0,1463.0
913,2018-03-10,5438.0,20893.0,6618.0
914,2018-03-10,5438.0,881260.0,15000.0
915,2018-03-10,5439.0,48727.0,20587.0
916,2018-03-10,5439.0,687646.0,3668.0
917,2018-03-10,5439.0,106.0,11104.0
918,2018-03-10,5440.0,573247.0,14675.0
919,2018-03-10,5456.0,695318.0,19057.0
920,2018-03-12,5456.0,18.0,743.0
921,2018-03-12,5456.0,208321.0,1621.0
922,2018-03-12,5456.0,17.0,2304.0
923,2018-03-12,5456.0,391752.0,2724.0
924,2018-03-12,5456.0,444948.0,3181.0
925,2018-03-12,5456.0,630731.0,5975.0
926,2018-03-12,5456.0,57245.0,7934.0
927,2018-03-12,5456.0,827035.0,10100.0
928,2018-03-12,5456.0,14147.0,10842.0
929,2018-03-12,5456.0,332664.0,13241.0
930,2018-03-12,5456.0,47332.0,19026.0
931,2018-03-12,5457.0,461549.0,19344.0
932,2018-03-12,5458.0,391120.0,1531.0
933,2018-03-12,5458.0,856705.0,27663.0
934,2018-03-12,5458.0,17822.0,57731.0
935,2018-03-12,5458.0,154699.0,60051.0
936,2018-03-12,5458.0,338972.0,2051.0
937,2018-03-12,5458.0,25582.0,2326.0
938,2018-03-12,5458.0,397935.0,2798.0
939,2018-03-12,5458.0,458274.0,5024.0
940,2018-03-12,5458.0,130860.0,7300.0
941,2018-03-12,5458.0,105547.0,7998.0
942,2018-03-12,5458.0,716033.0,8204.0
943,2018-03-12,5458.0,60652.0,15785.0
944,2018-03-12,5458.0,919757.0,19614.0
945,2018-03-12,5512.0,470659.0,21233.0
946,2018-03-13,5477.0,464913.0,2426.0
947,2018-03-13,5477.0,3212.0,4157.0
948,2018-03-13,5477.0,839098.0,1814.0
949,2018-03-13,5477.0,839097.0,4728.0
950,2018-03-13,5477.0,473470.0,5432.0
951,2018-03-13,5477.0,19932.0,6044.0
952,2018-03-13,5477.0,557287.0,6350.0
953,2018-03-13,5477.0,200780.0,16971.0
954,2018-03-13,5477.0,215575.0,17776.0
955,2018-03-13,5477.0,495561.0,20490.0
956,2018-03-13,5477.0,132450.0,55417.0
957,2018-03-13,5477.0,373048.0,72020.0
958,2018-03-13,5480.0,402122.0,130148.0
959,2018-03-13,5480.0,719244.0,3483.0
960,2018-03-13,5478.0,43250.0,18972.0
961,2018-03-13,5478.0,601706.0,4721.0
962,2018-03-13,5482.0,910126.0,15489.0
963,2018-03-13,5482.0,836728.0,2399.0
964,2018-03-13,5482.0,42958.0,3901.0
965,2018-03-13,5482.0,9.0,4345.0
966,2018-03-13,5482.0,843586.0,8410.0
967,2018-03-13,5482.0,248707.0,14298.0
968,2018-03-13,5482.0,111.0,15976.0
969,2018-03-13,5482.0,1.0,30088.0
970,2018-03-13,5482.0,430105.0,53487.0
971,2018-03-13,5482.0,30768.0,58096.0
972,2018-03-13,5482.0,166308.0,61175.0
973,2018-03-13,5482.0,166309.0,62961.0
974,2018-03-13,5484.0,214466.0,81430.0
975,2018-03-13,5484.0,11770.0,2557.0
976,2018-03-13,5484.0,11771.0,3224.0
977,2018-03-13,5484.0,11773.0,3344.0
978,2018-03-13,5484.0,11772.0,3388.0
979,2018-03-13,5484.0,11774.0,3843.0
980,2018-03-13,5485.0,210354.0,65400.0
981,2018-03-13,5485.0,105638.0,1208.0
982,2018-03-13,5485.0,48902.0,3040.0
983,2018-03-13,5485.0,35.0,5410.0
984,2018-03-13,5485.0,28102.0,6608.0
985,2018-03-13,5485.0,307054.0,9626.0
986,2018-03-13,5485.0,6350.0,11888.0
987,2018-03-13,5485.0,61002.0,15484.0
988,2018-03-13,5485.0,574394.0,17125.0
989,2018-03-13,5485.0,23215.0,20261.0
990,2018-03-13,5485.0,623987.0,27958.0
991,2018-03-13,5485.0,670979.0,27993.0
992,2018-03-13,5485.0,42804.0,31092.0
993,2018-03-13,5487.0,9.0,32485.0
994,2018-03-13,5487.0,8605.0,133.0
995,2018-03-13,5487.0,4716.0,243.0
996,2018-03-13,5487.0,3371.0,979.0
997,2018-03-13,5487.0,30796.0,1074.0
998,2018-03-13,5487.0,28823.0,3798.0
999,2018-03-13,5487.0,898431.0,9095.0
1000,2018-03-13,5487.0,500785.0,9339.0
1001,2018-03-13,5487.0,819171.0,28248.0
1002,2018-03-13,5543.0,1256666.0,59376.0
1003,2018-03-09,5486.0,40213.0,304750.0
1004,2018-03-09,5423.0,126236.0,4076.0
1005,2018-03-09,5447.0,138441.0,9000.0
1006,2018-03-12,5505.0,174009.0,5553.0
1007,2018-03-14,4576.0,211495.0,21619.0
1008,2018-03-13,5480.0,516308.0,4098.0
1009,2018-03-13,5480.0,136595.0,1612.0
1010,2018-03-13,5480.0,882200.0,3397.3
1011,2018-03-13,5480.0,7347835.0,4894.0
1012,2018-03-13,5480.0,136594.0,7571.0
1013,2018-03-13,5480.0,424354.0,9411.0
1014,2018-03-13,5480.0,752711.0,16252.0
1015,2018-03-13,5480.0,269623.0,19832.0
1016,2018-03-13,5480.0,43249.0,24176.0
1017,2018-03-13,5480.0,668776.0,24510.0
1018,2018-03-13,5480.0,924329.0,29109.0
1019,2018-03-13,5481.0,757803.0,54274.0
1020,2018-03-13,5481.0,578410.0,669.0
1021,2018-03-13,5481.0,452092.0,5088.0
1022,2018-03-13,5481.0,9.0,5180.0
1023,2018-03-13,5481.0,556263.0,5602.0
1024,2018-03-13,5481.0,489114.0,8458.0
1025,2018-03-13,5481.0,277998.0,10394.0
1026,2018-03-13,5481.0,325685.0,12123.0
1027,2018-03-13,5481.0,220170.0,12521.0
1028,2018-03-13,5481.0,2153.0,13076.0
1029,2018-03-13,5481.0,881224.0,13693.0
1030,2018-03-13,5481.0,650659.0,19080.0
1031,2018-03-13,5481.0,8064.0,23047.0
1032,2018-03-13,5482.0,903560.0,54619.0
1033,2018-03-13,5483.0,271132.0,3500.0
1034,2018-03-13,5483.0,139033.0,1445.0
1035,2018-03-13,5483.0,139038.0,3042.0
1036,2018-03-13,5483.0,60444.0,7017.0
1037,2018-03-13,5483.0,11777.0,12231.0
1038,2018-03-13,5483.0,964918.0,14427.0
1039,2018-03-13,5483.0,69989.0,25239.0
1040,2018-03-13,5483.0,11061.0,27677.0
1041,2018-03-13,5483.0,630346.0,38599.0
1042,2018-03-13,5483.0,11778.0,39813.0
1043,2018-03-13,5483.0,417696.0,44575.0
1044,2018-03-13,5483.0,403450.0,44610.0
1045,2018-03-13,5486.0,346313.0,62592.0
1046,2018-03-13,5486.0,211637.0,652.0
1047,2018-03-13,5486.0,162993.0,2412.0
1048,2018-03-13,5486.0,17977.0,3137.0
1049,2018-03-13,5486.0,757209.0,6071.0
1050,2018-03-13,5486.0,600107.0,7206.0
1051,2018-03-13,5486.0,727413.0,7984.0
1052,2018-03-13,5486.0,5.0,9608.0
1053,2018-03-13,5486.0,643813.0,10655.0
1054,2018-03-13,5486.0,595550.0,45260.0
1055,2018-03-13,5486.0,595549.0,50421.0
1056,2018-03-13,5486.0,584891.0,55438.0
1057,2018-03-13,5501.0,584892.0,76160.0
1058,2018-03-14,5501.0,607325.0,4753.0
1059,2018-03-14,5501.0,39092.0,4830.0
1060,2018-03-14,5501.0,821915.0,9794.0
1061,2018-03-14,5501.0,819383.0,12214.0
1062,2018-03-14,5502.0,913248.0,29156.0
1063,2018-03-14,5503.0,218088.0,44610.0
1064,2018-03-14,5503.0,392082.0,2450.0
1065,2018-03-14,5503.0,670866.0,3872.0
1066,2018-03-14,5503.0,29044.0,6474.0
1067,2018-03-14,5503.0,473474.0,6694.0
1068,2018-03-14,5503.0,473475.0,6694.0
1069,2018-03-14,5503.0,45110.0,9141.0
1070,2018-03-14,5503.0,138391.0,12440.0
1071,2018-03-14,5503.0,108660.0,15195.0
1072,2018-03-14,5503.0,79744.0,16249.0
1073,2018-03-14,5503.0,296424.0,17982.0
1074,2018-03-14,5503.0,15.0,31956.0
1075,2018-03-14,5503.0,123.0,36563.0
1076,2018-03-14,5504.0,466291.0,45102.0
1077,2018-03-14,5504.0,489106.0,1295.0
1078,2018-03-14,5504.0,489107.0,1299.0
1079,2018-03-14,5504.0,735804.0,1621.0
1080,2018-03-14,5504.0,164800.0,4989.0
1081,2018-03-14,5504.0,355692.0,8297.0
1082,2018-03-14,5504.0,18152.0,10000.0
1083,2018-03-14,5504.0,188743.0,10232.0
1084,2018-03-14,5504.0,884201.0,10404.0
1085,2018-03-14,5504.0,281299.0,16738.0
1086,2018-03-14,5504.0,72721.0,16870.0
1087,2018-03-14,5504.0,10013.0,22240.0
1088,2018-03-14,5506.0,781632.0,27326.0
1089,2018-03-14,5507.0,744350.0,6065.0
1090,2018-03-14,5507.0,677023.0,836.0
1091,2018-03-14,5507.0,599726.0,1021.0
1092,2018-03-14,5507.0,677019.0,1644.0
1093,2018-03-14,5507.0,134669.0,3156.0
1094,2018-03-14,5507.0,244880.0,3325.0
1095,2018-03-14,5507.0,92142.0,3360.0
1096,2018-03-14,5507.0,677021.0,6215.0
1097,2018-03-14,5507.0,859676.0,6577.0
1098,2018-03-14,5507.0,630378.0,6695.0
1099,2018-03-14,5507.0,617081.0,7119.0
1100,2018-03-14,5507.0,510161.0,10879.0
1101,2018-03-14,5507.0,24741.0,11480.0
1102,2018-03-14,5508.0,53282.0,12010.0
1103,2018-03-14,5508.0,412754.0,3186.0
1104,2018-03-14,5508.0,866474.0,6070.0
1105,2018-03-14,5508.0,106468.0,7549.0
1106,2018-03-14,5508.0,372631.0,9608.0
1107,2018-03-14,5508.0,474447.0,11119.0
1108,2018-03-14,5508.0,348.0,16360.0
1109,2018-03-14,5508.0,39986.0,18371.0
1110,2018-03-14,5508.0,350.0,34400.0
1111,2018-03-14,5508.0,351.0,44872.0
1112,2018-03-14,5509.0,152444.0,50028.0
1113,2018-03-14,5509.0,817331.0,1238.0
1114,2018-03-14,5509.0,813766.0,3032.0
1115,2018-03-14,5509.0,253678.0,3435.0
1116,2018-03-14,5509.0,108654.0,4355.0
1117,2018-03-14,5509.0,181162.0,6420.0
1118,2018-03-14,5509.0,25823.0,9827.0
1119,2018-03-14,5509.0,758271.0,12712.0
1120,2018-03-14,5509.0,296153.0,17196.0
1121,2018-03-14,5509.0,678115.0,18907.0
1122,2018-03-14,5509.0,328716.0,34461.0
1123,2018-03-14,5510.0,7807.0,42754.0
1124,2018-03-14,5510.0,396544.0,2530.0
1125,2018-03-14,5510.0,470609.0,2853.0
1126,2018-03-14,5510.0,988494.0,2894.0
1127,2018-03-14,5510.0,152795.0,3062.0
1128,2018-03-14,5510.0,27813.0,4196.0
1129,2018-03-14,5510.0,47061.0,5047.0
1130,2018-03-14,5510.0,470610.0,5047.0
1131,2018-03-14,5510.0,29928.0,5240.0
1132,2018-03-14,5510.0,55100.0,6115.0
1133,2018-03-14,5510.0,630610.0,8214.0
1134,2018-03-14,5510.0,391135.0,35000.0
1135,2018-03-14,5511.0,867616.0,40624.0
1136,2018-03-14,5511.0,831001.0,39186.0
1137,2018-03-14,5511.0,511931.0,45982.0
1138,2018-03-14,5511.0,3.0,110855.0
1139,2018-03-14,5531.0,7052854.0,110877.0
1140,2018-03-15,5533.0,142967.0,8439.0
1141,2018-03-15,5533.0,792987.0,10000.0
1142,2018-03-15,5533.0,44744.0,13228.0
1143,2018-03-15,5536.0,334814.0,1531.0
1144,2018-03-15,5536.0,544415.0,3002.0
1145,2018-03-15,5536.0,4643.0,5000.0
1146,2018-03-15,5537.0,25.0,2426.0
1147,2018-03-15,5537.0,1795.0,10412.0
1148,2018-03-15,5538.0,252377.0,2545.0
1149,2018-03-15,5538.0,31289.0,10000.0
1150,2018-03-15,5539.0,58.0,6005.0
1151,2018-03-15,5539.0,53463.0,6005.0
1152,2018-03-15,5539.0,325063.0,6005.0
1153,2018-03-15,5539.0,20488.0,6708.0
1154,2018-03-15,5542.0,622263.0,10000.0
1155,2018-03-15,5542.0,3413.0,20000.0
1156,2018-03-16,5551.0,622586.0,6664.0
1157,2018-03-16,5551.0,80959.0,10000.0
1158,2018-03-16,5551.0,529224.0,15000.0
1159,2018-03-16,5552.0,757427.0,27424.0
1160,2018-03-16,5555.0,306806.0,4027.0
1161,2018-03-16,5555.0,761009.0,10000.0
1162,2018-03-16,5557.0,61588.0,12010.0
1163,2018-03-16,5557.0,529112.0,13679.0
1164,2018-03-17,5585.0,135672.0,4804.0
1165,2018-03-17,5587.0,732161.0,10487.0
1166,2018-03-17,5591.0,4600.0,1837.0
1167,2018-03-17,5591.0,4734.0,5000.0
1168,2018-03-17,5591.0,16441.0,6005.0
1169,2018-03-19,5623.0,839994.0,1531.0
1170,2018-03-19,5623.0,561231.0,6005.0
1171,2018-03-19,5624.0,586193.0,2700.0
1172,2018-03-19,5626.0,99321.0,2426.0
1173,2018-03-19,5626.0,243432.0,3109.0
1174,2018-03-19,5627.0,397263.0,1295.0
1175,2018-03-19,5627.0,397262.0,7000.0
1176,2018-03-19,5627.0,191050.0,12010.0
1177,2018-03-19,5627.0,363884.0,12010.0
1178,2018-03-19,5631.0,161906.0,30025.0
1179,2018-03-19,5632.0,803809.0,30325.0
1180,2018-03-19,5633.0,446327.0,3335.0
1181,2018-03-19,5633.0,8290.0,12010.0
1182,2018-03-19,5634.0,847009.0,9187.0
1183,2018-03-19,5634.0,128441.0,6005.0
1184,2018-03-20,5650.0,670155.0,19500.0
1185,2018-03-20,5651.0,952057.0,24020.0
1186,2018-03-20,5654.0,932543.0,8269.0
1187,2018-03-20,5654.0,9321.0,9608.0
1188,2018-03-20,5654.0,11219.0,1516.0
1189,2018-03-20,5655.0,733339.0,6005.0
1190,2018-03-20,5656.0,14.0,3062.0
1191,2018-03-20,5657.0,43252.0,243.0
1192,2018-03-21,5676.0,257588.0,3181.0
1193,2018-03-21,5677.0,60937.0,12867.0
1194,2018-03-21,5678.0,9324.0,12010.0
1195,2018-03-21,5683.0,19032018.0,6053.0
1196,2018-03-21,5684.0,117.0,6125.0
1197,2018-03-21,5684.0,5889.0,1531.0
1198,2018-03-21,5685.0,383.0,24020.0
1199,2018-03-21,5685.0,267012.0,13487.0
1200,2018-03-21,5685.0,485561.0,12010.0
1201,2018-03-21,5685.0,741506.0,12130.0
