"TRAN DATE","paySlip","CHQ NO","amount"
"27/02/2018",5229,375822,1261
"27/02/2018",5229,375821,1300
"27/02/2018",5229,7752,2205
"27/02/2018",5229,254,7596
"27/02/2018",5229,239,7800
"27/02/2018",5229,5737,10171
"27/02/2018",5229,269526,11381
"27/02/2018",5229,918439,15445
"27/02/2018",5230,754417,31859
"27/02/2018",5230,7753,2170
"27/02/2018",5230,7754,2187
"27/02/2018",5230,44181,33787
"27/02/2018",5230,139184,14993
"27/02/2018",5230,165920,19163
"27/02/2018",5230,199007,59491
"27/02/2018",5230,457323,4290
"27/02/2018",5230,659407,76800
"27/02/2018",5230,671728,2143
"27/02/2018",5231,980346,2731
"27/02/2018",5231,6213,7632
"27/02/2018",5231,160778,17039
"27/02/2018",5231,170176,7374
"27/02/2018",5231,400494,8495
"27/02/2018",5231,827326,13193
"27/02/2018",5231,883776,3002
"27/02/2018",5231,890187,14555
"27/02/2018",5231,948189,24457
"27/02/2018",5232,988470,8896
"27/02/2018",5232,373,1232
"27/02/2018",5232,6755,4627
"27/02/2018",5232,608060,5185
"27/02/2018",5232,374,14681
"27/02/2018",5232,33,15994
"27/02/2018",5232,218131,22918
"27/02/2018",5232,417,26559
"27/02/2018",5232,375,28500
"27/02/2018",5232,370224,32819
"27/02/2018",5232,418,36551
"27/02/2018",5233,416,42315
"27/02/2018",5233,6,5306
"27/02/2018",5233,16126,11527
"27/02/2018",5233,19915,3909
"27/02/2018",5233,56322,46620
"27/02/2018",5233,196917,8064
"27/02/2018",5233,450480,4147
"27/02/2018",5233,490199,7092
"27/02/2018",5233,507976,5345
"27/02/2018",5233,662925,15922
"27/02/2018",5233,756771,2406
"27/02/2018",5233,910066,7297
"27/02/2018",5234,3376532,55673
"27/02/2018",5234,14403,48296
"27/02/2018",5234,26732,18401
"27/02/2018",5234,40964,15582
"27/02/2018",5223,70304,15138
"27/02/2018",5223,1852,9542
"27/02/2018",5223,3690,23295
"27/02/2018",5223,11296,15012
"27/02/2018",5223,22782,6102
"27/02/2018",5223,80808,20055
"27/02/2018",5223,163468,67865
"27/02/2018",5223,185757,18086
"27/02/2018",5223,363284,9374
"27/02/2018",5223,648304,12284
"27/02/2018",5223,888431,10192
"27/02/2018",5225,967716,32120
"27/02/2018",5225,1,4751
"27/02/2018",5225,12,13845
"27/02/2018",5225,22751,6878
"27/02/2018",5225,47951,11501
"27/02/2018",5225,104656,36259
"27/02/2018",5225,185758,16679
"27/02/2018",5225,429200,6780
"27/02/2018",5225,584911,130978
"27/02/2018",5225,631809,7508
"27/02/2018",5225,697564,106321
"27/02/2018",5225,753842,3622
"27/02/2018",5225,830791,13861
"27/02/2018",5226,987779,24020
"27/02/2018",5226,13,31034
"27/02/2018",5226,27699,24003
"27/02/2018",5226,96046,12010
"27/02/2018",5226,145259,20739
"27/02/2018",5226,183420,6726
"27/02/2018",5226,247813,30325
"27/02/2018",5226,260704,40596
"27/02/2018",5226,294643,6125
"27/02/2018",5226,300657,14416
"27/02/2018",5226,536042,4530
"27/02/2018",5226,553832,12387
"27/02/2018",5226,662106,33856
"27/02/2018",5227,913404,11790
"27/02/2018",5227,2,14909
"27/02/2018",5227,2524,43849
"27/02/2018",5227,913403,3592
"27/02/2018",5227,932582,48952
"27/02/2018",5228,932583,42742
"27/02/2018",5228,11,14318
"27/02/2018",5228,15,20477
"27/02/2018",5228,58284,23859
"27/02/2018",5228,113595,21671
"27/02/2018",5228,137599,8403
"27/02/2018",5228,249108,614
"27/02/2018",5228,249109,2275
"27/02/2018",5228,268057,1837
"27/02/2018",5228,432175,10840
"27/02/2018",5228,698994,1273
"27/02/2018",5228,778836,8759
"27/02/2018",5228,817982,2800
"27/02/2018",5229,861624,9740
"27/02/2018",5229,428384,3604
"27/02/2018",5229,505058,6065
"27/02/2018",5270,865258,16731
"28/02/2018",5229,0,4328849
"27/02/2018",5232,23586,19479
"27/02/2018",5232,327353,8264
"27/02/2018",5233,327356,14806
"27/02/2018",5234,128808,3843
"27/02/2018",5306,26932,13805
"03/01/2018",5339,0,655197
"03/05/2018",5356,0,2723620
"03/06/2018",5254,0,2823946
"28/02/2018",5254,35734,3215
"28/02/2018",5254,69379,20738
"28/02/2018",5254,225646,6154
"28/02/2018",5259,295111,28811
"28/02/2018",5259,16959,82063
"28/02/2018",5259,16960,117800
"28/02/2018",5260,23587,66656
"28/02/2018",5261,16958,96548
"28/02/2018",5262,79145,3433
"28/02/2018",5268,231809,3210
"28/02/2018",5302,2146945,29699
"03/01/2018",5303,264508,100978
"03/01/2018",5323,23879,1759
"03/05/2018",5325,295431,10000
"03/05/2018",5260,48025,12482
"28/02/2018",5260,9181,38688
"28/02/2018",5260,17422,8660
"28/02/2018",5260,17424,24260
"28/02/2018",5260,59425,20000
"28/02/2018",5260,185759,23569
"28/02/2018",5260,196074,16366
"28/02/2018",5260,371038,10485
"28/02/2018",5260,592443,24020
"28/02/2018",5260,764493,4989
"28/02/2018",5261,802545,3270
"28/02/2018",5261,3,36183
"28/02/2018",5261,20,79064
"28/02/2018",5261,30,17372
"28/02/2018",5261,33,3457
"28/02/2018",5261,1149,6298
"28/02/2018",5261,79237,6005
"28/02/2018",5261,99893,2700
"28/02/2018",5261,154037,9439
"28/02/2018",5261,252355,2432
"28/02/2018",5261,300112,3335
"28/02/2018",5261,430587,5384
"28/02/2018",5267,718308,7671
"28/02/2018",5267,252,2544
"28/02/2018",5267,253,7240
"28/02/2018",5267,20927,6979
"28/02/2018",5267,24571,46187
"28/02/2018",5267,98008,7183
"28/02/2018",5267,99731,589
"28/02/2018",5267,169175,2550
"28/02/2018",5267,282636,27996
"28/02/2018",5267,390546,3534
"28/02/2018",5267,390547,6923
"28/02/2018",5267,390548,8799
"28/02/2018",5267,571539,23126
"28/02/2018",5268,579027,4783
"28/02/2018",5268,474,12010
"28/02/2018",5268,7571,1225
"28/02/2018",5268,87074,14093
"28/02/2018",5268,274169,6336
"28/02/2018",5268,285490,3492
"28/02/2018",5268,293393,2651
"28/02/2018",5268,302998,1516
"28/02/2018",5268,422091,11399
"28/02/2018",5268,584805,11212
"28/02/2018",5268,606100,42943
"28/02/2018",5268,686253,13871
"28/02/2018",5269,714910,12010
"28/02/2018",5269,8446,18828
"28/02/2018",5269,8447,45358
"28/02/2018",5269,8448,22093
"28/02/2018",5254,86225,35377
"28/02/2018",5255,606684,17932
"28/02/2018",5255,239,6410
"28/02/2018",5255,54707,6530
"28/02/2018",5255,63739,8269
"28/02/2018",5255,271362,7865
"28/02/2018",5255,386321,9608
"28/02/2018",5255,390155,13884
"28/02/2018",5255,410445,15544
"28/02/2018",5255,424378,9766
"28/02/2018",5255,503659,5981
"28/02/2018",5255,610714,4543
"28/02/2018",5255,610715,13440
"28/02/2018",5255,824831,35397
"28/02/2018",5256,839095,705
"28/02/2018",5256,8449,60184
"28/02/2018",5256,63351,12130
"28/02/2018",5256,63352,8526
"28/02/2018",5256,258710,12880
"28/02/2018",5256,294300,12010
"28/02/2018",5256,319150,33740
"28/02/2018",5256,350706,4270
"28/02/2018",5256,386322,3282
"28/02/2018",5256,495940,12906
"28/02/2018",5256,530232,40322
"28/02/2018",5256,540024,7438
"28/02/2018",5256,647940,2576
"28/02/2018",5257,856792,23061
"28/02/2018",5257,1148,7599
"28/02/2018",5257,6214,164574
"28/02/2018",5257,27154,25952
"28/02/2018",5257,35603,25302
"28/02/2018",5257,323298,17631
"28/02/2018",5257,423841,6850
"28/02/2018",5257,467713,60426
"28/02/2018",5257,513630,3934
"28/02/2018",5257,529301,7775
"28/02/2018",5257,533263,4795
"28/02/2018",5258,674857,24020
"28/02/2018",5260,839096,706
"28/02/2018",5260,335976,16395
"28/02/2018",5301,699325,10011
"03/01/2018",5301,321028,24020
"03/01/2018",5302,523495,13220
"03/01/2018",5302,215843,1225
"03/01/2018",5303,679851,3143
"03/01/2018",5303,263615,5974
"03/01/2018",5303,455750,35523
"03/01/2018",5303,478315,8140
"03/01/2018",5303,478318,31752
"03/01/2018",5303,499170,50954
"03/01/2018",5303,521104,7156
"03/01/2018",5303,541321,10639
"03/01/2018",5303,560983,601
"03/01/2018",5303,661145,6005
"03/01/2018",5262,950565,25230
"28/02/2018",5262,7206,6833
"28/02/2018",5262,9867,30391
"28/02/2018",5262,17092,37460
"28/02/2018",5262,43246,7817
"28/02/2018",5262,61568,5137
"28/02/2018",5262,107858,9330
"28/02/2018",5262,231808,8740
"28/02/2018",5262,263614,7397
"28/02/2018",5262,273336,1991
"28/02/2018",5262,454922,28576
"28/02/2018",5262,484923,26986
"28/02/2018",5263,575760,10024
"28/02/2018",5263,25,1985
"28/02/2018",5263,1449,21835
"28/02/2018",5263,45492,24169
"28/02/2018",5263,135348,12552
"28/02/2018",5263,452828,9187
"28/02/2018",5263,510208,4027
"28/02/2018",5263,510209,4134
"28/02/2018",5263,652568,1238
"28/02/2018",5263,704295,12845
"28/02/2018",5263,852135,18057
"28/02/2018",5263,922270,24726
"28/02/2018",5263,953359,22127
"28/02/2018",5264,996914,10412
"28/02/2018",5264,1,132873
"28/02/2018",5264,35512,12707
"28/02/2018",5264,47950,7983
"28/02/2018",5264,139016,3857
"28/02/2018",5264,177421,2096
"28/02/2018",5264,228661,7809
"28/02/2018",5264,257844,68100
"28/02/2018",5264,437511,12670
"28/02/2018",5264,859654,19722
"28/02/2018",5264,928014,6747
"28/02/2018",5264,953358,18799
"28/02/2018",5265,980029,41984
"28/02/2018",5266,291702,4220
"28/02/2018",5266,85261,5478
"28/02/2018",5266,571503,2353
"28/02/2018",5300,811766,12483
"03/01/2018",5300,1433,78173
"03/01/2018",5300,500055,8324
"03/01/2018",5300,667102,12204
"03/01/2018",5302,701854,3629
"03/01/2018",5302,70,10000
"03/01/2018",5302,1178,45481
"03/01/2018",5302,16808,55345
"03/01/2018",5302,22303,766
"03/01/2018",5302,22901,1131
"03/01/2018",5302,231810,9335
"03/01/2018",5302,560984,4823
"03/01/2018",5302,671727,2162
"03/01/2018",5302,751096,12010
"03/01/2018",5266,791159,1225
"28/02/2018",5266,97110,45339
"28/02/2018",5266,110358,30025
"28/02/2018",5266,527233,6135
"28/02/2018",5266,527235,6135
"28/02/2018",5266,661982,11261
"28/02/2018",5266,760079,2135
"28/02/2018",5266,782999,7910
"28/02/2018",5266,862289,6065
"28/02/2018",5266,899777,9067
"28/02/2018",5385,973348,7900
"03/07/2018",5264,0,2369825
"28/02/2018",5327,202394,3210
"03/05/2018",5327,1515,32520
"03/05/2018",5327,16923,8557
"03/05/2018",5327,38653,24997
"03/05/2018",5327,75039,34557
"03/05/2018",5327,175452,20878
"03/05/2018",5327,179759,23996
"03/05/2018",5327,270520,5340
"03/05/2018",5327,397302,18600
"03/05/2018",5327,528780,9089
"03/05/2018",5327,529473,3772
"03/05/2018",5327,546173,22993
"03/05/2018",5327,571605,33033
"03/05/2018",5331,960584,16190
"03/05/2018",5326,191140,25735
"03/05/2018",5328,397524,8896
"03/05/2018",5328,10351,13969
"03/05/2018",5328,35711,5348
"03/05/2018",5328,64638,5589
"03/05/2018",5328,88590,26474
"03/05/2018",5328,94000,7406
"03/05/2018",5328,212129,15613
"03/05/2018",5328,225320,3484
"03/05/2018",5328,397878,13245
"03/05/2018",5328,507578,3500
"03/05/2018",5328,531131,25489
"03/05/2018",5328,531132,12221
"03/05/2018",5328,555508,14402
"03/05/2018",5329,982010,34292
"03/05/2018",5329,72,9050
"03/05/2018",5329,1282,4415
"03/05/2018",5329,106559,8645
"03/05/2018",5329,359362,10912
"03/05/2018",5329,548755,35146
"03/05/2018",5329,627230,8075
"03/05/2018",5329,670313,6443
"03/05/2018",5329,767932,24543
"03/05/2018",5329,788964,27939
"03/05/2018",5329,794700,10000
"03/05/2018",5329,886964,11079
"03/05/2018",5329,924917,3062
"03/05/2018",5330,960505,6979
"03/05/2018",5330,14,24320
"03/05/2018",5330,32,12546
"03/05/2018",5330,67,6691
"03/05/2018",5330,47952,10376
"03/05/2018",5330,138409,6222
"03/05/2018",5330,161524,11240
"03/05/2018",5330,216165,12216
"03/05/2018",5330,218407,14145
"03/05/2018",5330,269821,35056
"03/05/2018",5330,300658,49716
"03/05/2018",5330,454063,36120
"03/05/2018",5330,840334,9550
"03/05/2018",5331,881779,7682
"03/05/2018",5331,1257,24186
"03/05/2018",5331,19344,23066
"03/05/2018",5331,280783,5148
"03/05/2018",5331,357183,4781
"03/05/2018",5331,374111,35166
"03/05/2018",5331,540374,9608
"03/05/2018",5331,561519,13806
"03/05/2018",5331,713396,9500
"03/05/2018",5331,319533,31365
"03/05/2018",5331,495157,8593
"03/05/2018",5332,537914,12010
"03/05/2018",5332,3231,24020
"03/05/2018",5332,3232,12010
"03/05/2018",5332,668813,28808
"03/05/2018",5332,668814,12010
"03/05/2018",5333,682836,49153
"03/05/2018",5333,8579,35122
"03/05/2018",5333,16387,36030
"03/05/2018",5333,110818,8602
"03/05/2018",5333,309207,6818
"03/05/2018",5333,342156,22238
"03/05/2018",5333,575577,1773
"03/05/2018",5333,609410,5000
"03/05/2018",5333,625395,10030
"03/05/2018",5333,718355,34196
"03/05/2018",5333,780313,3420
"03/05/2018",5333,840979,38110
"03/05/2018",5334,877503,5849
"03/05/2018",5334,415,1221
"03/05/2018",5334,7982,6100
"03/05/2018",5334,35710,7602
"03/05/2018",5334,59751,27328
"03/05/2018",5334,59752,26667
"03/05/2018",5334,170376,16781
"03/05/2018",5334,421164,7347
"03/05/2018",5334,421165,33776
"03/05/2018",5334,490286,18682
"03/05/2018",5334,563651,3006
"03/05/2018",5334,705421,7842
"03/05/2018",5334,843585,6295
"03/05/2018",5335,4033330,3205
"03/05/2018",5335,4848,4329
"03/05/2018",5335,7805,6089
"03/05/2018",5335,42885,3564
"03/05/2018",5335,63590,20437
"03/05/2018",5335,71574,10874
"03/05/2018",5335,71575,12010
"03/05/2018",5335,253605,6436
"03/05/2018",5335,455324,25482
"03/05/2018",5335,495979,33628
"03/05/2018",5335,660010,7507
"03/05/2018",5335,772476,829
"03/05/2018",5335,913484,5191
"03/05/2018",5336,951235,2252
"03/05/2018",5336,19859,11706
"03/05/2018",5336,57232,16893
"03/05/2018",5336,57233,19235
"03/05/2018",5336,68885,29619
"03/05/2018",5336,114622,2637
"03/05/2018",5336,207535,1678
"03/05/2018",5336,239876,11812
"03/05/2018",5336,534950,1607
"03/05/2018",5336,611797,11902
"03/05/2018",5336,663833,11706
"03/05/2018",5336,768475,18951
"03/05/2018",5336,792197,28844
"03/05/2018",5398,792199,3062
"03/08/2018",5441,0,2584169
"03/10/2018",5331,0,3438930
"03/05/2018",5375,13331,3660
"03/07/2018",5464,174007,16672
"03/12/2018",5349,0,2923500
"03/06/2018",5349,281313,2422
"03/06/2018",5349,3923,12555
"03/06/2018",5343,209717,165527
"03/06/2018",5344,841689,8809
"03/06/2018",5344,292874,1425
"03/06/2018",5344,754867,2910
"03/06/2018",5344,14377,3871
"03/06/2018",5344,337073,5401
"03/06/2018",5344,518089,6380
"03/06/2018",5344,708574,8691
"03/06/2018",5344,325269,9581
"03/06/2018",5344,271289,15132
"03/06/2018",5344,140402,15719
"03/06/2018",5344,32001,24120
"03/06/2018",5344,14375,42022
"03/06/2018",5345,14376,54607
"03/06/2018",5345,813806,588
"03/06/2018",5345,16,1181
"03/06/2018",5345,397452,3598
"03/06/2018",5345,1646,3641
"03/06/2018",5345,813805,4176
"03/06/2018",5345,841690,4237
"03/06/2018",5345,486003,5034
"03/06/2018",5345,682581,5516
"03/06/2018",5345,609930,6405
"03/06/2018",5345,974702,10335
"03/06/2018",5345,974703,15429
"03/06/2018",5345,14,23683
"03/06/2018",5346,2913,30700
"03/06/2018",5346,195923,2521
"03/06/2018",5346,322442,3700
"03/06/2018",5346,134646,6296
"03/06/2018",5346,299283,6708
"03/06/2018",5346,813804,8491
"03/06/2018",5346,538343,11587
"03/06/2018",5346,658281,11950
"03/06/2018",5346,1,12271
"03/06/2018",5346,552597,16000
"03/06/2018",5346,966703,24020
"03/06/2018",5346,966702,36030
"03/06/2018",5347,65128,38673
"03/06/2018",5347,137600,5516
"03/06/2018",5347,52612,7047
"03/06/2018",5347,951976,8031
"03/06/2018",5347,520573,9794
"03/06/2018",5347,727589,10279
"03/06/2018",5347,932259,11160
"03/06/2018",5347,839055,14345
"03/06/2018",5347,778828,20567
"03/06/2018",5347,966706,29017
"03/06/2018",5347,2,30000
"03/06/2018",5348,966704,30200
"03/06/2018",5348,950616,2200
"03/06/2018",5348,67880,3967
"03/06/2018",5348,143725,4395
"03/06/2018",5348,937061,8901
"03/06/2018",5348,111035,9307
"03/06/2018",5348,625964,18819
"03/06/2018",5350,950615,39831
"03/06/2018",5350,18,3603
"03/06/2018",5350,156138,5000
"03/06/2018",5350,58162,5021
"03/06/2018",5350,437980,10539
"03/06/2018",5350,108,12899
"03/06/2018",5350,765415,13655
"03/06/2018",5350,9197,13967
"03/06/2018",5350,950447,19310
"03/06/2018",5350,28009,24095
"03/06/2018",5350,319509,27773
"03/06/2018",5350,20497,31534
"03/06/2018",5350,20496,41511
"03/06/2018",5351,943803,56114
"03/06/2018",5351,436019,3290
"03/06/2018",5351,128828,4022
"03/06/2018",5351,876032,5101
"03/06/2018",5351,73519,6607
"03/06/2018",5351,514432,7738
"03/06/2018",5351,917569,8451
"03/06/2018",5351,514430,13228
"03/06/2018",5351,619727,16614
"03/06/2018",5351,484524,16995
"03/06/2018",5351,71159,23803
"03/06/2018",5351,75320,27465
"03/06/2018",5352,73520,34702
"03/06/2018",5352,258978,2338
"03/06/2018",5352,357858,2712
"03/06/2018",5352,3256679,5187
"03/06/2018",5352,18,6160
"03/06/2018",5352,242893,8874
"03/06/2018",5352,29762,9625
"03/06/2018",5352,16273,12253
"03/06/2018",5352,537269,28191
"03/06/2018",5352,247106,29893
"03/06/2018",5352,9223,40809
"03/06/2018",5352,47087,41915
"03/06/2018",5353,623079,44867
"03/06/2018",5353,1675,2655
"03/06/2018",5353,205773,3884
"03/06/2018",5353,64254,4792
"03/06/2018",5353,758180,6065
"03/06/2018",5353,301178,11362
"03/06/2018",5353,866139,11421
"03/06/2018",5353,664432,14802
"03/06/2018",5353,28,17979
"03/06/2018",5353,4,19693
"03/06/2018",5353,212064,20765
"03/06/2018",5353,36760,21703
"03/06/2018",5353,367599,21751
"03/06/2018",5354,758550,47065
"03/06/2018",5354,46223,2316
"03/06/2018",5354,46224,2916
"03/06/2018",5354,46222,2925
"03/06/2018",5354,14563,3140
"03/06/2018",5354,46221,4405
"03/06/2018",5354,7164,6164
"03/06/2018",5354,92881,7474
"03/06/2018",5354,132802,8415
"03/06/2018",5354,353983,10879
"03/06/2018",5354,441747,14781
"03/06/2018",5355,260226,24215
"03/06/2018",5376,55128,12111
"03/07/2018",5376,907440,1619
"03/07/2018",5376,695855,3792
"03/07/2018",5376,926495,6581
"03/07/2018",5376,12358,9869
"03/07/2018",5376,890160,13707
"03/07/2018",5376,397525,18200
"03/07/2018",5376,191002,21050
"03/07/2018",5376,980370,24508
"03/07/2018",5376,391179,24522
"03/07/2018",5376,188010,33578
"03/07/2018",5376,477180,34546
"03/07/2018",5376,427658,47548
"03/07/2018",5377,244218,52820
"03/07/2018",5377,14777,2329
"03/07/2018",5377,345056,4521
"03/07/2018",5378,245866,8521
"03/07/2018",5378,536773,1048
"03/07/2018",5378,971638,3136
"03/07/2018",5378,658764,4534
"03/07/2018",5378,393205,6961
"03/07/2018",5378,132291,9784
"03/07/2018",5378,8231,13021
"03/07/2018",5378,422298,14046
"03/07/2018",5378,204244,15934
"03/07/2018",5378,37026,18784
"03/07/2018",5378,901458,20790
"03/07/2018",5378,783828,21723
"03/07/2018",5378,865625,27027
"03/07/2018",5379,823556,28331
"03/07/2018",5379,921584,826
"03/07/2018",5379,422299,2502
"03/07/2018",5379,385919,4040
"03/07/2018",5379,671923,6106
"03/07/2018",5379,385920,7357
"03/07/2018",5379,423917,11702
"03/07/2018",5379,219024,12130
"03/07/2018",5379,32270,12993
"03/07/2018",5379,1582,13202
"03/07/2018",5379,413181,13689
"03/07/2018",5379,671922,14826
"03/07/2018",5379,996747,20438
"03/07/2018",5380,29412,64912
"03/07/2018",5380,28,449
"03/07/2018",5380,52,4264
"03/07/2018",5380,52483,15000
"03/07/2018",5380,862239,26088
"03/07/2018",5381,30312,75643
"03/07/2018",5381,121361,921
"03/07/2018",5381,11518,3524
"03/07/2018",5381,369153,6182
"03/07/2018",5381,42769,7966
"03/07/2018",5381,898869,9307
"03/07/2018",5381,756830,9958
"03/07/2018",5381,8,10782
"03/07/2018",5381,876671,12206
"03/07/2018",5381,707549,12418
"03/07/2018",5381,923991,13137
"03/07/2018",5381,728,13789
"03/07/2018",5381,212397,18097
"03/07/2018",5382,693464,19082
"03/07/2018",5382,103924,1271
"03/07/2018",5382,103925,1271
"03/07/2018",5382,770478,2725
"03/07/2018",5382,788650,3267
"03/07/2018",5382,103926,3361
"03/07/2018",5382,135336,6305
"03/07/2018",5382,44096,8567
"03/07/2018",5382,4965468,9347
"03/07/2018",5382,145394,13111
"03/07/2018",5382,748,39838
"03/07/2018",5382,42890,81974
"03/07/2018",5383,22463,97552
"03/07/2018",5383,48751,766
"03/07/2018",5383,13406,4627
"03/07/2018",5383,259676,5000
"03/07/2018",5383,499952,5000
"03/07/2018",5383,561711,7461
"03/07/2018",5383,582355,9175
"03/07/2018",5383,22,9775
"03/07/2018",5383,541105,11179
"03/07/2018",5383,959075,17225
"03/07/2018",5383,259675,19390
"03/07/2018",5383,933668,20444
"03/07/2018",5383,756572,26406
"03/07/2018",5390,6,46091
"03/08/2018",5390,33072,4447
"03/08/2018",5390,234593,10665
"03/08/2018",5390,601446,13129
"03/08/2018",5390,22735,16535
"03/08/2018",5390,994821,18512
"03/08/2018",5390,517060,27371
"03/08/2018",5391,262668,30316
"03/08/2018",5391,34674,971
"03/08/2018",5391,963276,1197
"03/08/2018",5391,121698,4141
"03/08/2018",5391,38585,8400
"03/08/2018",5391,72,11475
"03/08/2018",5391,284781,12340
"03/08/2018",5391,609322,13324
"03/08/2018",5391,197929,15668
"03/08/2018",5391,736669,19051
"03/08/2018",5391,499664,26530
"03/08/2018",5392,357822,44023
"03/08/2018",5392,443847,5487
"03/08/2018",5392,197928,5946
"03/08/2018",5392,806983,6005
"03/08/2018",5392,361724,6065
"03/08/2018",5392,99047,7679
"03/08/2018",5392,28955,11026
"03/08/2018",5392,835731,14982
"03/08/2018",5392,180113,24749
"03/08/2018",5393,105889,26423
"03/08/2018",5393,849204,1516
"03/08/2018",5393,99048,2560
"03/08/2018",5394,931391,4987
"03/08/2018",5395,27,3428
"03/08/2018",5395,135833,500
"03/08/2018",5395,90045,803
"03/08/2018",5395,409662,3468
"03/08/2018",5395,17942,6511
"03/08/2018",5395,8086,11902
"03/08/2018",5395,190258,12457
"03/08/2018",5395,857890,12717
"03/08/2018",5395,24,13580
"03/08/2018",5395,25,14152
"03/08/2018",5395,714726,16672
"03/08/2018",5395,377070,19216
"03/08/2018",5395,409663,35578
"03/08/2018",5396,7808,42754
"03/08/2018",5396,714727,1244
"03/08/2018",5396,40267,1571
"03/08/2018",5396,4667,2545
"03/08/2018",5396,914918,6035
"03/08/2018",5396,7034,6125
"03/08/2018",5396,38837,6664
"03/08/2018",5396,27226,8019
"03/08/2018",5396,17708,8439
"03/08/2018",5396,42176,10375
"03/08/2018",5396,291729,29764
"03/08/2018",5396,357821,30501
"03/08/2018",5396,659067,35431
"03/08/2018",5397,12583,104019
"03/08/2018",5397,61,1454
"03/08/2018",5397,62,3109
"03/08/2018",5397,357388,3300
"03/08/2018",5397,901385,5974
"03/08/2018",5397,872877,6215
"03/08/2018",5397,872876,6371
"03/08/2018",5397,104880,10757
"03/08/2018",5397,259782,12625
"03/08/2018",5397,5,13679
"03/08/2018",5397,901386,14237
"03/08/2018",5488,451817,18891
"13/03/2018",5417,0,2783806
"03/09/2018",5417,105729,842
"03/09/2018",5417,35285,1646
"03/09/2018",5417,102419,2450
"03/09/2018",5417,895576,15248
"03/09/2018",5417,43887,21997
"03/09/2018",5417,18922,26552
"03/09/2018",5417,327703,27081
"03/09/2018",5418,895575,39816
"03/09/2018",5418,82303,3424
"03/09/2018",5418,4847,5450
"03/09/2018",5418,303764,5984
"03/09/2018",5418,638300,6371
"03/09/2018",5418,965155,6674
"03/09/2018",5418,386310,7979
"03/09/2018",5418,638299,13362
"03/09/2018",5418,11,14070
"03/09/2018",5418,5,20505
"03/09/2018",5418,277381,21418
"03/09/2018",5418,973255,24020
"03/09/2018",5418,608385,48941
"03/09/2018",5419,625788,509000
"03/09/2018",5419,779081,459
"03/09/2018",5419,185064,1605
"03/09/2018",5419,28488,2024
"03/09/2018",5419,28487,3277
"03/09/2018",5419,536043,7322
"03/09/2018",5419,533555,8806
"03/09/2018",5419,29,16925
"03/09/2018",5419,6215,36552
"03/09/2018",5419,5247,55995
"03/09/2018",5420,13535,57623
"03/09/2018",5420,771543,2406
"03/09/2018",5420,39609,5302
"03/09/2018",5420,580292,6682
"03/09/2018",5420,74196,7188
"03/09/2018",5420,502646,9050
"03/09/2018",5420,38608,10984
"03/09/2018",5420,768166,19875
"03/09/2018",5420,693011,21512
"03/09/2018",5420,216326,24660
"03/09/2018",5420,693012,28372
"03/09/2018",5420,39608,31449
"03/09/2018",5421,331557,41933
"03/09/2018",5421,401409,1650
"03/09/2018",5421,306805,6269
"03/09/2018",5421,401410,9960
"03/09/2018",5421,771541,12381
"03/09/2018",5421,771542,13409
"03/09/2018",5421,798684,18614
"03/09/2018",5421,618879,19987
"03/09/2018",5421,176966,31243
"03/09/2018",5421,401412,42906
"03/09/2018",5421,176967,46640
"03/09/2018",5421,383647,53894
"03/09/2018",5422,637,80374
"03/09/2018",5422,857759,1377
"03/09/2018",5422,474339,1431
"03/09/2018",5422,775972,3200
"03/09/2018",5422,899824,6500
"03/09/2018",5422,58811,7049
"03/09/2018",5422,65386,9187
"03/09/2018",5422,806434,9800
"03/09/2018",5422,806433,9810
"03/09/2018",5422,44743,10487
"03/09/2018",5422,845466,11592
"03/09/2018",5422,833315,12900
"03/09/2018",5422,846101,13117
"03/09/2018",5423,863329,132022
"03/09/2018",5423,44742,2256
"03/09/2018",5423,58810,2267
"03/09/2018",5440,83855,45087
"03/10/2018",5440,883908,1779
"03/10/2018",5440,8821,4910
"03/10/2018",5440,355884,5509
"03/10/2018",5440,502907,7000
"03/10/2018",5440,340938,8629
"03/10/2018",5440,10115,9706
"03/10/2018",5440,495365,12010
"03/10/2018",5440,672413,12010
"03/10/2018",5447,478400,26404
"03/12/2018",5447,593762,4325
"03/12/2018",5447,495663,4804
"03/12/2018",5447,159814,6460
"03/12/2018",5447,58663,10147
"03/12/2018",5447,860732,11744
"03/12/2018",5449,744126,12010
"03/12/2018",5449,1318,1686
"03/12/2018",5449,295797,2258
"03/12/2018",5449,53056,2749
"03/12/2018",5449,602233,4661
"03/12/2018",5449,8883,6850
"03/12/2018",5449,1,6901
"03/12/2018",5449,182345,7638
"03/12/2018",5449,532841,8057
"03/12/2018",5449,388601,8808
"03/12/2018",5449,312,10927
"03/12/2018",5449,127905,12867
"03/12/2018",5449,532840,18094
"03/12/2018",5450,636306,32783
"03/12/2018",5450,335240,1684
"03/12/2018",5450,5,3175
"03/12/2018",5450,986862,3190
"03/12/2018",5450,165122,4704
"03/12/2018",5450,4,6326
"03/12/2018",5450,62994,8500
"03/12/2018",5450,108833,13584
"03/12/2018",5450,75547,14715
"03/12/2018",5450,159056,15165
"03/12/2018",5450,948141,15365
"03/12/2018",5450,622262,25908
"03/12/2018",5450,188523,33041
"03/12/2018",5451,8,38632
"03/12/2018",5451,6,13215
"03/12/2018",5451,52932,18163
"03/12/2018",5452,31,25000
"03/12/2018",5452,300198,719
"03/12/2018",5452,58219,1638
"03/12/2018",5452,11315,3002
"03/12/2018",5452,735805,3268
"03/12/2018",5452,7751,4341
"03/12/2018",5452,698869,4608
"03/12/2018",5452,140,5057
"03/12/2018",5452,951674,6065
"03/12/2018",5452,177690,12142
"03/12/2018",5452,244523,16400
"03/12/2018",5452,500941,18245
"03/12/2018",5452,698870,19710
"03/12/2018",5453,76489,23408
"03/12/2018",5453,882,2650
"03/12/2018",5453,711746,9036
"03/12/2018",5453,43562,11710
"03/12/2018",5453,781276,12007
"03/12/2018",5453,881,12010
"03/12/2018",5453,781273,12010
"03/12/2018",5453,6311,13487
"03/12/2018",5453,371040,18420
"03/12/2018",5453,155474,18886
"03/12/2018",5453,151979,23898
"03/12/2018",5453,349527,24161
"03/12/2018",5453,349362,33732
"03/12/2018",5454,9324,54270
"03/12/2018",5454,139039,2773
"03/12/2018",5454,139037,3626
"03/12/2018",5454,120366,6053
"03/12/2018",5454,472270,7227
"03/12/2018",5454,1677,9123
"03/12/2018",5454,20898,10758
"03/12/2018",5454,2716,21368
"03/12/2018",5454,16839,27424
"03/12/2018",5454,86747,30864
"03/12/2018",5454,472271,32043
"03/12/2018",5454,560476,32237
"03/12/2018",5455,882060,38768
"03/12/2018",5456,139034,3330
"03/12/2018",5457,489716,1531
"03/12/2018",5457,74918,2643
"03/12/2018",5459,5222227,56015
"03/12/2018",5459,182813,3634
"03/12/2018",5459,269022,5176
"03/12/2018",5459,659806,6126
"03/12/2018",5459,8,6699
"03/12/2018",5459,529472,6972
"03/12/2018",5459,277194,9276
"03/12/2018",5459,719969,15139
"03/12/2018",5459,57182,20344
"03/12/2018",5459,667153,24695
"03/12/2018",5459,989652,29992
"03/12/2018",5459,137183,41435
"03/12/2018",5459,157423,43335
"03/12/2018",5343,136683,48395
"03/06/2018",5391,17447,3513
"03/08/2018",5391,245701,3840
"03/08/2018",5435,245702,5326
"03/10/2018",5448,304527,6125
"03/12/2018",5343,154642,6830
"03/06/2018",5354,17448,12209
"03/06/2018",5382,903398,12432
"03/07/2018",5352,75612,14011
"03/06/2018",5346,193663,16509
"03/06/2018",5354,78457,24020
"03/06/2018",5347,35937,26144
"03/06/2018",5344,17449,26483
"03/06/2018",5390,12206,33806
"03/08/2018",5347,17546,60506
"03/06/2018",5460,17450,66175
"03/12/2018",5460,18,3192
"03/12/2018",5460,23,2225
"03/12/2018",5460,15103,6936
"03/12/2018",5460,222172,6766
"03/12/2018",5460,259305,5579
"03/12/2018",5436,607323,419
"03/10/2018",5436,11490,1631
"03/10/2018",5436,273337,1991
"03/10/2018",5436,541404,3977
"03/10/2018",5436,411528,6005
"03/10/2018",5436,43379,6140
"03/10/2018",5436,439108,17200
"03/10/2018",5436,777927,21262
"03/10/2018",5436,593215,30025
"03/10/2018",5436,136682,39772
"03/10/2018",5436,136684,40141
"03/10/2018",5436,751827,47335
"03/10/2018",5436,751826,51939
"03/10/2018",5437,802618,114845
"03/10/2018",5437,207540,2491
"03/10/2018",5437,5965,3002
"03/10/2018",5437,933054,3205
"03/10/2018",5437,217618,6480
"03/10/2018",5437,184628,8088
"03/10/2018",5437,386418,9501
"03/10/2018",5437,411527,12010
"03/10/2018",5437,907409,13474
"03/10/2018",5437,907408,17202
"03/10/2018",5437,454660,19500
"03/10/2018",5437,5964,20903
"03/10/2018",5437,291664,25445
"03/10/2018",5438,5963,26998
"03/10/2018",5438,881261,1463
"03/10/2018",5438,20893,6618
"03/10/2018",5438,881260,15000
"03/10/2018",5439,48727,20587
"03/10/2018",5439,687646,3668
"03/10/2018",5439,106,11104
"03/10/2018",5440,573247,14675
"03/10/2018",5456,695318,19057
"03/12/2018",5456,18,743
"03/12/2018",5456,208321,1621
"03/12/2018",5456,17,2304
"03/12/2018",5456,391752,2724
"03/12/2018",5456,444948,3181
"03/12/2018",5456,630731,5975
"03/12/2018",5456,57245,7934
"03/12/2018",5456,827035,10100
"03/12/2018",5456,14147,10842
"03/12/2018",5456,332664,13241
"03/12/2018",5456,47332,19026
"03/12/2018",5457,461549,19344
"03/12/2018",5458,391120,1531
"03/12/2018",5458,856705,27663
"03/12/2018",5458,17822,57731
"03/12/2018",5458,154699,60051
"03/12/2018",5458,338972,2051
"03/12/2018",5458,25582,2326
"03/12/2018",5458,397935,2798
"03/12/2018",5458,458274,5024
"03/12/2018",5458,130860,7300
"03/12/2018",5458,105547,7998
"03/12/2018",5458,716033,8204
"03/12/2018",5458,60652,15785
"03/12/2018",5458,919757,19614
"03/12/2018",5512,470659,21233
"14/03/2018",5477,0,2287668
"13/03/2018",5477,464913,2426
"13/03/2018",5477,3212,4157
"13/03/2018",5477,839098,1814
"13/03/2018",5477,839097,4728
"13/03/2018",5477,473470,5432
"13/03/2018",5477,19932,6044
"13/03/2018",5477,557287,6350
"13/03/2018",5477,200780,16971
"13/03/2018",5477,215575,17776
"13/03/2018",5477,495561,20490
"13/03/2018",5477,132450,55417
"13/03/2018",5477,373048,72020
"13/03/2018",5480,402122,130148
"13/03/2018",5480,719244,3483
"13/03/2018",5478,43250,18972
"13/03/2018",5478,601706,4721
"13/03/2018",5482,910126,15489
"13/03/2018",5482,836728,2399
"13/03/2018",5482,42958,3901
"13/03/2018",5482,9,4345
"13/03/2018",5482,843586,8410
"13/03/2018",5482,248707,14298
"13/03/2018",5482,111,15976
"13/03/2018",5482,1,30088
"13/03/2018",5482,430105,53487
"13/03/2018",5482,30768,58096
"13/03/2018",5482,166308,61175
"13/03/2018",5482,166309,62961
"13/03/2018",5484,214466,81430
"13/03/2018",5484,11770,2557
"13/03/2018",5484,11771,3224
"13/03/2018",5484,11773,3344
"13/03/2018",5484,11772,3388
"13/03/2018",5484,11774,3843
"13/03/2018",5485,210354,65400
"13/03/2018",5485,105638,1208
"13/03/2018",5485,48902,3040
"13/03/2018",5485,35,5410
"13/03/2018",5485,28102,6608
"13/03/2018",5485,307054,9626
"13/03/2018",5485,6350,11888
"13/03/2018",5485,61002,15484
"13/03/2018",5485,574394,17125
"13/03/2018",5485,23215,20261
"13/03/2018",5485,623987,27958
"13/03/2018",5485,670979,27993
"13/03/2018",5485,42804,31092
"13/03/2018",5487,9,32485
"13/03/2018",5487,8605,133
"13/03/2018",5487,4716,243
"13/03/2018",5487,3371,979
"13/03/2018",5487,30796,1074
"13/03/2018",5487,28823,3798
"13/03/2018",5487,898431,9095
"13/03/2018",5487,500785,9339
"13/03/2018",5487,819171,28248
"13/03/2018",5543,1256666,59376
"15/03/2018",5419,0,2942995
"03/09/2018",5486,40213,304750
"13/03/2018",5487,131095,12402
"13/03/2018",5487,6803,978
"13/03/2018",5487,449527,1006
"13/03/2018",5509,291162,3003
"14/03/2018",5510,195972,11115
"14/03/2018",5420,5304,6406
"03/09/2018",5423,126236,4076
"03/09/2018",5447,138441,9000
"03/12/2018",5505,174009,5553
"14/03/2018",4576,211495,21619
"27/01/2018",4576,5682,13876
"27/01/2018",4576,6294,12502
"27/01/2018",4576,368551,7314
"27/01/2018",4576,430173,8336
"27/01/2018",4576,430174,12580
"27/01/2018",4576,527956,29009
"27/01/2018",4576,581254,7999
"27/01/2018",5421,794698,6879
"03/09/2018",5479,54452,9350
"13/03/2018",5480,516308,4098
"13/03/2018",5480,136595,1612
"13/03/2018",5480,882200,3397.3
"13/03/2018",5480,7347835,4894
"13/03/2018",5480,136594,7571
"13/03/2018",5480,424354,9411
"13/03/2018",5480,752711,16252
"13/03/2018",5480,269623,19832
"13/03/2018",5480,43249,24176
"13/03/2018",5480,668776,24510
"13/03/2018",5480,924329,29109
"13/03/2018",5481,757803,54274
"13/03/2018",5481,578410,669
"13/03/2018",5481,452092,5088
"13/03/2018",5481,9,5180
"13/03/2018",5481,556263,5602
"13/03/2018",5481,489114,8458
"13/03/2018",5481,277998,10394
"13/03/2018",5481,325685,12123
"13/03/2018",5481,220170,12521
"13/03/2018",5481,2153,13076
"13/03/2018",5481,881224,13693
"13/03/2018",5481,650659,19080
"13/03/2018",5481,8064,23047
"13/03/2018",5482,903560,54619
"13/03/2018",5483,271132,3500
"13/03/2018",5483,139033,1445
"13/03/2018",5483,139038,3042
"13/03/2018",5483,177337,3179
"13/03/2018",5483,60444,7017
"13/03/2018",5483,11777,12231
"13/03/2018",5483,964918,14427
"13/03/2018",5483,69989,25239
"13/03/2018",5483,11061,27677
"13/03/2018",5483,630346,38599
"13/03/2018",5483,11778,39813
"13/03/2018",5483,417696,44575
"13/03/2018",5483,403450,44610
"13/03/2018",5486,346313,62592
"13/03/2018",5486,211637,652
"13/03/2018",5486,162993,2412
"13/03/2018",5486,17977,3137
"13/03/2018",5486,757209,6071
"13/03/2018",5486,600107,7206
"13/03/2018",5486,727413,7984
"13/03/2018",5486,5,9608
"13/03/2018",5486,643813,10655
"13/03/2018",5486,595550,45260
"13/03/2018",5486,595549,50421
"13/03/2018",5486,584891,55438
"13/03/2018",5501,584892,76160
"14/03/2018",5501,607325,4753
"14/03/2018",5501,39092,4830
"14/03/2018",5501,821915,9794
"14/03/2018",5501,819383,12214
"14/03/2018",5502,913248,29156
"14/03/2018",5503,218088,44610
"14/03/2018",5503,392082,2450
"14/03/2018",5503,670866,3872
"14/03/2018",5503,29044,6474
"14/03/2018",5503,473474,6694
"14/03/2018",5503,473475,6694
"14/03/2018",5503,45110,9141
"14/03/2018",5503,138391,12440
"14/03/2018",5503,108660,15195
"14/03/2018",5503,79744,16249
"14/03/2018",5503,296424,17982
"14/03/2018",5503,15,31956
"14/03/2018",5503,123,36563
"14/03/2018",5504,466291,45102
"14/03/2018",5504,489106,1295
"14/03/2018",5504,489107,1299
"14/03/2018",5504,735804,1621
"14/03/2018",5504,164800,4989
"14/03/2018",5504,355692,8297
"14/03/2018",5504,18152,10000
"14/03/2018",5504,188743,10232
"14/03/2018",5504,884201,10404
"14/03/2018",5504,281299,16738
"14/03/2018",5504,72721,16870
"14/03/2018",5504,10013,22240
"14/03/2018",5506,781632,27326
"14/03/2018",5507,744350,6065
"14/03/2018",5507,677023,836
"14/03/2018",5507,599726,1021
"14/03/2018",5507,677019,1644
"14/03/2018",5507,134669,3156
"14/03/2018",5507,244880,3325
"14/03/2018",5507,92142,3360
"14/03/2018",5507,677021,6215
"14/03/2018",5507,859676,6577
"14/03/2018",5507,630378,6695
"14/03/2018",5507,617081,7119
"14/03/2018",5507,510161,10879
"14/03/2018",5507,24741,11480
"14/03/2018",5508,53282,12010
"14/03/2018",5508,412754,3186
"14/03/2018",5508,866474,6070
"14/03/2018",5508,106468,7549
"14/03/2018",5508,372631,9608
"14/03/2018",5508,474447,11119
"14/03/2018",5508,348,16360
"14/03/2018",5508,39986,18371
"14/03/2018",5508,350,34400
"14/03/2018",5508,351,44872
"14/03/2018",5509,152444,50028
"14/03/2018",5509,817331,1238
"14/03/2018",5509,813766,3032
"14/03/2018",5509,253678,3435
"14/03/2018",5509,108654,4355
"14/03/2018",5509,181162,6420
"14/03/2018",5509,6,8085
"14/03/2018",5509,25823,9827
"14/03/2018",5509,758271,12712
"14/03/2018",5509,296153,17196
"14/03/2018",5509,678115,18907
"14/03/2018",5509,328716,34461
"14/03/2018",5510,7807,42754
"14/03/2018",5510,396544,2530
"14/03/2018",5510,470609,2853
"14/03/2018",5510,988494,2894
"14/03/2018",5510,152795,3062
"14/03/2018",5510,27813,4196
"14/03/2018",5510,47061,5047
"14/03/2018",5510,470610,5047
"14/03/2018",5510,29928,5240
"14/03/2018",5510,55100,6115
"14/03/2018",5510,630610,8214
"14/03/2018",5510,391135,35000
"14/03/2018",5511,867616,40624
"14/03/2018",5511,831001,39186
"14/03/2018",5511,511931,45982
"14/03/2018",5511,3,110855
"14/03/2018",5531,7052854,110877
"15/03/2018",5531,37781,1028
"15/03/2018",5531,225653,4086
"15/03/2018",5532,35010,52318
"15/03/2018",5532,793170,980
"15/03/2018",5532,65756,1040
"15/03/2018",5532,56242,1490
"15/03/2018",5532,609413,6411
"15/03/2018",5532,45779,6834
"15/03/2018",5532,44394,7310
"15/03/2018",5532,9490,7990
"15/03/2018",5532,437482,8099
"15/03/2018",5532,226673,9142
"15/03/2018",5532,38,11863
"15/03/2018",5532,135834,16512
"15/03/2018",5532,204851,25323
"15/03/2018",5533,544556,62616
"15/03/2018",5533,47257,3620
"15/03/2018",5533,388418,4944
"15/03/2018",5533,58814,5161
"15/03/2018",5533,23581,5580
"15/03/2018",5533,23580,8425
"15/03/2018",5533,142967,8439
"15/03/2018",5533,792987,10000
"15/03/2018",5533,44744,13228
"15/03/2018",5533,58812,16418
"15/03/2018",5533,52135,16744
"15/03/2018",5533,759863,18294
"15/03/2018",5533,759862,18859
"15/03/2018",5534,430912,27848
"15/03/2018",5534,911708,7481
"15/03/2018",5534,428534,8972
"15/03/2018",5534,422997,10824
"15/03/2018",5534,112,16340
"15/03/2018",5534,35,21638
"15/03/2018",5535,111,48540
"15/03/2018",5536,990222,4161
"15/03/2018",5536,240,1513
"15/03/2018",5536,334814,1531
"15/03/2018",5536,30579,2151
"15/03/2018",5536,453023,2769
"15/03/2018",5536,544415,3002
"15/03/2018",5536,4643,5000
"15/03/2018",5536,34002,8156
"15/03/2018",5536,4642,10500
"15/03/2018",5536,453024,12193
"15/03/2018",5536,653975,14599
"15/03/2018",5536,598201,17126
"15/03/2018",5536,202983,20711
"15/03/2018",5537,598221,33616
"15/03/2018",5537,25,2426
"15/03/2018",5537,446871,3944
"15/03/2018",5537,66778,4822
"15/03/2018",5537,268061,5309
"15/03/2018",5537,3981,5991
"15/03/2018",5537,1795,10412
"15/03/2018",5537,446872,13102
"15/03/2018",5538,52,34911
"15/03/2018",5538,770058,2000
"15/03/2018",5538,977881,2377
"15/03/2018",5538,252377,2545
"15/03/2018",5538,320095,3574
"15/03/2018",5538,561787,8421
"15/03/2018",5538,31289,10000
"15/03/2018",5538,428535,10044
"15/03/2018",5538,142744,22373
"15/03/2018",5538,736223,23685
"15/03/2018",5538,736222,24291
"15/03/2018",5538,20498,29082
"15/03/2018",5538,29030,34024
"15/03/2018",5539,105867,42025
"15/03/2018",5539,735803,1608
"15/03/2018",5539,258069,3030
"15/03/2018",5539,102420,5802
"15/03/2018",5539,159606,5959
"15/03/2018",5539,58,6005
"15/03/2018",5539,53463,6005
"15/03/2018",5539,325063,6005
"15/03/2018",5539,20488,6708
"15/03/2018",5539,97,9110
"15/03/2018",5539,200861,9927
"15/03/2018",5539,182664,11190
"15/03/2018",5539,642554,51504
"15/03/2018",5541,491472,89997
"15/03/2018",5541,218576,4031
"15/03/2018",5542,53464,22403
"15/03/2018",5542,16403,5779
"15/03/2018",5542,61402,5795
"15/03/2018",5542,622263,10000
"15/03/2018",5542,55087,12300
"15/03/2018",5542,27511,18501
"15/03/2018",5542,3413,20000
"15/03/2018",5542,10294,65000
"15/03/2018",5542,116522,90000
"15/03/2018",5542,194307,346000
"15/03/2018",5542,4025,540000
"15/03/2018",5550,10,567800
"16/03/2018",5550,94822,917
"16/03/2018",5550,36511,2586
"16/03/2018",5550,973905,5873
"16/03/2018",5550,645734,6944
"16/03/2018",5550,13,7079
"16/03/2018",5550,34107,7574
"16/03/2018",5550,14,11562
"16/03/2018",5550,182814,14436
"16/03/2018",5550,647365,20083
"16/03/2018",5550,9626,30007
"16/03/2018",5550,157,34517
"16/03/2018",5550,582073,46271
"16/03/2018",5551,399534,46900
"16/03/2018",5551,840479,2264
"16/03/2018",5551,715566,5156
"16/03/2018",5551,162380,6085
"16/03/2018",5551,697196,6427
"16/03/2018",5551,622586,6664
"16/03/2018",5551,337624,7518
"16/03/2018",5551,2534,7629
"16/03/2018",5551,722694,8929
"16/03/2018",5551,845472,8980
"16/03/2018",5551,80959,10000
"16/03/2018",5551,529224,15000
"16/03/2018",5551,231235,19193
"16/03/2018",5552,246316,37661
"16/03/2018",5552,288265,981
"16/03/2018",5552,476630,1337
"16/03/2018",5552,182815,3027
"16/03/2018",5552,139261,4005
"16/03/2018",5552,884762,5108
"16/03/2018",5552,719831,6392
"16/03/2018",5552,560640,8923
"16/03/2018",5552,479089,15967
"16/03/2018",5552,757427,27424
"16/03/2018",5552,479088,36186
"16/03/2018",5552,397198,37055
"16/03/2018",5552,93187,56679
"16/03/2018",5554,1,83315
"16/03/2018",5554,295723,5486
"16/03/2018",5554,9399,5771
"16/03/2018",5554,648023,6064
"16/03/2018",5555,9171188,7432
"16/03/2018",5555,463267,1702
"16/03/2018",5555,306806,4027
"16/03/2018",5555,967542,7193
"16/03/2018",5555,862268,7221
"16/03/2018",5555,761009,10000
"16/03/2018",5555,533265,12435
"16/03/2018",5555,516851,12806
"16/03/2018",5555,361727,14078
"16/03/2018",5555,553572,21570
"16/03/2018",5555,62603,22177
"16/03/2018",5555,305003,22617
"16/03/2018",5555,456344,23639
"16/03/2018",5556,983816,30401
"16/03/2018",5557,39688,5218
"16/03/2018",5557,11629,1647
"16/03/2018",5557,484255,6585
"16/03/2018",5557,484256,6585
"16/03/2018",5557,117396,7838
"16/03/2018",5557,126627,10833
"16/03/2018",5557,61588,12010
"16/03/2018",5557,529112,13679
"16/03/2018",5557,796191,15072
"16/03/2018",5557,250408,24413
"16/03/2018",5558,875420,750000
"16/03/2018",5585,0,2102250
"17/03/2018",5585,36628,3556
"17/03/2018",5585,30098,3600
"17/03/2018",5585,39342,3600
"17/03/2018",5585,135672,4804
"17/03/2018",5585,18785,29941
"17/03/2018",5586,2254,45503
"17/03/2018",5586,457040,1681
"17/03/2018",5586,693780,1696
"17/03/2018",5586,498686,11330
"17/03/2018",5586,45,11643
"17/03/2018",5586,479628,15154
"17/03/2018",5587,349,16505
"17/03/2018",5587,871072,2068
"17/03/2018",5587,833238,7920
"17/03/2018",5587,732161,10487
"17/03/2018",5587,732162,13143
"17/03/2018",5587,36485,16628
"17/03/2018",5587,448330,21446
"17/03/2018",5587,373514,22643
"17/03/2018",5587,48538,24461
"17/03/2018",5587,55180,24797
"17/03/2018",5587,55181,28968
"17/03/2018",5587,533266,42820
"17/03/2018",5587,983815,58265
"17/03/2018",5588,864629,60050
"17/03/2018",5588,460080,2787
"17/03/2018",5588,17109,4321
"17/03/2018",5588,747376,12429
"17/03/2018",5588,56323,12510
"17/03/2018",5588,52610,13125
"17/03/2018",5588,32311,15554
"17/03/2018",5588,517061,17104
"17/03/2018",5588,716185,17174
"17/03/2018",5588,291484,29594
"17/03/2018",5589,339445,31728
"17/03/2018",5589,206692,1055
"17/03/2018",5589,1607881,2300
"17/03/2018",5589,16,3474
"17/03/2018",5589,160882,3523
"17/03/2018",5589,399,7687
"17/03/2018",5589,79486,8783
"17/03/2018",5589,20,8958
"17/03/2018",5589,33,11991
"17/03/2018",5589,316519,12425
"17/03/2018",5589,45310,13414
"17/03/2018",5589,30,31912
"17/03/2018",5589,449016,44602
"17/03/2018",5590,449015,48366
"17/03/2018",5590,650335,4399
"17/03/2018",5590,650333,4563
"17/03/2018",5590,524206,5090
"17/03/2018",5590,243436,5404
"17/03/2018",5590,243433,5493
"17/03/2018",5590,488575,5512
"17/03/2018",5590,9966,10888
"17/03/2018",5590,488573,11788
"17/03/2018",5590,488574,14524
"17/03/2018",5590,988751,18569
"17/03/2018",5590,243435,18816
"17/03/2018",5590,260288,29044
"17/03/2018",5591,882751,30605
"17/03/2018",5591,212601,594
"17/03/2018",5591,4600,1837
"17/03/2018",5591,212602,3150
"17/03/2018",5591,37356,3517
"17/03/2018",5591,4734,5000
"17/03/2018",5591,16441,6005
"17/03/2018",5591,408454,6562
"17/03/2018",5591,846577,8700
"17/03/2018",5591,237616,10306
"17/03/2018",5591,747696,10803
"17/03/2018",5591,806773,12425
"17/03/2018",5591,58288,24292
"17/03/2018",5592,290617,33416
"17/03/2018",5593,2,12963
"17/03/2018",5621,0,1245814
"19/03/2018",5621,356983,7624
"19/03/2018",5621,120336,11751
"19/03/2018",5621,263656,20861
"19/03/2018",5622,61452,29364
"19/03/2018",5623,33062,16287
"19/03/2018",5623,839994,1531
"19/03/2018",5623,920322,1762
"19/03/2018",5623,919362,4201
"19/03/2018",5623,221362,4245
"19/03/2018",5623,561231,6005
"19/03/2018",5623,488576,8624
"19/03/2018",5623,26683,10785
"19/03/2018",5623,488577,14596
"19/03/2018",5623,740132,15051
"19/03/2018",5623,332014,16340
"19/03/2018",5623,488578,19305
"19/03/2018",5623,294379,27768
"19/03/2018",5624,982399,39975
"19/03/2018",5624,586193,2700
"19/03/2018",5624,477878,3164
"19/03/2018",5624,152323,4258
"19/03/2018",5624,6371,14214
"19/03/2018",5625,585107,31051
"19/03/2018",5626,558442,15737
"19/03/2018",5626,465941,1784
"19/03/2018",5626,99321,2426
"19/03/2018",5626,99320,3041
"19/03/2018",5626,243432,3109
"19/03/2018",5626,232230,6583
"19/03/2018",5626,228964,9200
"19/03/2018",5626,753,10069
"19/03/2018",5626,55453,26600
"19/03/2018",5626,1779,29617
"19/03/2018",5626,363980,32140
"19/03/2018",5626,263715,48365
"19/03/2018",5626,363979,72060
"19/03/2018",5627,317957,500000
"19/03/2018",5627,102469,890
"19/03/2018",5627,397263,1295
"19/03/2018",5627,950459,3429
"19/03/2018",5627,737180,3696
"19/03/2018",5627,490297,4201
"19/03/2018",5627,397262,7000
"19/03/2018",5627,133545,10064
"19/03/2018",5627,191050,12010
"19/03/2018",5627,363884,12010
"19/03/2018",5627,75682,13872
"19/03/2018",5627,612395,24885
"19/03/2018",5627,394368,31140
"19/03/2018",5628,583387,64996
"19/03/2018",5628,686499,1219
"19/03/2018",5628,399317,6467
"19/03/2018",5628,303831,6723
"19/03/2018",5629,303341,23416
"19/03/2018",5630,190013,8944
"19/03/2018",5631,901460,23478
"19/03/2018",5631,13809,1290
"19/03/2018",5631,259983,1422
"19/03/2018",5631,587285,6501
"19/03/2018",5631,12,7614
"19/03/2018",5631,758565,7803
"19/03/2018",5631,3439,8181
"19/03/2018",5631,463967,12122
"19/03/2018",5631,463966,15108
"19/03/2018",5631,178377,15657
"19/03/2018",5631,8045,24604
"19/03/2018",5631,161906,30025
"19/03/2018",5631,435208,30694.41
"19/03/2018",5632,446889,44478
"19/03/2018",5632,726591,3090
"19/03/2018",5632,263511,4404
"19/03/2018",5632,29904,5116
"19/03/2018",5632,294592,6765
"19/03/2018",5632,294593,6931
"19/03/2018",5632,10040,10146
"19/03/2018",5632,66,14556
"19/03/2018",5632,122382,15866
"19/03/2018",5632,803809,30325
"19/03/2018",5632,165830,34952
"19/03/2018",5632,6,36060
"19/03/2018",5632,858588,42819
"19/03/2018",5633,865370,79323
"19/03/2018",5633,345977,594
"19/03/2018",5633,446327,3335
"19/03/2018",5633,715739,3474
"19/03/2018",5633,344263,4779
"19/03/2018",5633,33,5150
"19/03/2018",5633,23801,7097
"19/03/2018",5633,192655,7328
"19/03/2018",5633,298369,7828
"19/03/2018",5633,81557,11151
"19/03/2018",5633,8290,12010
"19/03/2018",5633,751396,5219
"19/03/2018",5633,847008,6012
"19/03/2018",5634,847009,9187
"19/03/2018",5634,3795,2802
"19/03/2018",5634,22243,66668
"19/03/2018",5634,22244,31090
"19/03/2018",5634,102207,7169
"19/03/2018",5634,102208,3729
"19/03/2018",5634,128441,6005
"19/03/2018",5634,241196,21055
"19/03/2018",5634,245701,8833
"19/03/2018",5634,373705,8906
"19/03/2018",5634,538527,12334
"19/03/2018",5634,548716,31223
"19/03/2018",5634,627325,6791
"19/03/2018",5636,833611,594
"19/03/2018",5650,0,2765736
"20/03/2018",5650,3,8711
"20/03/2018",5650,4,6406
"20/03/2018",5650,22,26352
"20/03/2018",5650,58278,6893
"20/03/2018",5650,79220,32289
"20/03/2018",5650,127354,18276
"20/03/2018",5650,476926,63384
"20/03/2018",5650,670154,40466
"20/03/2018",5650,670155,19500
"20/03/2018",5650,672429,35135
"20/03/2018",5650,784456,1248
"20/03/2018",5650,952056,7626
"20/03/2018",5651,952057,24020
"20/03/2018",5651,48226,10004
"20/03/2018",5651,208536,1551
"20/03/2018",5651,379392,28971
"20/03/2018",5651,379393,15988
"20/03/2018",5651,379394,15728
"20/03/2018",5651,379396,13752
"20/03/2018",5651,379397,12913
"20/03/2018",5651,426788,4099
"20/03/2018",5651,482887,27564
"20/03/2018",5651,579421,60050
"20/03/2018",5652,662870,17950
"20/03/2018",5652,104109,14035
"20/03/2018",5653,978414,20671
"20/03/2018",5653,11,4879
"20/03/2018",5653,32,5754
"20/03/2018",5653,5816,14425
"20/03/2018",5653,26003,516
"20/03/2018",5653,147078,20671
"20/03/2018",5653,168019,29617
"20/03/2018",5653,256263,410
"20/03/2018",5653,271287,7046
"20/03/2018",5653,389043,76937
"20/03/2018",5653,488685,2683
"20/03/2018",5653,580959,6772
"20/03/2018",5653,846445,10788
"20/03/2018",5654,932543,8269
"20/03/2018",5654,9320,11424
"20/03/2018",5654,9321,9608
"20/03/2018",5654,9873,32213
"20/03/2018",5654,11219,1516
"20/03/2018",5654,41409,3776
"20/03/2018",5654,211636,3374
"20/03/2018",5654,245328,2656
"20/03/2018",5654,251573,18927
"20/03/2018",5654,460082,7647
"20/03/2018",5654,522966,4864
"20/03/2018",5654,563621,48774
"20/03/2018",5654,733296,7580
"20/03/2018",5655,733339,6005
"20/03/2018",5655,33274,6105
"20/03/2018",5655,42710,2500
"20/03/2018",5655,523181,5199
"20/03/2018",5655,551631,10925
"20/03/2018",5655,563617,10820
"20/03/2018",5655,563618,10836
"20/03/2018",5655,563619,27881
"20/03/2018",5656,563620,12653
"20/03/2018",5656,14,3062
"20/03/2018",5656,13350,924
"20/03/2018",5656,54420,12713
"20/03/2018",5656,210370,5760
"20/03/2018",5656,306544,746
"20/03/2018",5656,386326,13265
"20/03/2018",5656,386327,24613
"20/03/2018",5656,498687,7226
"20/03/2018",5656,539960,5054
"20/03/2018",5656,646669,14808
"20/03/2018",5656,805276,8420
"20/03/2018",5656,969787,17436
"20/03/2018",5657,1319111,11178
"20/03/2018",5657,153,23888
"20/03/2018",5657,4678,994
"20/03/2018",5657,34849,1057
"20/03/2018",5657,43252,243
"20/03/2018",5658,538442,4251
"20/03/2018",5676,0,2803731
"21/03/2018",5676,41,3939
"21/03/2018",5676,762,20042
"21/03/2018",5676,2742,11514
"21/03/2018",5676,10172,25200
"21/03/2018",5676,27960,14770
"21/03/2018",5676,185564,2102
"21/03/2018",5676,257588,3181
"21/03/2018",5676,274411,11524
"21/03/2018",5676,274412,919
"21/03/2018",5676,615623,4223
"21/03/2018",5676,658807,495872
"21/03/2018",5676,667055,13687
"21/03/2018",5677,976664,5099
"21/03/2018",5677,18,911
"21/03/2018",5677,41,1148
"21/03/2018",5677,19590,20168
"21/03/2018",5677,26509,2526
"21/03/2018",5677,26510,3535
"21/03/2018",5677,37854,33104
"21/03/2018",5677,60175,19969
"21/03/2018",5677,60937,12867
"21/03/2018",5677,181081,12497
"21/03/2018",5678,658806,110438
"21/03/2018",5678,9324,12010
"21/03/2018",5678,14178,25156
"21/03/2018",5678,82948,13957
"21/03/2018",5678,149073,5697
"21/03/2018",5678,391367,55478
"21/03/2018",5678,396574,25067
"21/03/2018",5678,467741,44570
"21/03/2018",5678,645434,8278
"21/03/2018",5678,680091,60875
"21/03/2018",5678,680092,8750
"21/03/2018",5678,754430,23391
"21/03/2018",5678,793466,24421
"21/03/2018",5679,827078,1433
"21/03/2018",5679,1910,5156
"21/03/2018",5679,3192,5881
"21/03/2018",5679,103781,25826
"21/03/2018",5679,138412,10520
"21/03/2018",5679,190045,15596
"21/03/2018",5679,309013,20975
"21/03/2018",5679,374604,20112
"21/03/2018",5679,379200,16029
"21/03/2018",5679,405049,39413
"21/03/2018",5679,630449,7128
"21/03/2018",5679,703066,12598
"21/03/2018",5679,797165,25152
"21/03/2018",5680,912859,24829
"21/03/2018",5680,682774,12377
"21/03/2018",5681,716642,24891
"21/03/2018",5682,705367,76465
"21/03/2018",5682,46319,7225
"21/03/2018",5682,192949,18715
"21/03/2018",5682,192950,14686
"21/03/2018",5682,398102,9121
"21/03/2018",5682,518150,5722
"21/03/2018",5682,538443,26640
"21/03/2018",5682,565177,101022
"21/03/2018",5682,568885,7688
"21/03/2018",5682,568886,7414
"21/03/2018",5682,568887,15978
"21/03/2018",5682,695216,6415
"21/03/2018",5682,771314,19038
"21/03/2018",5683,19032018,6053
"21/03/2018",5683,4,7624
"21/03/2018",5683,231861,6584
"21/03/2018",5684,231931,22414
"21/03/2018",5684,77,9419
"21/03/2018",5684,117,6125
"21/03/2018",5684,198,14888
"21/03/2018",5684,284,11714
"21/03/2018",5684,5889,1531
"21/03/2018",5684,16789,1243
"21/03/2018",5684,19511,4718
"21/03/2018",5684,60611,1440
"21/03/2018",5684,69459,4491
"21/03/2018",5684,83982,12682
"21/03/2018",5684,669387,10593
"21/03/2018",5684,909860,2719
"21/03/2018",5685,947305,18846
"21/03/2018",5685,35,11374
"21/03/2018",5685,102,50724
"21/03/2018",5685,139,6390
"21/03/2018",5685,382,83858
"21/03/2018",5685,383,24020
"21/03/2018",5685,384,27642
"21/03/2018",5685,93805,23329
"21/03/2018",5685,105550,11447
"21/03/2018",5685,267012,13487
"21/03/2018",5685,485561,12010
"21/03/2018",5685,741506,12130
"21/03/2018",5685,869123,8375
"21/03/2018",5686,945934,17742
"21/03/2018",5686,5,6764
"21/03/2018",5686,35,7903
"21/03/2018",5686,124,6041
"21/03/2018",5686,27730,42304
"21/03/2018",5686,154351,4082
"21/03/2018",5686,369651,20931
"21/03/2018",5686,393495,11940
"21/03/2018",5686,658256,4200
"21/03/2018",5686,680197,2688
"21/03/2018",5686,682291,8715
"21/03/2018",5686,685307,3773
"21/03/2018",5686,706918,70834
"21/03/2018",5687,706919,49208
"21/03/2018",5687,26,17682
"21/03/2018",5687,10890,4285
"21/03/2018",5687,132687,12798
"21/03/2018",5694,132688,7582
"22/03/2018",5694,78,62428
"22/03/2018",5694,15162,60535
"22/03/2018",5694,291666,74066
"22/03/2018",5694,443369,79753
"22/03/2018",5694,493480,3702
"22/03/2018",5695,736670,17334
"22/03/2018",,0,2701210
