"DATE","paySlip","CHEQUE NO.","Amount"
"03-01-2018","PAY IN SLIP-5229",375822,1261
"03-01-2018","PAY IN SLIP-5229",375821,1300
"03-01-2018","PAY IN SLIP-5229",7752,2205
"03-01-2018","PAY IN SLIP-5229",254,7596
"03-01-2018","PAY IN SLIP-5229",239,7800
"03-01-2018","PAY IN SLIP-5229",5737,10171
"03-01-2018","PAY IN SLIP-5229",269526,11381
"03-01-2018","PAY IN SLIP-5229",918439,15445
"03-01-2018","PAY IN SLIP-5229",754417,31859
"03-01-2018","PAY SLIP 5230",165920,19163
"03-01-2018","PAY SLIP 5230",44181,33787
"03-01-2018","PAY SLIP 5230",199007,59491
"03-01-2018","PAY SLIP 5230",980346,2731
"03-01-2018","PAY SLIP 5230",457323,4290
"03-01-2018","PAY SLIP 5230",139184,14993
"03-01-2018","PAY SLIP 5230",7754,2187
"03-01-2018","PAY SLIP 5230",671728,2143
"03-01-2018","PAY SLIP 5230",659407,76800
"03-01-2018","PAY SLIP 5230",7753,2170
"03-01-2018","PAY SLIP 5231",400494,8495
"03-01-2018","PAY SLIP 5231",988470,8896
"03-01-2018","PAY SLIP 5231",827326,13193
"03-01-2018","PAY SLIP 5231",890187,14555
"03-01-2018","PAY SLIP 5231",170176,7374
"03-01-2018","PAY SLIP 5231",160778,17039
"03-01-2018","PAY SLIP 5231",6213,7632
"03-01-2018","PAY SLIP 5231",883776,3002
"03-01-2018","PAY SLIP 5231",94189,24457
"03-01-2018","PAY SLIP 5232",373,1232
"03-01-2018","PAY SLIP 5232",6755,4627
"03-01-2018","PAY SLIP 5232",608060,5185
"03-01-2018","PAY SLIP 5232",374,14681
"03-01-2018","PAY SLIP 5232",33,15994
"03-01-2018","PAY SLIP 5232",218131,22918
"03-01-2018","PAY SLIP 5232",417,26559
"03-01-2018","PAY SLIP 5232",375,28500
"03-01-2018","PAY SLIP 5232",370224,32819
"03-01-2018","PAY SLIP 5232",418,36551
"03-01-2018","PAY SLIP 5232",416,42315
"03-01-2018","PAY SLIP 5233",507976,5345
"03-01-2018","PAY SLIP 5233",450480,4147
"03-01-2018","PAY SLIP 5233",337653,55673
"03-01-2018","PAY SLIP 5233",662925,15922
"03-01-2018","PAY SLIP 5233",490199,7092
"03-01-2018","PAY SLIP 5233",19915,3909
"03-01-2018","PAY SLIP 5233",196917,8064
"03-01-2018","PAY SLIP 5233",6,5306
"03-01-2018","PAY SLIP 5233",56322,46620
"03-01-2018","PAY SLIP 5233",756771,2406
"03-01-2018","PAY SLIP 5233",910066,7297
"03-01-2018","PAY SLIP 5233",16126,11527
"03-01-2018","PAY SLIP 5234",40964,15582
"03-01-2018","PAY SLIP 5234",26732,18401
"03-01-2018","PAY SLIP 5234",14403,48296
"03-01-2018","PAY SLIP 5234",70304,15138
"03-01-2018","PAY IN SLIP-5223",1852,9542
"03-01-2018","PAY IN SLIP-5223",3690,23295
"03-01-2018","PAY IN SLIP-5223",363284,9374
"03-01-2018","PAY IN SLIP-5223",648304,12284
"03-01-2018","PAY IN SLIP-5223",22782,6102
"03-01-2018","PAY IN SLIP-5223",185757,18086
"03-01-2018","PAY IN SLIP-5223",967716,32120
"03-01-2018","PAY IN SLIP-5223",888431,10192
"03-01-2018","PAY IN SLIP-5223",163468,67865
"03-01-2018","PAY IN SLIP-5223",80808,20055
"03-01-2018","PAY IN SLIP-5223",11296,15012
"03-01-2018","PAY IN SLIP-5225",429200,6780
"03-01-2018","PAY IN SLIP-5225",631809,7508
"03-01-2018","PAY IN SLIP-5225",22751,6878
"03-01-2018","PAY IN SLIP-5225",830791,13861
"03-01-2018","PAY IN SLIP-5225",584911,130978
"03-01-2018","PAY IN SLIP-5225",12,13845
"03-01-2018","PAY IN SLIP-5225",753842,3622
"03-01-2018","PAY IN SLIP-5225",1,4751
"03-01-2018","PAY IN SLIP-5225",104656,36259
"03-01-2018","PAY IN SLIP-5225",47951,11501
"03-01-2018","PAY IN SLIP-5225",987779,24020
"03-01-2018","PAY IN SLIP-5225",697564,106321
"03-01-2018","PAY IN SLIP-5225",185758,16679
"03-01-2018","PAY IN SLIP-5226",13,31034
"03-01-2018","PAY IN SLIP-5226",553832,12387
"03-01-2018","PAY IN SLIP-5226",300657,14416
"03-01-2018","PAY IN SLIP-5226",183420,6726
"03-01-2018","PAY IN SLIP-5226",294643,6125
"03-01-2018","PAY IN SLIP-5226",662106,33856
"03-01-2018","PAY IN SLIP-5226",260704,40596
"03-01-2018","PAY IN SLIP-5226",145259,20739
"03-01-2018","PAY IN SLIP-5226",247813,30325
"03-01-2018","PAY IN SLIP-5226",536042,4530
"03-01-2018","PAY IN SLIP-5226",96046,12010
"03-01-2018","PAY IN SLIP-5226",27699,24003
"03-01-2018","PAY IN SLIP-5226",913404,11790
"03-01-2018","PAY IN SLIP-5227",913403,3592
"03-01-2018","PAY IN SLIP-5227",932582,48952
"03-01-2018","PAY IN SLIP-5227",932583,42742
"03-01-2018","PAY IN SLIP-5227",2524,43849
"03-01-2018","PAY IN SLIP-5227",2,14909
"03-01-2018","PAY IN SLIP-5228",15,20477
"03-01-2018","PAY IN SLIP-5228",137599,8403
"03-01-2018","PAY IN SLIP-5228",817982,2800
"03-01-2018","PAY IN SLIP-5228",861624,9740
"03-01-2018","PAY IN SLIP-5228",268057,1837
"03-01-2018","PAY IN SLIP-5228",11,14318
"03-01-2018","PAY IN SLIP-5228",778836,8759
"03-01-2018","PAY IN SLIP-5228",698994,1273
"03-01-2018","PAY IN SLIP-5228",432175,10840
"03-01-2018","PAY IN SLIP-5228",249109,2275
"03-01-2018","PAY IN SLIP-5228",249108,614
"03-01-2018","PAY IN SLIP-5228",113595,21671
"03-01-2018","PAY IN SLIP-5228",58284,23859
"03-01-2018","PAY IN SLIP-5229",428384,3604
"03-01-2018","PAY IN SLIP-5229",865258,16731
"03-01-2018","PAY IN SLIP-5229",505058,6065
"03-01-2018","CMS/LICHO/CASH/523   /21680204",0,4328849
"03-05-2018","CHQ NO 23586/327356/26932/128808/327353",0,60197
"03-05-2018","CMS/LICHO/CASH/523   /21680276",0,655197
"03-06-2018","CMS/LICHO/CASH/523   /21680205",0,2723620
"03-07-2018","CMS/LICHO/CASH/523   /1680277",0,2823946
"03-08-2018","LICI BHAGALPUR BRANCH-1 ACCOUNT-2",0,10000
"03-08-2018","PANCHA NAND MANDAL",0,96548
"03-08-2018","SANJAY BISWAS",0,12482
"03-08-2018","NAKUL PRASAD SINGH",0,3210
"03-08-2018","SANJEEV KUMAR MISHRA",0,3433
"03-08-2018","MITALI MIKHERJEE",0,29699
"03-08-2018","SHIV NARAYAN SAH",0,1759
"03-08-2018","BINOD KUMAR ROY",0,6154
"03-08-2018","ROYAL SILK ERA",0,28811
"03-08-2018","MOHAMMAD SHAMSHER ANSARI",0,3215
"03-08-2018","AMAR KUMAR SINGH",0,20738
"03-08-2018","PANCHA NAND MANDAL",0,117800
"03-08-2018","PANCHA NAND MANDAL",0,82063
"03-08-2018","SHANKAR MANDAL",0,66656
"03-08-2018","VIJAY ANAND",0,100978
"03-08-2018","OUT CLG SET:MICROUT3/08-03-2018/     9",300112,3335
"03-08-2018","OUT CLG SET:MICROUT3/08-03-2018/     9",3,36183
"03-08-2018","OUT CLG SET:MICROUT3/08-03-2018/     9",252355,2432
"03-08-2018","OUT CLG SET:MICROUT3/08-03-2018/     9",33,3457
"03-08-2018","OUT CLG SET:MICROUT3/08-03-2018/     9",154037,9439
"03-08-2018","OUT CLG SET:MICROUT3/08-03-2018/     9",20,79064
"03-08-2018","OUT CLG SET:MICROUT3/08-03-2018/     9",1149,6298
"03-08-2018","OUT CLG SET:MICROUT3/08-03-2018/     9",99893,2700
"03-08-2018","OUT CLG SET:MICROUT3/08-03-2018/     9",430587,5384
"03-08-2018","OUT CLG SET:MICROUT3/08-03-2018/     9",79237,6005
"03-08-2018","OUT CLG SET:MICROUT3/08-03-2018/     9",30,17372
"03-08-2018","OUT CLG SET:MICROUT3/08-03-2018/     9",718308,7671
"03-08-2018","OUT CLG SET:MICROUT3/08-03-2018/    10",802545,3270
"03-08-2018","OUT CLG SET:MICROUT3/08-03-2018/    10",592443,24020
"03-08-2018","OUT CLG SET:MICROUT3/08-03-2018/    10",9181,38688
"03-08-2018","OUT CLG SET:MICROUT3/08-03-2018/    10",196074,16366
"03-08-2018","OUT CLG SET:MICROUT3/08-03-2018/    10",764493,4989
"03-08-2018","OUT CLG SET:MICROUT3/08-03-2018/    10",59425,20000
"03-08-2018","OUT CLG SET:MICROUT3/08-03-2018/    10",17422,8660
"03-08-2018","OUT CLG SET:MICROUT3/08-03-2018/    10",17424,24260
"03-08-2018","OUT CLG SET:MICROUT3/08-03-2018/    10",371038,10485
"03-08-2018","OUT CLG SET:MICROUT3/08-03-2018/    10",185759,23569
"03-08-2018","OUT CLG SET:MICROUT3/08-03-2018/     1",86225,35377
"03-08-2018","OUT CLG SET:MICROUT3/08-03-2018/     1",8448,22093
"03-08-2018","OUT CLG SET:MICROUT3/08-03-2018/     1",8447,45358
"03-08-2018","OUT CLG SET:MICROUT3/08-03-2018/     1",8446,18828
"03-08-2018","OUT CLG SET:MICROUT3/08-03-2018/     2",293393,2651
"03-08-2018","OUT CLG SET:MICROUT3/08-03-2018/     2",474,12010
"03-08-2018","OUT CLG SET:MICROUT3/08-03-2018/     2",714910,12010
"03-08-2018","OUT CLG SET:MICROUT3/08-03-2018/     2",7571,1225
"03-08-2018","OUT CLG SET:MICROUT3/08-03-2018/     2",274169,6336
"03-08-2018","OUT CLG SET:MICROUT3/08-03-2018/     2",422091,11399
"03-08-2018","OUT CLG SET:MICROUT3/08-03-2018/     2",302998,1516
"03-08-2018","OUT CLG SET:MICROUT3/08-03-2018/     2",686253,13871
"03-08-2018","OUT CLG SET:MICROUT3/08-03-2018/     2",584805,11212
"03-08-2018","OUT CLG SET:MICROUT3/08-03-2018/     2",606100,42943
"03-08-2018","OUT CLG SET:MICROUT3/08-03-2018/     2",87074,14093
"03-08-2018","OUT CLG SET:MICROUT3/08-03-2018/     2",285490,3492
"03-08-2018","OUT CLG SET:MICROUT3/08-03-2018/     3",571539,23126
"03-08-2018","OUT CLG SET:MICROUT3/08-03-2018/     3",282636,27996
"03-08-2018","OUT CLG SET:MICROUT3/08-03-2018/     3",579027,4783
"03-08-2018","OUT CLG SET:MICROUT3/08-03-2018/     3",169175,2550
"03-08-2018","OUT CLG SET:MICROUT3/08-03-2018/     3",24571,46187
"03-08-2018","OUT CLG SET:MICROUT3/08-03-2018/     3",390546,3534
"03-08-2018","OUT CLG SET:MICROUT3/08-03-2018/     3",390548,8799
"03-08-2018","OUT CLG SET:MICROUT3/08-03-2018/     3",390547,6923
"03-08-2018","OUT CLG SET:MICROUT3/08-03-2018/     3",20927,6979
"03-08-2018","OUT CLG SET:MICROUT3/08-03-2018/     3",9808,7183
"03-08-2018","OUT CLG SET:MICROUT3/08-03-2018/     3",253,7240
"03-08-2018","OUT CLG SET:MICROUT3/08-03-2018/     3",252,2544
"03-08-2018","OUT CLG SET:MICROUT3/08-03-2018/     3",99731,589
"03-08-2018","OUT CLG SET:MICROUT3/08-03-2018/    18",679851,3143
"03-08-2018","OUT CLG SET:MICROUT3/08-03-2018/    18",215843,1225
"03-08-2018","OUT CLG SET:MICROUT3/08-03-2018/    19",523495,13220
"03-08-2018","OUT CLG SET:MICROUT3/08-03-2018/    19",321028,24020
"03-08-2018","OUT CLG SET:MICROUT3/08-03-2018/    20",294300,12010
"03-08-2018","OUT CLG SET:MICROUT3/08-03-2018/    10",699325,10011
"03-08-2018","OUT CLG SET:MICROUT3/08-03-2018/    10",335976,16395
"03-08-2018","OUT CLG SET:MICROUT3/08-03-2018/    11",839096,706
"03-08-2018","OUT CLG SET:MICROUT3/08-03-2018/    12",1148,7599
"03-08-2018","OUT CLG SET:MICROUT3/08-03-2018/    12",323298,17631
"03-08-2018","OUT CLG SET:MICROUT3/08-03-2018/    12",467713,60426
"03-08-2018","OUT CLG SET:MICROUT3/08-03-2018/    12",6214,164574
"03-08-2018","OUT CLG SET:MICROUT3/08-03-2018/    12",674857,24020
"03-08-2018","OUT CLG SET:MICROUT3/08-03-2018/    12",35603,25302
"03-08-2018","OUT CLG SET:MICROUT3/08-03-2018/    12",529301,7775
"03-08-2018","OUT CLG SET:MICROUT3/08-03-2018/    12",27154,25952
"03-08-2018","OUT CLG SET:MICROUT3/08-03-2018/    12",533263,4795
"03-08-2018","OUT CLG SET:MICROUT3/08-03-2018/    12",423841,6850
"03-08-2018","OUT CLG SET:MICROUT3/08-03-2018/    12",513630,3934
"03-08-2018","OUT CLG SET:MICROUT3/08-03-2018/    13",386322,3282
"03-08-2018","OUT CLG SET:MICROUT3/08-03-2018/    13",63352,8526
"03-08-2018","OUT CLG SET:MICROUT3/08-03-2018/    13",63351,12130
"03-08-2018","OUT CLG SET:MICROUT3/08-03-2018/    13",647940,2576
"03-08-2018","OUT CLG SET:MICROUT3/08-03-2018/    13",856792,23061
"03-08-2018","OUT CLG SET:MICROUT3/08-03-2018/    13",530232,40322
"03-08-2018","OUT CLG SET:MICROUT3/08-03-2018/    13",8449,60184
"03-08-2018","OUT CLG SET:MICROUT3/08-03-2018/    13",495940,12906
"03-08-2018","OUT CLG SET:MICROUT3/08-03-2018/    13",350706,4270
"03-08-2018","OUT CLG SET:MICROUT3/08-03-2018/    13",319150,33740
"03-08-2018","OUT CLG SET:MICROUT3/08-03-2018/    13",540024,7438
"03-08-2018","OUT CLG SET:MICROUT3/08-03-2018/    13",258710,12880
"03-08-2018","OUT CLG SET:MICROUT3/08-03-2018/    14",390155,13884
"03-08-2018","OUT CLG SET:MICROUT3/08-03-2018/    14",824831,35397
"03-08-2018","OUT CLG SET:MICROUT3/08-03-2018/    14",610714,4543
"03-08-2018","OUT CLG SET:MICROUT3/08-03-2018/    14",610715,13440
"03-08-2018","OUT CLG SET:MICROUT3/08-03-2018/    14",239,6410
"03-08-2018","OUT CLG SET:MICROUT3/08-03-2018/    14",410445,15544
"03-08-2018","OUT CLG SET:MICROUT3/08-03-2018/    14",63739,8269
"03-08-2018","OUT CLG SET:MICROUT3/08-03-2018/    14",503659,5981
"03-08-2018","OUT CLG SET:MICROUT3/08-03-2018/    14",271362,7865
"03-08-2018","OUT CLG SET:MICROUT3/08-03-2018/    14",839095,705
"03-08-2018","OUT CLG SET:MICROUT3/08-03-2018/    14",54707,6530
"03-08-2018","OUT CLG SET:MICROUT3/08-03-2018/    14",424378,9766
"03-08-2018","OUT CLG SET:MICROUT3/08-03-2018/    14",386321,9608
"03-08-2018","OUT CLG SET:MICROUT3/08-03-2018/    15",606684,17932
"03-08-2018","OUT CLG SET:MICROUT3/08-03-2018/    16",263615,5974
"03-08-2018","OUT CLG SET:MICROUT3/08-03-2018/    16",661145,6005
"03-08-2018","OUT CLG SET:MICROUT3/08-03-2018/    16",560983,601
"03-08-2018","OUT CLG SET:MICROUT3/08-03-2018/    16",455750,35523
"03-08-2018","OUT CLG SET:MICROUT3/08-03-2018/    16",499170,50954
"03-08-2018","OUT CLG SET:MICROUT3/08-03-2018/    16",478315,8140
"03-08-2018","OUT CLG SET:MICROUT3/08-03-2018/    16",521104,7156
"03-08-2018","OUT CLG SET:MICROUT3/08-03-2018/    16",478318,31752
"03-08-2018","OUT CLG SET:MICROUT3/08-03-2018/    16",950565,25230
"03-08-2018","OUT CLG SET:MICROUT3/08-03-2018/    16",541321,10639
"03-08-2018","OUT CLG SET:MICROUT3/08-03-2018/    17",500055,8324
"03-08-2018","OUT CLG SET:MICROUT3/08-03-2018/    17",701854,3629
"03-08-2018","OUT CLG SET:MICROUT3/08-03-2018/    17",1433,78173
"03-08-2018","OUT CLG SET:MICROUT3/08-03-2018/    17",667102,12204
"03-08-2018","OUT CLG SET:MICROUT3/08-03-2018/    18",560984,4823
"03-08-2018","OUT CLG SET:MICROUT3/08-03-2018/    18",791159,1225
"03-08-2018","OUT CLG SET:MICROUT3/08-03-2018/    18",70,10000
"03-08-2018","OUT CLG SET:MICROUT3/08-03-2018/    18",1178,45481
"03-08-2018","OUT CLG SET:MICROUT3/08-03-2018/    18",16808,55345
"03-08-2018","OUT CLG SET:MICROUT3/08-03-2018/    18",22901,1131
"03-08-2018","OUT CLG SET:MICROUT3/08-03-2018/    18",22303,766
"03-08-2018","OUT CLG SET:MICROUT3/08-03-2018/    18",231810,9335
"03-08-2018","OUT CLG SET:MICROUT3/08-03-2018/    18",751096,12010
"03-08-2018","OUT CLG SET:MICROUT3/08-03-2018/    18",671727,2162
"03-08-2018","OUT CLG SET:MICROUT3/08-03-2018/     4",811766,12483
"03-08-2018","OUT CLG SET:MICROUT3/08-03-2018/     4",85261,5478
"03-08-2018","OUT CLG SET:MICROUT3/08-03-2018/     4",571503,2353
"03-08-2018","OUT CLG SET:MICROUT3/08-03-2018/     5",291702,4220
"03-08-2018","OUT CLG SET:MICROUT3/08-03-2018/     6",953358,18799
"03-08-2018","OUT CLG SET:MICROUT3/08-03-2018/     6",177421,2096
"03-08-2018","OUT CLG SET:MICROUT3/08-03-2018/     6",47950,7983
"03-08-2018","OUT CLG SET:MICROUT3/08-03-2018/     6",980029,41984
"03-08-2018","OUT CLG SET:MICROUT3/08-03-2018/     6",1,132873
"03-08-2018","OUT CLG SET:MICROUT3/08-03-2018/     6",437511,12670
"03-08-2018","OUT CLG SET:MICROUT3/08-03-2018/     6",139016,3857
"03-08-2018","OUT CLG SET:MICROUT3/08-03-2018/     6",35512,12707
"03-08-2018","OUT CLG SET:MICROUT3/08-03-2018/     6",257844,68100
"03-08-2018","OUT CLG SET:MICROUT3/08-03-2018/     6",228661,7809
"03-08-2018","OUT CLG SET:MICROUT3/08-03-2018/     6",928017,6747
"03-08-2018","OUT CLG SET:MICROUT3/08-03-2018/     6",859654,19722
"03-08-2018","OUT CLG SET:MICROUT3/08-03-2018/     7",852135,18057
"03-08-2018","OUT CLG SET:MICROUT3/08-03-2018/     7",135348,12552
"03-08-2018","OUT CLG SET:MICROUT3/08-03-2018/     7",1449,21835
"03-08-2018","OUT CLG SET:MICROUT3/08-03-2018/     7",652568,1238
"03-08-2018","OUT CLG SET:MICROUT3/08-03-2018/     7",510208,4027
"03-08-2018","OUT CLG SET:MICROUT3/08-03-2018/     7",510209,4134
"03-08-2018","OUT CLG SET:MICROUT3/08-03-2018/     7",996914,10412
"03-08-2018","OUT CLG SET:MICROUT3/08-03-2018/     7",452828,9187
"03-08-2018","OUT CLG SET:MICROUT3/08-03-2018/     7",704295,12845
"03-08-2018","OUT CLG SET:MICROUT3/08-03-2018/     7",45492,24169
"03-08-2018","OUT CLG SET:MICROUT3/08-03-2018/     7",25,1985
"03-08-2018","OUT CLG SET:MICROUT3/08-03-2018/     7",922270,24726
"03-08-2018","OUT CLG SET:MICROUT3/08-03-2018/     7",953359,22127
"03-08-2018","OUT CLG SET:MICROUT3/08-03-2018/     8",9867,30391
"03-08-2018","OUT CLG SET:MICROUT3/08-03-2018/     8",43246,7817
"03-08-2018","OUT CLG SET:MICROUT3/08-03-2018/     8",61568,5137
"03-08-2018","OUT CLG SET:MICROUT3/08-03-2018/     8",17092,37460
"03-08-2018","OUT CLG SET:MICROUT3/08-03-2018/     8",7206,6833
"03-08-2018","OUT CLG SET:MICROUT3/08-03-2018/     8",263614,7397
"03-08-2018","OUT CLG SET:MICROUT3/08-03-2018/     8",231808,8740
"03-08-2018","OUT CLG SET:MICROUT3/08-03-2018/     8",273336,1991
"03-08-2018","OUT CLG SET:MICROUT3/08-03-2018/     8",107858,9330
"03-08-2018","OUT CLG SET:MICROUT3/08-03-2018/     8",575760,10024
"03-08-2018","OUT CLG SET:MICROUT3/08-03-2018/     8",454922,28576
"03-08-2018","OUT CLG SET:MICROUT3/08-03-2018/     8",454923,26986
"03-08-2018","OUT CLG SET:MICROUT3/08-03-2018/     4",760079,2135
"03-08-2018","OUT CLG SET:MICROUT3/08-03-2018/     4",862289,6065
"03-08-2018","OUT CLG SET:MICROUT3/08-03-2018/     4",527235,6135
"03-08-2018","OUT CLG SET:MICROUT3/08-03-2018/     4",527233,6135
"03-08-2018","OUT CLG SET:MICROUT3/08-03-2018/     4",973348,7900
"03-08-2018","OUT CLG SET:MICROUT3/08-03-2018/     4",782999,7910
"03-08-2018","OUT CLG SET:MICROUT3/08-03-2018/     4",899777,9067
"03-08-2018","OUT CLG SET:MICROUT3/08-03-2018/     4",661982,11261
"03-08-2018","OUT CLG SET:MICROUT3/08-03-2018/     4",110358,30025
"03-08-2018","OUT CLG SET:MICROUT3/08-03-2018/     4",97110,45339
"03-08-2018","CMS/LICHO/CASH/523   /21680206",0,2369825
"03-08-2018","OUT CLG SET:MICROUT3/08-03-2018/     8",231809,3210
"03-09-2018","BY CLG /ZN MICROUT SET",191140,25735
"03-09-2018","BY CLG /ZN MICROUT SET",424378,9766
"03-09-2018","PAY SLIP NO-5327",529473,3772
"03-09-2018","PAY SLIP NO-5327",75039,34557
"03-09-2018","PAY SLIP NO-5327",397302,18600
"03-09-2018","PAY SLIP NO-5327",571605,33033
"03-09-2018","PAY SLIP NO-5327",175452,20878
"03-09-2018","PAY SLIP NO-5327",16923,8557
"03-09-2018","PAY SLIP NO-5327",1515,32520
"03-09-2018","PAY SLIP NO-5327",546173,22993
"03-09-2018","PAY SLIP NO-5327",270520,5340
"03-09-2018","PAY SLIP NO-5327",179759,23996
"03-09-2018","PAY SLIP NO-5327",528780,9089
"03-09-2018","PAY SLIP NO-5327",960584,16190
"03-09-2018","PAY SLIP NO-5327",38653,24997
"03-09-2018","BRN-CLG-MULTIPLE CHEQUES",1257,24186
"03-09-2018","BRN-CLG-MULTIPLE CHEQUES",713396,9500
"03-09-2018","BRN-CLG-MULTIPLE CHEQUES",357183,4781
"03-09-2018","BRN-CLG-MULTIPLE CHEQUES",561519,13806
"03-09-2018","BRN-CLG-MULTIPLE CHEQUES",540374,9608
"03-09-2018","BRN-CLG-MULTIPLE CHEQUES",374111,35166
"03-09-2018","BRN-CLG-MULTIPLE CHEQUES",280783,5148
"03-09-2018","BRN-CLG-MULTIPLE CHEQUES",19344,23066
"03-09-2018","PAY SLIP NO-5330",32,12546
"03-09-2018","PAY SLIP NO-5330",840334,9550
"03-09-2018","PAY SLIP NO-5330",67,6691
"03-09-2018","PAY SLIP NO-5330",14,24320
"03-09-2018","PAY SLIP NO-5330",47952,10376
"03-09-2018","PAY SLIP NO-5330",300658,49716
"03-09-2018","PAY SLIP NO-5330",161524,11240
"03-09-2018","PAY SLIP NO-5330",881779,7682
"03-09-2018","PAY SLIP NO-5330",138409,6222
"03-09-2018","PAY SLIP NO-5330",545063,36120
"03-09-2018","PAY SLIP NO-5330",216165,12216
"03-09-2018","PAY SLIP NO-5330",218407,14145
"03-09-2018","PAY SLIP NO-5330",269821,35056
"03-09-2018","PAY SLIP NO-5329",886964,11079
"03-09-2018","PAY SLIP NO-5329",1282,4415
"03-09-2018","PAY SLIP NO-5329",960505,6979
"03-09-2018","PAY SLIP NO-5329",627230,8075
"03-09-2018","PAY SLIP NO-5329",670313,6443
"03-09-2018","PAY SLIP NO-5329",924917,3062
"03-09-2018","PAY SLIP NO-5329",106559,8645
"03-09-2018","PAY SLIP NO-5329",788964,27939
"03-09-2018","PAY SLIP NO-5329",767932,24543
"03-09-2018","PAY SLIP NO-5329",359362,10912
"03-09-2018","PAY SLIP NO-5329",548755,35146
"03-09-2018","PAY SLIP NO-5329",794700,10000
"03-09-2018","PAY SLIP NO-5329",72,9050
"03-09-2018","PAY SLIP NO-5328",10351,13969
"03-09-2018","PAY SLIP NO-5328",94000,7406
"03-09-2018","PAY SLIP NO-5328",225320,3484
"03-09-2018","PAY SLIP NO-5328",64638,5589
"03-09-2018","PAY SLIP NO-5328",507578,3500
"03-09-2018","PAY SLIP NO-5328",35711,5348
"03-09-2018","PAY SLIP NO-5328",397878,13245
"03-09-2018","PAY SLIP NO-5328",21229,15613
"03-09-2018","PAY SLIP NO-5328",982010,34292
"03-09-2018","PAY SLIP NO-5328",88590,26474
"03-09-2018","PAY SLIP NO-5328",531131,25489
"03-09-2018","PAY SLIP NO-5328",531132,12221
"03-09-2018","PAY SLIP NO-5328",555508,14402
"03-09-2018","PAY SLIP NO-5326",397524,8896
"03-09-2018","PAY SLIP NO-5336",207535,1678
"03-09-2018","PAY SLIP NO-5336",792199,3062
"03-09-2018","PAY SLIP NO-5336",792197,28844
"03-09-2018","PAY SLIP NO-5336",68885,29619
"03-09-2018","PAY SLIP NO-5336",534950,1607
"03-09-2018","PAY SLIP NO-5336",114622,2637
"03-09-2018","PAY SLIP NO-5336",239876,11812
"03-09-2018","PAY SLIP NO-5336",768475,18951
"03-09-2018","PAY SLIP NO-5336",611797,11902
"03-09-2018","PAY SLIP NO-5336",663833,11706
"03-09-2018","PAY SLIP NO-5336",19859,11706
"03-09-2018","PAY SLIP NO-5336",57232,16893
"03-09-2018","PAY SLIP NO-5336",57233,19235
"03-09-2018","PAY SLIP NO-5335",951235,2252
"03-09-2018","PAY SLIP NO-5335",71574,10874
"03-09-2018","PAY SLIP NO-5335",71575,12010
"03-09-2018","PAY SLIP NO-5335",42885,3564
"03-09-2018","PAY SLIP NO-5335",253605,6436
"03-09-2018","PAY SLIP NO-5335",495979,33628
"03-09-2018","PAY SLIP NO-5335",455324,25482
"03-09-2018","PAY SLIP NO-5335",913484,5191
"03-09-2018","PAY SLIP NO-5335",63590,20437
"03-09-2018","PAY SLIP NO-5335",4848,4329
"03-09-2018","PAY SLIP NO-5335",772476,829
"03-09-2018","PAY SLIP NO-5335",660010,7507
"03-09-2018","PAY SLIP NO-5335",7805,6089
"03-09-2018","PAY SLIP NO-5334",490286,18682
"03-09-2018","PAY SLIP NO-5334",59752,26667
"03-09-2018","PAY SLIP NO-5334",59751,27328
"03-09-2018","PAY SLIP NO-5334",170376,16781
"03-09-2018","PAY SLIP NO-5334",415,1221
"03-09-2018","PAY SLIP NO-5334",7982,6100
"03-09-2018","PAY SLIP NO-5334",403330,3205
"03-09-2018","PAY SLIP NO-5334",421164,7347
"03-09-2018","PAY SLIP NO-5334",705421,7842
"03-09-2018","PAY SLIP NO-5334",563651,3006
"03-09-2018","PAY SLIP NO-5334",421165,33776
"03-09-2018","PAY SLIP NO-5334",35710,7602
"03-09-2018","PAY SLIP NO-5334",843585,6295
"03-09-2018","PAY SLIP NO-5333",575577,1773
"03-09-2018","PAY SLIP NO-5333",8579,35122
"03-09-2018","PAY SLIP NO-5333",16387,36030
"03-09-2018","PAY SLIP NO-5333",342156,22238
"03-09-2018","PAY SLIP NO-5333",718355,34196
"03-09-2018","PAY SLIP NO-5333",780313,3420
"03-09-2018","PAY SLIP NO-5333",877503,5849
"03-09-2018","PAY SLIP NO-5333",609410,5000
"03-09-2018","PAY SLIP NO-5333",840979,38110
"03-09-2018","PAY SLIP NO-5333",309207,6818
"03-09-2018","PAY SLIP NO-5333",11018,8602
"03-09-2018","PAY SLIP NO-5333",625395,10030
"03-09-2018","PAY SLIP NO-5332",3232,12010
"03-09-2018","PAY SLIP NO-5332",3231,24020
"03-09-2018","PAY SLIP NO-5332",668813,28808
"03-09-2018","PAY SLIP NO-5332",668814,12010
"03-09-2018","PAY SLIP NO-5332",682836,49153
"03-09-2018","BRN-CLG-MULTIPLE CHEQUES",319533,31365
"03-09-2018","BRN-CLG-MULTIPLE CHEQUES",495157,8593
"03-09-2018","BRN-CLG-MULTIPLE CHEQUES",537914,12010
"03-09-2018","CMS/LICHO/CASH/523   /1680278",0,2584169
"03-12-2018","CMS/LICHO/CASH/523   /1680279",0,3438930
"13-03-2018","SAURAV KUMAR",0,16672
"13-03-2018","SURJIT KUMAR",0,3660
"13-03-2018","CMS/LICHO/CASH/523   /21680280",0,2923500
"14-03-2018","PAY SLIP NO-5344",32001,24120
"14-03-2018","PAY SLIP NO-5344",518089,6380
"14-03-2018","PAY SLIP NO-5344",292874,1425
"14-03-2018","PAY SLIP NO-5344",337073,5401
"14-03-2018","PAY SLIP NO-5344",754867,2910
"14-03-2018","PAY SLIP NO-5344",140402,15719
"14-03-2018","PAY SLIP NO-5344",708574,8691
"14-03-2018","PAY SLIP NO-5344",271289,15132
"14-03-2018","PAY SLIP NO-5344",14375,42022
"14-03-2018","PAY SLIP NO-5344",143376,54607
"14-03-2018","PAY SLIP NO-5344",14377,3871
"14-03-2018","PAY SLIP NO-5344",325269,9581
"14-03-2018","PAY SLIP NO-5345",841690,4237
"14-03-2018","PAY SLIP NO-5345",14,23683
"14-03-2018","PAY SLIP NO-5345",974703,15429
"14-03-2018","PAY SLIP NO-5345",974702,10335
"14-03-2018","PAY SLIP NO-5345",486003,5034
"14-03-2018","PAY SLIP NO-5345",397452,3598
"14-03-2018","PAY SLIP NO-5345",2913,30700
"14-03-2018","PAY SLIP NO-5345",1647,1181
"14-03-2018","PAY SLIP NO-5345",1646,3641
"14-03-2018","PAY SLIP NO-5345",609930,6405
"14-03-2018","PAY SLIP NO-5345",682581,5516
"14-03-2018","PAY SLIP NO-5345",813805,4176
"14-03-2018","PAY SLIP NO-5345",813806,588
"14-03-2018","PAY SLIP NO-5346",813804,8491
"14-03-2018","PAY SLIP NO-5346",322442,3700
"14-03-2018","PAY SLIP NO-5346",299283,6708
"14-03-2018","PAY SLIP NO-5346",65128,38673
"14-03-2018","PAY SLIP NO-5346",552597,16000
"14-03-2018","PAY SLIP NO-5346",1,12271
"14-03-2018","PAY SLIP NO-5346",134646,6296
"14-03-2018","PAY SLIP NO-5346",195923,2521
"14-03-2018","PAY SLIP NO-5346",538343,11587
"14-03-2018","PAY SLIP NO-5346",658281,11950
"14-03-2018","PAY SLIP NO-5346",966703,24020
"14-03-2018","PAY SLIP NO-5346",966702,36030
"14-03-2018","PAY SLIP NO-5347",137600,5516
"14-03-2018","PAY SLIP NO-5347",52612,7047
"14-03-2018","PAY SLIP NO-5347",951976,8031
"14-03-2018","PAY SLIP NO-5347",520573,9794
"14-03-2018","PAY SLIP NO-5347",727589,10279
"14-03-2018","PAY SLIP NO-5347",932259,11160
"14-03-2018","PAY SLIP NO-5347",839055,14345
"14-03-2018","PAY SLIP NO-5347",778828,20567
"14-03-2018","PAY SLIP NO-5347",966706,29017
"14-03-2018","PAY SLIP NO-5347",2,30000
"14-03-2018","PAY SLIP NO-5347",966704,30200
"14-03-2018","PAY SLIP NO-5343",841689,8809
"14-03-2018","PAY SLIP NO-5348",937061,8901
"14-03-2018","PAY SLIP NO-5348",625964,18819
"14-03-2018","PAY SLIP NO-5348",111035,9307
"14-03-2018","PAY SLIP NO-5348",67880,3967
"14-03-2018","PAY SLIP NO-5348",950615,39831
"14-03-2018","PAY SLIP NO-5348",950616,2200
"14-03-2018","PAY SLIP NO-5348",143725,4395
"14-03-2018","PAY SLIP NO-5351",619727,16614
"14-03-2018","PAY SLIP NO-5351",71159,23803
"14-03-2018","PAY SLIP NO-5351",128828,4022
"14-03-2018","PAY SLIP NO-5351",436019,3290
"14-03-2018","PAY SLIP NO-5351",876032,5101
"14-03-2018","PAY SLIP NO-5351",917569,8451
"14-03-2018","PAY SLIP NO-5351",73519,6607
"14-03-2018","PAY SLIP NO-5351",75320,27465
"14-03-2018","PAY SLIP NO-5351",73520,34702
"14-03-2018","PAY SLIP NO-5351",514430,13228
"14-03-2018","PAY SLIP NO-5351",514432,7738
"14-03-2018","PAY SLIP NO-5351",484524,16995
"14-03-2018","PAY SLIP NO-5350",9197,13967
"14-03-2018","PAY SLIP NO-5350",943803,56114
"14-03-2018","PAY SLIP NO-5350",18,3603
"14-03-2018","PAY SLIP NO-5350",319509,27773
"14-03-2018","PAY SLIP NO-5350",108,12899
"14-03-2018","PAY SLIP NO-5350",156138,5000
"14-03-2018","PAY SLIP NO-5350",437980,10539
"14-03-2018","PAY SLIP NO-5350",950447,19310
"14-03-2018","PAY SLIP NO-5350",58162,5021
"14-03-2018","PAY SLIP NO-5350",28009,24095
"14-03-2018","PAY SLIP NO-5350",20497,31534
"14-03-2018","PAY SLIP NO-5350",20496,41511
"14-03-2018","PAY SLIP NO-5350",765415,13655
"14-03-2018","PAY SLIP NO-5354",46223,2316
"14-03-2018","PAY SLIP NO-5354",46224,2916
"14-03-2018","PAY SLIP NO-5354",46222,2925
"14-03-2018","PAY SLIP NO-5354",14563,3140
"14-03-2018","PAY SLIP NO-5354",46221,4405
"14-03-2018","PAY SLIP NO-5354",7164,6164
"14-03-2018","PAY SLIP NO-5354",922881,7474
"14-03-2018","PAY SLIP NO-5354",132802,8415
"14-03-2018","PAY SLIP NO-5354",353983,10879
"14-03-2018","PAY SLIP NO-5355",55128,12111
"14-03-2018","PAY SLIP NO-5354",441747,14781
"14-03-2018","PAY SLIP NO-5354",260226,24215
"14-03-2018","PAY SLIP NO-5353",464254,4792
"14-03-2018","PAY SLIP NO-5353",212064,20765
"14-03-2018","PAY SLIP NO-5353",28,17979
"14-03-2018","PAY SLIP NO-5353",758550,47065
"14-03-2018","PAY SLIP NO-5353",367600,21703
"14-03-2018","PAY SLIP NO-5353",367599,21751
"14-03-2018","PAY SLIP NO-5353",4,19693
"14-03-2018","PAY SLIP NO-5353",664432,14802
"14-03-2018","PAY SLIP NO-5353",205773,3884
"14-03-2018","PAY SLIP NO-5353",1675,2655
"14-03-2018","PAY SLIP NO-5353",301178,11362
"14-03-2018","PAY SLIP NO-5353",866139,11421
"14-03-2018","PAY SLIP NO-5353",758180,6065
"14-03-2018","PAY SLIP NO-5352",357858,2712
"14-03-2018","PAY SLIP NO-5352",247106,29893
"14-03-2018","PAY SLIP NO-5352",29762,9625
"14-03-2018","PAY SLIP NO-5352",9223,40809
"14-03-2018","PAY SLIP NO-5352",16273,12253
"14-03-2018","PAY SLIP NO-5352",258978,2338
"14-03-2018","PAY SLIP NO-5352",18,6160
"14-03-2018","PAY SLIP NO-5352",325679,5187
"14-03-2018","PAY SLIP NO-5352",537269,28191
"14-03-2018","PAY SLIP NO-5352",47087,41915
"14-03-2018","PAY SLIP NO-5352",623079,44867
"14-03-2018","PAY SLIP NO-5352",242893,8874
"14-03-2018","PAY SLIP NO-5396",714727,1244
"14-03-2018","PAY SLIP NO-5396",42176,10375
"14-03-2018","PAY SLIP NO-5396",357821,30501
"14-03-2018","PAY SLIP NO-5396",914918,6035
"14-03-2018","PAY SLIP NO-5396",17708,8439
"14-03-2018","PAY SLIP NO-5396",40267,1571
"14-03-2018","PAY SLIP NO-5396",27226,8019
"14-03-2018","PAY SLIP NO-5396",38837,6664
"14-03-2018","PAY SLIP NO-5396",659067,35431
"14-03-2018","PAY SLIP NO-5396",12583,104019
"14-03-2018","PAY SLIP NO-5396",4667,2545
"14-03-2018","PAY SLIP NO-5396",7034,6125
"14-03-2018","PAY SLIP NO-5396",291729,29764
"14-03-2018","PAY SLIP NO-5343",601446,13129
"14-03-2018","PAY SLIP NO-5343",262668,30316
"14-03-2018","PAY SLIP NO-5343",234593,10665
"14-03-2018","PAY SLIP NO-5343",994821,18512
"14-03-2018","PAY SLIP NO-5343",33072,4447
"14-03-2018","PAY SLIP NO-5343",22735,16535
"14-03-2018","PAY SLIP NO-5343",517060,27371
"14-03-2018","PAY SLIP NO-5391",34674,971
"14-03-2018","PAY SLIP NO-5391",963276,1197
"14-03-2018","PAY SLIP NO-5391",121698,4141
"14-03-2018","PAY SLIP NO-5391",38585,8400
"14-03-2018","PAY SLIP NO-5391",72,11475
"14-03-2018","PAY SLIP NO-5391",284781,12340
"14-03-2018","PAY SLIP NO-5391",609322,13324
"14-03-2018","PAY SLIP NO-5391",197929,15668
"14-03-2018","PAY SLIP NO-5391",736669,19051
"14-03-2018","PAY SLIP NO-5391",499664,26530
"14-03-2018","PAY SLIP NO-5391",357822,44023
"14-03-2018","PAY SLIP 5392",197928,5946
"14-03-2018","PAY SLIP 5392",361724,6065
"14-03-2018","PAY SLIP 5392",99047,7679
"14-03-2018","PAY SLIP 5392",835731,14982
"14-03-2018","PAY SLIP 5392",28955,11026
"14-03-2018","PAY SLIP 5392",105889,26423
"14-03-2018","PAY SLIP 5392",443847,5487
"14-03-2018","PAY SLIP 5392",806983,6005
"14-03-2018","PAY SLIP 5392",180113,24749
"14-03-2018","PAY SLIP 5393",961391,4987
"14-03-2018","PAY SLIP 5393",849204,1516
"14-03-2018","PAY SLIP 5393",99048,2560
"14-03-2018","PAY SLIP 5394",27,3428
"14-03-2018","PAY SLIP 5395",90045,803
"14-03-2018","PAY SLIP 5395",7808,42754
"14-03-2018","PAY SLIP 5395",135833,500
"14-03-2018","PAY SLIP 5395",377070,19216
"14-03-2018","PAY SLIP 5395",857890,12717
"14-03-2018","PAY SLIP 5395",190258,12457
"14-03-2018","PAY SLIP 5395",17942,6511
"14-03-2018","PAY SLIP 5395",8086,11902
"14-03-2018","PAY SLIP 5395",24,13580
"14-03-2018","PAY SLIP 5395",25,14152
"14-03-2018","PAY SLIP 5395",409662,3468
"14-03-2018","PAY SLIP 5395",409663,35578
"14-03-2018","PAY SLIP 5395",714726,16672
"14-03-2018","PAY SLIP 5397",104880,10757
"14-03-2018","PAY SLIP 5397",357388,3300
"14-03-2018","PAY SLIP 5397",451817,18891
"14-03-2018","PAY SLIP 5397",901385,5974
"14-03-2018","PAY SLIP 5397",901386,14237
"14-03-2018","PAY SLIP 5397",61,1454
"14-03-2018","PAY SLIP 5397",62,3109
"14-03-2018","PAY SLIP 5397",872876,6371
"14-03-2018","PAY SLIP 5397",872877,6215
"14-03-2018","PAY SLIP 5397",259782,12625
"14-03-2018","PAY SLIP 5397",5,13679
"14-03-2018","PAY SLIP 5383",933668,20444
"14-03-2018","PAY SLIP 5383",959075,17225
"14-03-2018","PAY SLIP 5383",541105,11179
"14-03-2018","PAY SLIP 5383",48751,766
"14-03-2018","PAY SLIP 5383",561711,7461
"14-03-2018","PAY SLIP 5383",22,9775
"14-03-2018","PAY SLIP 5383",6,46091
"14-03-2018","PAY SLIP 5383",13406,4627
"14-03-2018","PAY SLIP 5383",582355,9175
"14-03-2018","PAY SLIP 5383",259675,19390
"14-03-2018","PAY SLIP 5383",259676,5000
"14-03-2018","PAY SLIP 5383",499952,5000
"14-03-2018","PAY SLIP 5383",756572,26406
"14-03-2018","PAY SLIP 5380",52483,15000
"14-03-2018","PAY SLIP 5380",28,449
"14-03-2018","PAY SLIP 5380",52,4264
"14-03-2018","PAY SLIP 5380",862239,26088
"14-03-2018","PAY SLIP 5380",303121,75643
"14-03-2018","PAY SLIP 5382",103924,1271
"14-03-2018","PAY SLIP 5382",103925,1271
"14-03-2018","PAY SLIP 5382",770478,2725
"14-03-2018","PAY SLIP 5382",788650,3267
"14-03-2018","PAY SLIP 5382",103926,3361
"14-03-2018","PAY SLIP 5382",135336,6305
"14-03-2018","PAY SLIP 5382",44096,8567
"14-03-2018","PAY SLIP 5382",496568,9347
"14-03-2018","PAY SLIP 5382",145394,13111
"14-03-2018","PAY SLIP 5382",748,39838
"14-03-2018","PAY SLIP 5382",42890,81974
"14-03-2018","PAY SLIP 5382",22463,97552
"14-03-2018","PAY SLIP 5381",898869,9307
"14-03-2018","PAY SLIP 5381",923991,13137
"14-03-2018","PAY SLIP 5381",876671,12206
"14-03-2018","PAY SLIP 5381",693464,19082
"14-03-2018","PAY SLIP 5381",728,13789
"14-03-2018","PAY SLIP 5381",121361,921
"14-03-2018","PAY SLIP 5381",212397,18097
"14-03-2018","PAY SLIP 5381",42769,7966
"14-03-2018","PAY SLIP 5381",756830,9958
"14-03-2018","PAY SLIP 5381",11518,3524
"14-03-2018","PAY SLIP 5381",369153,6182
"14-03-2018","PAY SLIP 5381",707549,12418
"14-03-2018","PAY SLIP 5381",8,10782
"14-03-2018","BRN-CLG-MULTIPLE CHEQUES",926495,6581
"14-03-2018","BRN-CLG-MULTIPLE CHEQUES",695855,3792
"14-03-2018","BRN-CLG-MULTIPLE CHEQUES",907440,1619
"14-03-2018","BRN-CLG-MULTIPLE CHEQUES",397525,18200
"14-03-2018","BRN-CLG-MULTIPLE CHEQUES",12358,9869
"14-03-2018","BRN-CLG-MULTIPLE CHEQUES",391179,24522
"14-03-2018","BRN-CLG-MULTIPLE CHEQUES",191002,21050
"14-03-2018","BRN-CLG-MULTIPLE CHEQUES",890160,13707
"14-03-2018","BRN-CLG-MULTIPLE CHEQUES",477180,34546
"14-03-2018","BRN-CLG-MULTIPLE CHEQUES",427658,47548
"14-03-2018","BRN-CLG-MULTIPLE CHEQUES",980370,24508
"14-03-2018","BRN-CLG-MULTIPLE CHEQUES",244218,52820
"14-03-2018","BRN-CLG-MULTIPLE CHEQUES",188010,33578
"14-03-2018","PAY SLIP 5377",345056,4521
"14-03-2018","PAY SLIP 5377",14777,2329
"14-03-2018","PAY SLIP 5377",245866,8521
"14-03-2018","PAY SLIP 5378",783828,21723
"14-03-2018","PAY SLIP 5378",971638,3136
"14-03-2018","PAY SLIP 5378",865625,27027
"14-03-2018","PAY SLIP 5378",901458,20790
"14-03-2018","PAY SLIP 5378",823556,28331
"14-03-2018","PAY SLIP 5378",204244,15934
"14-03-2018","PAY SLIP 5378",37026,18784
"14-03-2018","PAY SLIP 5378",132291,9784
"14-03-2018","PAY SLIP 5378",536773,1048
"14-03-2018","PAY SLIP 5378",422298,14046
"14-03-2018","PAY SLIP 5378",393205,6961
"14-03-2018","PAY SLIP 5378",658764,4534
"14-03-2018","PAY SLIP 5378",8231,13021
"14-03-2018","PAY SLIP 5379",422299,2502
"14-03-2018","PAY SLIP 5379",423917,11702
"14-03-2018","PAY SLIP 5379",671923,6106
"14-03-2018","PAY SLIP 5379",671922,14826
"14-03-2018","PAY SLIP 5379",29412,64912
"14-03-2018","PAY SLIP 5379",413181,13689
"14-03-2018","PAY SLIP 5379",996747,20438
"14-03-2018","PAY SLIP 5379",385920,7357
"14-03-2018","PAY SLIP 5379",385919,4040
"14-03-2018","PAY SLIP 5379",1582,13202
"14-03-2018","PAY SLIP 5379",921584,826
"14-03-2018","PAY SLIP 5379",219024,12130
"14-03-2018","PAY SLIP 5379",32270,12993
"14-03-2018","CMS/LICHO/CASH/523   /21680207",0,2783806
"13-03-2018","LIC OF INDIA",0,180504
"15-03-2018","BRN-CLG-MULTIPLE CHEQUES",779081,459
"15-03-2018","BRN-CLG-MULTIPLE CHEQUES",185064,1605
"15-03-2018","BRN-CLG-MULTIPLE CHEQUES",28488,2024
"15-03-2018","BRN-CLG-MULTIPLE CHEQUES",28487,3277
"15-03-2018","BRN-CLG-MULTIPLE CHEQUES",536043,7322
"15-03-2018","BRN-CLG-MULTIPLE CHEQUES",533555,8806
"15-03-2018","BRN-CLG-MULTIPLE CHEQUES",29,16925
"15-03-2018","BRN-CLG-MULTIPLE CHEQUES",6215,36552
"15-03-2018","BRN-CLG-MULTIPLE CHEQUES",5247,55995
"15-03-2018","BRN-CLG-MULTIPLE CHEQUES",13535,57623
"15-03-2018","PAY SLIP NO-5417",105729,842
"15-03-2018","PAY SLIP NO-5417",35285,1646
"15-03-2018","PAY SLIP NO-5417",102419,2450
"15-03-2018","PAY SLIP NO-5417",895576,15248
"15-03-2018","PAY SLIP NO-5417",43887,21997
"15-03-2018","PAY SLIP NO-5417",18922,26552
"15-03-2018","PAY SLIP NO-5417",327703,27081
"15-03-2018","PAY SLIP NO-5417",895575,39816
"15-03-2018","PAY SLIP NO-5418",82303,3424
"15-03-2018","PAY SLIP NO-5418",4847,5450
"15-03-2018","PAY SLIP NO-5418",303764,5984
"15-03-2018","PAY SLIP NO-5418",638300,6371
"15-03-2018","PAY SLIP NO-5418",965155,6674
"15-03-2018","PAY SLIP NO-5418",386310,7979
"15-03-2018","PAY SLIP NO-5418",638299,13362
"15-03-2018","PAY SLIP NO-5418",11,14070
"15-03-2018","PAY SLIP NO-5418",5,20505
"15-03-2018","PAY SLIP NO-5418",277381,21418
"15-03-2018","PAY SLIP NO-5418",973255,24020
"15-03-2018","PAY SLIP NO-5418",608385,48941
"15-03-2018","PAY SLIP NO-5418",625788,509000
"15-03-2018","PAY SLIP NO-5420",771543,2406
"15-03-2018","PAY SLIP NO-5420",39609,5302
"15-03-2018","PAY SLIP NO-5420",580292,6682
"15-03-2018","PAY SLIP NO-5420",74196,7188
"15-03-2018","PAY SLIP NO-5420",502646,9050
"15-03-2018","PAY SLIP NO-5420",38608,10984
"15-03-2018","PAY SLIP NO-5420",768166,19875
"15-03-2018","PAY SLIP NO-5420",693011,21512
"15-03-2018","PAY SLIP NO-5420",216326,24660
"15-03-2018","PAY SLIP NO-5420",693012,28372
"15-03-2018","PAY SLIP NO-5420",39608,31449
"15-03-2018","PAY SLIP NO-5420",331557,41933
"15-03-2018","PAY SLIP NO-5421",401409,1650
"15-03-2018","PAY SLIP NO-5421",306805,6269
"15-03-2018","PAY SLIP NO-5421",401410,9960
"15-03-2018","PAY SLIP NO-5421",771541,12381
"15-03-2018","PAY SLIP NO-5421",771542,13409
"15-03-2018","PAY SLIP NO-5421",798684,18614
"15-03-2018","PAY SLIP NO-5421",618879,19987
"15-03-2018","PAY SLIP NO-5421",176966,31243
"15-03-2018","PAY SLIP NO-5421",401412,42906
"15-03-2018","PAY SLIP NO-5421",176967,46640
"15-03-2018","PAY SLIP NO-5421",383647,53894
"15-03-2018","PAY SLIP NO-5421",637,80374
"15-03-2018","PAY SLIP NO-5422",857759,1377
"15-03-2018","PAY SLIP NO-5422",474339,1431
"15-03-2018","PAY SLIP NO-5422",775972,3200
"15-03-2018","PAY SLIP NO-5422",899824,6500
"15-03-2018","PAY SLIP NO-5422",58811,7049
"15-03-2018","PAY SLIP NO-5422",65386,9187
"15-03-2018","PAY SLIP NO-5422",806434,9800
"15-03-2018","PAY SLIP NO-5422",806433,9810
"15-03-2018","PAY SLIP NO-5422",44743,10487
"15-03-2018","PAY SLIP NO-5422",845466,11592
"15-03-2018","PAY SLIP NO-5422",833315,12900
"15-03-2018","PAY SLIP NO-5422",846101,13117
"15-03-2018","PAY SLIP NO-5422",863329,132022
"15-03-2018","PAY SLIP NO-5423",44742,2256
"15-03-2018","PAY SLIP NO-5423",58810,2267
"15-03-2018","PAY SLIP NO-5423",83855,45087
"15-03-2018","PAY SLIP NO-5440",883908,1779
"15-03-2018","PAY SLIP NO-5440",8821,4910
"15-03-2018","PAY SLIP NO-5440",355884,5509
"15-03-2018","PAY SLIP NO-5440",502907,7000
"15-03-2018","PAY SLIP NO-5440",340938,8629
"15-03-2018","PAY SLIP NO-5440",10115,9706
"15-03-2018","PAY SLIP NO-5440",495365,12010
"15-03-2018","PAY SLIP NO-5440",672413,12010
"15-03-2018","PAY SLIP NO-5440",74800,26404
"15-03-2018","PAY SLIP NO-5447",593762,4325
"15-03-2018","PAY SLIP NO-5447",495663,4804
"15-03-2018","PAY SLIP NO-5447",159814,6460
"15-03-2018","PAY SLIP NO-5447",58663,10147
"15-03-2018","PAY SLIP NO-5447",860732,11744
"15-03-2018","PAY SLIP NO-5447",744126,12010
"15-03-2018","PAY SLIP NO-5449",1318,1686
"15-03-2018","PAY SLIP NO-5449",295797,2258
"15-03-2018","PAY SLIP NO-5449",53056,2749
"15-03-2018","PAY SLIP NO-5449",602233,4661
"15-03-2018","PAY SLIP NO-5449",8883,6850
"15-03-2018","PAY SLIP NO-5449",1,6901
"15-03-2018","PAY SLIP NO-5449",182345,7638
"15-03-2018","PAY SLIP NO-5449",532841,8057
"15-03-2018","PAY SLIP NO-5449",388601,8808
"15-03-2018","PAY SLIP NO-5449",312,10927
"15-03-2018","PAY SLIP NO-5449",127905,12867
"15-03-2018","PAY SLIP NO-5449",532840,18094
"15-03-2018","PAY SLIP NO-5449",636306,32783
"15-03-2018","PAY SLIP NO-5450",335240,1684
"15-03-2018","PAY SLIP NO-5450",5,3175
"15-03-2018","PAY SLIP NO-5450",986862,3190
"15-03-2018","PAY SLIP NO-5450",165122,4704
"15-03-2018","PAY SLIP NO-5450",4,6326
"15-03-2018","PAY SLIP NO-5450",62994,8500
"15-03-2018","PAY SLIP NO-5450",108833,13584
"15-03-2018","PAY SLIP NO-5450",75547,14715
"15-03-2018","PAY SLIP NO-5450",159056,15165
"15-03-2018","PAY SLIP NO-5450",948141,15365
"15-03-2018","PAY SLIP NO-5450",622262,25908
"15-03-2018","PAY SLIP NO-5450",188523,33041
"15-03-2018","PAY SLIP NO-5450",8,38632
"15-03-2018","PAY SLIP NO-5451",6,13215
"15-03-2018","PAY SLIP NO-5451",529302,18163
"15-03-2018","PAY SLIP NO-5451",31,25000
"15-03-2018","PAY SLIP NO-5452",300198,719
"15-03-2018","PAY SLIP NO-5452",58219,1638
"15-03-2018","PAY SLIP NO-5452",11315,3002
"15-03-2018","PAY SLIP NO-5452",735805,3268
"15-03-2018","PAY SLIP NO-5452",7751,4341
"15-03-2018","PAY SLIP NO-5452",698869,4608
"15-03-2018","PAY SLIP NO-5452",140,5057
"15-03-2018","PAY SLIP NO-5452",951674,6065
"15-03-2018","PAY SLIP NO-5452",177690,12142
"15-03-2018","PAY SLIP NO-5452",244523,16400
"15-03-2018","PAY SLIP NO-5452",500941,18245
"15-03-2018","PAY SLIP NO-5452",698870,19710
"15-03-2018","PAY SLIP NO-5452",76489,23408
"15-03-2018","PAY SLIP NO-5453",882,2650
"15-03-2018","PAY SLIP NO-5453",711746,9036
"15-03-2018","PAY SLIP NO-5453",43562,11710
"15-03-2018","PAY SLIP NO-5453",781276,12007
"15-03-2018","PAY SLIP NO-5453",781273,12010
"15-03-2018","PAY SLIP NO-5453",881,12010
"15-03-2018","PAY SLIP NO-5453",6311,13487
"15-03-2018","PAY SLIP NO-5453",371040,18420
"15-03-2018","PAY SLIP NO-5453",155474,18886
"15-03-2018","PAY SLIP NO-5453",151979,23898
"15-03-2018","PAY SLIP NO-5453",349527,24161
"15-03-2018","PAY SLIP NO-5453",349362,33732
"15-03-2018","PAY SLIP NO-5453",9324,54270
"15-03-2018","PAY SLIP NO-5454",139039,2773
"15-03-2018","PAY SLIP NO-5454",139037,3626
"15-03-2018","PAY SLIP NO-5454",120366,6053
"15-03-2018","PAY SLIP NO-5454",472270,7227
"15-03-2018","PAY SLIP NO-5454",1677,9123
"15-03-2018","PAY SLIP NO-5454",20898,10758
"15-03-2018","PAY SLIP NO-5454",2716,21368
"15-03-2018","PAY SLIP NO-5454",16839,27424
"15-03-2018","PAY SLIP NO-5454",86747,30864
"15-03-2018","PAY SLIP NO-5454",472271,32043
"15-03-2018","PAY SLIP NO-5454",560476,32237
"15-03-2018","PAY SLIP NO-5454",882060,38768
"15-03-2018","PAY SLIP NO-5455",139034,3330
"15-03-2018","PAY SLIP NO-5457",391120,1531
"15-03-2018","PAY SLIP NO-5457",74918,2643
"15-03-2018","PAY SLIP NO-5457",522227,56015
"15-03-2018","PAY SLIP NO-5459",182813,3634
"15-03-2018","PAY SLIP NO-5459",269022,5176
"15-03-2018","PAY SLIP NO-5459",659806,6127
"15-03-2018","PAY SLIP NO-5459",8,6699
"15-03-2018","PAY SLIP NO-5459",529472,6972
"15-03-2018","PAY SLIP NO-5459",277194,9276
"15-03-2018","PAY SLIP NO-5459",719969,15139
"15-03-2018","PAY SLIP NO-5459",57182,20344
"15-03-2018","PAY SLIP NO-5459",667153,24695
"15-03-2018","PAY SLIP NO-5459",989652,29992
"15-03-2018","PAY SLIP NO-5459",137183,41435
"15-03-2018","PAY SLIP NO-5459",157423,43335
"15-03-2018","PAY SLIP NO-5459",136683,48395
"15-03-2018","PAY SLIP NO-5460",607323,419
"15-03-2018","PAY SLIP NO-5460",23,2225
"15-03-2018","PAY SLIP NO-5460",18,3192
"15-03-2018","PAY SLIP NO-5460",259305,5579
"15-03-2018","PAY SLIP NO-5460",222172,6766
"15-03-2018","PAY SLIP NO-5460",15103,6936
"15-03-2018","PRAVIN KUMAR SINHA",0,16509
"15-03-2018","RIZWAN ANSARI",0,6830
"15-03-2018","SHREE NARAYANI HANDLOOM",0,3840
"15-03-2018","SHREE NARAYANI HANDLOOM",0,5326
"15-03-2018","VISHWAJEET KUMAR PANDEY",0,3513
"15-03-2018","VISHWAJEET KUMAR PANDEY",0,12209
"15-03-2018","VISHWAJEET KUMAR PANDEY",0,26483
"15-03-2018","VISHWAJEET KUMAR PANDEY",0,66175
"15-03-2018","VIVEK ANAND",0,26144
"15-03-2018","ZED AAR EXPORTS",0,24020
"15-03-2018","AMIT KUMAR JHA",0,14011
"15-03-2018","CHQ NO-304527",0,6125
"15-03-2018","JYOTI PANDEY",0,60506
"15-03-2018","MONIKA DEVI KEJRIWAL",0,33806
"15-03-2018","MUKESH KUMAR",0,12432
"15-03-2018","PAY SLIP NO-5436",43379,6140
"15-03-2018","PAY SLIP NO-5436",439108,17200
"15-03-2018","PAY SLIP NO-5436",541404,3977
"15-03-2018","PAY SLIP NO-5436",136684,40141
"15-03-2018","PAY SLIP NO-5436",136682,39772
"15-03-2018","PAY SLIP NO-5436",777927,21262
"15-03-2018","PAY SLIP NO-5436",751827,47335
"15-03-2018","PAY SLIP NO-5436",751826,51939
"15-03-2018","PAY SLIP NO-5436",593215,30025
"15-03-2018","PAY SLIP NO-5436",802618,114845
"15-03-2018","PAY SLIP NO-5436",11490,1631
"15-03-2018","PAY SLIP NO-5436",411528,6005
"15-03-2018","PAY SLIP NO-5436",273337,1991
"15-03-2018","PAY SLIP NO-5437",411527,12010
"15-03-2018","PAY SLIP NO-5437",291664,25445
"15-03-2018","PAY SLIP NO-5437",184628,8088
"15-03-2018","PAY SLIP NO-5437",933054,3205
"15-03-2018","PAY SLIP NO-5437",207540,2491
"15-03-2018","PAY SLIP NO-5437",386418,9501
"15-03-2018","PAY SLIP NO-5437",907409,13474
"15-03-2018","PAY SLIP NO-5437",907408,17202
"15-03-2018","PAY SLIP NO-5437",217618,6480
"15-03-2018","PAY SLIP NO-5437",5963,26998
"15-03-2018","PAY SLIP NO-5437",5964,20903
"15-03-2018","PAY SLIP NO-5437",5965,3002
"15-03-2018","PAY SLIP NO-5437",454660,19500
"15-03-2018","PAY SLIP NO-5438",881260,15000
"15-03-2018","PAY SLIP NO-5438",881261,1463
"15-03-2018","PAY SLIP NO-5438",48727,20587
"15-03-2018","PAY SLIP NO-5438",20893,6618
"15-03-2018","PAY SLIP NO-5439",106,11104
"15-03-2018","PAY SLIP NO-5439",687646,3668
"15-03-2018","PAY SLIP NO-5439",573247,14675
"15-03-2018","PAY SLIP NO-5440",695318,19057
"15-03-2018","PAY SLIP NO-5456",827035,10100
"15-03-2018","PAY SLIP NO-5456",391752,2724
"15-03-2018","PAY SLIP NO-5456",747332,19026
"15-03-2018","PAY SLIP NO-5456",461549,19344
"15-03-2018","PAY SLIP NO-5456",57245,7934
"15-03-2018","PAY SLIP NO-5456",498716,1531
"15-03-2018","PAY SLIP NO-5456",14147,10842
"15-03-2018","PAY SLIP NO-5456",444948,3181
"15-03-2018","PAY SLIP NO-5456",17,2304
"15-03-2018","PAY SLIP NO-5456",18,743
"15-03-2018","PAY SLIP NO-5456",332664,13241
"15-03-2018","PAY SLIP NO-5456",630731,5975
"15-03-2018","PAY SLIP NO-5456",208321,1621
"15-03-2018","PAY SLIP NO-5458",716033,8204
"15-03-2018","PAY SLIP NO-5458",60652,15785
"15-03-2018","PAY SLIP NO-5458",458274,5024
"15-03-2018","PAY SLIP NO-5458",154699,60051
"15-03-2018","PAY SLIP NO-5458",856705,27663
"15-03-2018","PAY SLIP NO-5458",470659,21233
"15-03-2018","PAY SLIP NO-5458",397935,2798
"15-03-2018","PAY SLIP NO-5458",17822,57731
"15-03-2018","PAY SLIP NO-5458",130860,7300
"15-03-2018","PAY SLIP NO-5458",919757,19614
"15-03-2018","PAY SLIP NO-5458",105547,7998
"15-03-2018","PAY SLIP NO-5458",338972,2051
"15-03-2018","PAY SLIP NO-5458",25582,2326
"15-03-2018","CMS/LICHO/CASH/523   /21680281",0,2287668
"16-03-2018","PAY SLIP 5480",43250,18972
"16-03-2018","PAY SLIP 5480",719244,3483
"16-03-2018","PAY SLIP 5477",402122,130148
"16-03-2018","PAY SLIP 5477",557287,6350
"16-03-2018","PAY SLIP 5477",839098,1814
"16-03-2018","PAY SLIP 5477",839097,4728
"16-03-2018","PAY SLIP 5477",495561,20490
"16-03-2018","PAY SLIP 5477",215575,17776
"16-03-2018","PAY SLIP 5477",464913,2426
"16-03-2018","PAY SLIP 5477",3212,4157
"16-03-2018","PAY SLIP 5477",132450,55417
"16-03-2018","PAY SLIP 5477",19932,6044
"16-03-2018","PAY SLIP 5477",200780,16971
"16-03-2018","PAY SLIP 5477",373048,72020
"16-03-2018","PAY SLIP 5477",473470,5432
"16-03-2018","PAY SLIP 5478",910126,15489
"16-03-2018","PAY SLIP 5478",601706,4721
"16-03-2018","PAY SLIP 5482",430105,53487
"16-03-2018","PAY SLIP 5482",214466,81430
"16-03-2018","PAY SLIP 5482",843586,8410
"16-03-2018","PAY SLIP 5482",1,30088
"16-03-2018","PAY SLIP 5482",111,15976
"16-03-2018","PAY SLIP 5482",30768,58096
"16-03-2018","PAY SLIP 5482",42958,3901
"16-03-2018","PAY SLIP 5482",9,4345
"16-03-2018","PAY SLIP 5482",248707,14298
"16-03-2018","PAY SLIP 5482",836728,2399
"16-03-2018","PAY SLIP 5482",166308,61175
"16-03-2018","PAY SLIP 5482",166309,62961
"16-03-2018","PAY SLIP 5484",11774,3843
"16-03-2018","PAY SLIP 5484",11773,3344
"16-03-2018","PAY SLIP 5484",11772,3388
"16-03-2018","PAY SLIP 5484",11771,3224
"16-03-2018","PAY SLIP 5484",11770,2557
"16-03-2018","PAY SLIP 5484",210354,65400
"16-03-2018","PAY SLIP 5485",48902,3040
"16-03-2018","PAY SLIP 5485",105638,1208
"16-03-2018","PAY SLIP 5485",23215,20261
"16-03-2018","PAY SLIP 5485",6350,11888
"16-03-2018","PAY SLIP 5485",61002,15484
"16-03-2018","PAY SLIP 5485",307054,9626
"16-03-2018","PAY SLIP 5485",28102,6608
"16-03-2018","PAY SLIP 5485",35,5410
"16-03-2018","PAY SLIP 5485",42804,31092
"16-03-2018","PAY SLIP 5485",574394,17125
"16-03-2018","PAY SLIP 5485",623987,27958
"16-03-2018","PAY SLIP 5485",9,32485
"16-03-2018","PAY SLIP 5485",670979,27993
"16-03-2018","PAY SLIP 5487",8605,133
"16-03-2018","PAY SLIP 5487",4716,243
"16-03-2018","PAY SLIP 5487",3371,979
"16-03-2018","PAY SLIP 5487",30796,1074
"16-03-2018","PAY SLIP 5487",28823,3798
"16-03-2018","PAY SLIP 5487",898431,9095
"16-03-2018","PAY SLIP 5487",500785,9339
"16-03-2018","PAY SLIP 5487",819171,28248
"16-03-2018","PAY SLIP 5487",125666,59376
"16-03-2018","CMS/LICHO/CASH/523   /12068385",0,2942995
"16-03-2018","TRF/ARUN KUMAR TIWARY/TRANSFER",0,304750
"16-03-2018","CHO NO 6803/131095/449527/291162/195972/5304/",0,34910
"16-03-2018","LIC OF INDIA",0,21619
"16-03-2018","LIC OF INDIA",0,5553
"16-03-2018","KAMAL KISHORE SAHU",0,9000
"16-03-2018","ANIL PRASAD SHARMA",0,4076
"16-03-2018","PAY SLIP 5479",516308,4098
"16-03-2018","PAY SLIP 5486",17977,3137
"16-03-2018","PAY SLIP 5486",51,9608
"16-03-2018","PAY SLIP 5486",162993,2412
"16-03-2018","PAY SLIP 5486",595550,45260
"16-03-2018","PAY SLIP 5486",595549,50421
"16-03-2018","PAY SLIP 5486",584892,76160
"16-03-2018","PAY SLIP 5486",584891,55438
"16-03-2018","PAY SLIP 5486",600107,7206
"16-03-2018","PAY SLIP 5486",757209,6071
"16-03-2018","PAY SLIP 5486",643813,10655
"16-03-2018","PAY SLIP 5486",211637,652
"16-03-2018","PAY SLIP 5486",727413,7984
"16-03-2018","PAY SLIP 5480",424354,9411
"16-03-2018","PAY SLIP 5480",734835,4894
"16-03-2018","PAY SLIP 5480",752711,16252
"16-03-2018","PAY SLIP 5480",882200,3397.3
"16-03-2018","PAY SLIP 5480",136594,7571
"16-03-2018","PAY SLIP 5480",136595,1612
"16-03-2018","PAY SLIP 5480",757803,54274
"16-03-2018","PAY SLIP 5480",269623,19832
"16-03-2018","PAY SLIP 5480",924329,29109
"16-03-2018","PAY SLIP 5480",668776,24510
"16-03-2018","PAY SLIP 5480",43249,24176
"16-03-2018","PAY SLIP 5508",106468,7549
"16-03-2018","PAY SLIP 5508",152444,50028
"16-03-2018","PAY SLIP 5508",372631,9608
"16-03-2018","PAY SLIP 5508",39986,18371
"16-03-2018","PAY SLIP 5508",474447,11119
"16-03-2018","PAY SLIP 5507",24741,11480
"16-03-2018","PAY SLIP 5507",53282,12010
"16-03-2018","PAY SLIP 5507",677023,836
"16-03-2018","PAY SLIP 5507",599726,1021
"16-03-2018","PAY SLIP 5507",630378,6695
"16-03-2018","PAY SLIP 5507",244880,3325
"16-03-2018","PAY SLIP 5507",677019,1644
"16-03-2018","PAY SLIP 5507",677021,6215
"16-03-2018","PAY SLIP 5507",859676,6577
"16-03-2018","PAY SLIP 5507",617081,7119
"16-03-2018","PAY SLIP 5507",510161,10879
"16-03-2018","PAY SLIP 5507",134669,3156
"16-03-2018","PAY SLIP 5507",92142,3360
"16-03-2018","PAY SLIP 5506",744350,6065
"16-03-2018","PAY SLIP 5503",108660,15195
"16-03-2018","PAY SLIP 5503",138391,12440
"16-03-2018","PAY SLIP 5503",45110,9141
"16-03-2018","PAY SLIP 5503",15,31956
"16-03-2018","PAY SLIP 5503",123,36563
"16-03-2018","PAY SLIP 5503",473475,6694
"16-03-2018","PAY SLIP 5503",473474,6694
"16-03-2018","PAY SLIP 5503",29044,6474
"16-03-2018","PAY SLIP 5503",296424,17982
"16-03-2018","PAY SLIP 5503",392082,2450
"16-03-2018","PAY SLIP 5503",79744,16249
"16-03-2018","PAY SLIP 5503",670866,3872
"16-03-2018","PAY SLIP 5503",466291,45102
"16-03-2018","PAY SLIP 5501",913248,29156
"16-03-2018","PAY SLIP 5501",607325,4753
"16-03-2018","PAY SLIP 5501",819383,12214
"16-03-2018","PAY SLIP 5501",39092,4830
"16-03-2018","PAY SLIP 5501",821915,9794
"16-03-2018","PAY SLIP 5483",630346,38599
"16-03-2018","PAY SLIP 5483",69989,25239
"16-03-2018","PAY SLIP 5483",139033,1445
"16-03-2018","PAY SLIP 5483",60444,7017
"16-03-2018","PAY SLIP 5483",177337,3180
"16-03-2018","PAY SLIP 5483",139038,3042
"16-03-2018","PAY SLIP 5483",417696,44575
"16-03-2018","PAY SLIP 5483",11061,27677
"16-03-2018","PAY SLIP 5483",403450,44610
"16-03-2018","PAY SLIP 5483",964918,14427
"16-03-2018","PAY SLIP 5483",346313,62592
"16-03-2018","PAY SLIP 5483",11777,12231
"16-03-2018","PAY SLIP 5483",11778,39813
"16-03-2018","PAY SLIP 5481",325685,12123
"16-03-2018","PAY SLIP 5481",903560,54619
"16-03-2018","PAY SLIP 5481",9,5180
"16-03-2018","PAY SLIP 5481",277998,10394
"16-03-2018","PAY SLIP 5481",578410,669
"16-03-2018","PAY SLIP 5481",489114,8458
"16-03-2018","PAY SLIP 5481",556263,5602
"16-03-2018","PAY SLIP 5481",2153,13076
"16-03-2018","PAY SLIP 5481",452092,5088
"16-03-2018","PAY SLIP 5481",881224,13693
"16-03-2018","PAY SLIP 5481",650659,19080
"16-03-2018","PAY SLIP 5481",220170,12521
"16-03-2018","PAY SLIP 5481",8064,23047
"16-03-2018","PAY SLIP 5482",271132,3500
"16-03-2018","PAY SLIP 5504",281299,16738
"16-03-2018","PAY SLIP 5504",164800,4989
"16-03-2018","PAY SLIP 5504",735804,1621
"16-03-2018","PAY SLIP 5504",489106,1295
"16-03-2018","PAY SLIP 5504",489107,1299
"16-03-2018","PAY SLIP 5504",355692,8297
"16-03-2018","PAY SLIP 5504",781632,27326
"16-03-2018","PAY SLIP 5504",884202,10404
"16-03-2018","PAY SLIP 5504",188743,10232
"16-03-2018","PAY SLIP 5504",10013,22240
"16-03-2018","PAY SLIP 5504",72721,16870
"16-03-2018","PAY SLIP 5504",18152,10000
"16-03-2018","PAY  SLIP 5511",511931,45982
"16-03-2018","PAY  SLIP 5511",3,110855
"16-03-2018","PAY  SLIP 5511",705854,110877
"16-03-2018","PAY  SLIP 5511",831001,39186
"16-03-2018","PAY SLIP 5510",152795,3062
"16-03-2018","PAY SLIP 5510",27813,4196
"16-03-2018","PAY SLIP 5510",867616,40624
"16-03-2018","PAY SLIP 5510",396544,2530
"16-03-2018","PAY SLIP 5510",299584,5240
"16-03-2018","PAY SLIP 5510",391135,35000
"16-03-2018","PAY SLIP 5510",470611,5047
"16-03-2018","PAY SLIP 5510",470610,5047
"16-03-2018","PAY SLIP 5510",470609,2853
"16-03-2018","PAY SLIP 5510",988494,2894
"16-03-2018","PAY SLIP 5510",630610,8214
"16-03-2018","PAY SLIP 5510",55100,6115
"16-03-2018","BRN-CLG-MULTIPLE CHEQUES",817331,1238
"16-03-2018","BRN-CLG-MULTIPLE CHEQUES",108654,4355
"16-03-2018","BRN-CLG-MULTIPLE CHEQUES",678115,18907
"16-03-2018","BRN-CLG-MULTIPLE CHEQUES",7807,9827
"16-03-2018","BRN-CLG-MULTIPLE CHEQUES",758271,42754
"16-03-2018","BRN-CLG-MULTIPLE CHEQUES",328716,12712
"16-03-2018","BRN-CLG-MULTIPLE CHEQUES",253678,34461
"16-03-2018","BRN-CLG-MULTIPLE CHEQUES",296153,3435
"16-03-2018","BRN-CLG-MULTIPLE CHEQUES",813766,17196
"16-03-2018","BRN-CLG-MULTIPLE CHEQUES",181162,3032
"16-03-2018","BRN-CLG-MULTIPLE CHEQUES",6,6420
"16-03-2018","PAY SLIP 5508",866474,6070
"16-03-2018","PAY SLIP 5508",412754,3186
"16-03-2018","PAY SLIP 5508",350,34400
"16-03-2018","PAY SLIP 5508",351,44872
"16-03-2018","PAY SLIP 5508",348,16360
